customerID,companyName,contactName,contactTitle,city,country,segment,industry,registrationDate,creditLimit
ALFKI,Alfreds Futterkiste,Maria Anders,Sales Representative,Berlin,Germany,Government,Retail,2019-03-30,232533.45
ANATR,Ana Trujillo Emparedados y helados,Ana Trujillo,Owner,Mexico City,Mexico,Retail,Education,2019-01-28,275405.24
ANTON,Antonio Moreno Taquería,Antonio Moreno,Owner,Mexico City,Mexico,Government,Construction,2018-04-28,244669.15
AROUT,Around the Horn,Thomas Hardy,Sales Representative,London,UK,Small Business,Manufacturing,2019-05-01,281252.89
BERGS,Berglunds snabbköp,Christina Berglund,Order Administrator,Luleå,Sweden,Small Business,Manufacturing,2018-07-29,386731.26
BLAUS,Blauer See Delikatessen,Hanna Moos,Sales Representative,Mannheim,Germany,Small Business,Transportation,2019-05-24,161935.17
BLONP,Blondesddsl père et fils,Frédérique Citeaux,Marketing Manager,Strasbourg,France,Government,Agriculture,2019-09-01,467181.69
BOLID,Bólido Comidas preparadas,Martín Sommer,Owner,Madrid,Spain,Government,Manufacturing,2018-11-19,65327.68
BONAP,Bon app',Laurence Lebihan,Owner,Marseille,France,Retail,Technology,2018-12-28,448401.43
BOTTM,Bottom-Dollar Markets,Elizabeth Lincoln,Accounting Manager,Tsawassen,Canada,Wholesale,Education,2019-11-07,477531.39
BSBEV,B's Beverages,Victoria Ashworth,Sales Representative,London,UK,Small Business,Manufacturing,2019-02-02,25822.91
CACTU,Cactus Comidas para llevar,Patricio Simpson,Sales Agent,Buenos Aires,Argentina,Corporate,Education,2019-02-23,462384.77
CENTC,Centro comercial Moctezuma,Francisco Chang,Marketing Manager,Mexico City,Mexico,Government,Transportation,2018-03-12,110923.47
CHOPS,Chop-suey Chinese,Yang Wang,Owner,Bern,Switzerland,Retail,Manufacturing,2018-10-13,466846.85
COMMI,Comércio Mineiro,Pedro Afonso,Sales Associate,Sao Paulo,Brazil,Government,Retail,2019-01-27,59067.16
CONSH,Consolidated Holdings,Elizabeth Brown,Sales Representative,London,UK,Retail,Healthcare,2019-01-04,125016.73
DRACD,Drachenblut Delikatessen,Sven Ottlieb,Order Administrator,Aachen,Germany,Retail,Healthcare,2019-08-07,320782.56
DUMON,Du monde entier,Janine Labrune,Owner,Nantes,France,Corporate,Hospitality,2018-09-21,209584.18
EASTC,Eastern Connection,Ann Devon,Sales Agent,London,UK,Wholesale,Hospitality,2019-01-04,342190.03
ERNSH,Ernst Handel,Roland Mendel,Sales Manager,Graz,Austria,Small Business,Food & Beverage,2020-05-30,482436.79
FAMIA,Familia Arquibaldo,Aria Cruz,Marketing Assistant,Sao Paulo,Brazil,Small Business,Technology,2018-06-06,328181.93
FISSA,FISSA Fabrica Inter. Salchichas S.A.,Diego Roel,Accounting Manager,Madrid,Spain,Wholesale,Transportation,2020-05-13,327016.65
FOLIG,Folies gourmandes,Martine Rancé,Assistant Sales Agent,Lille,France,Government,Education,2019-02-24,146280.59
FOLKO,Folk och fä HB,Maria Larsson,Owner,Bräcke,Sweden,Corporate,Hospitality,2019-09-21,327887.87
FRANK,Frankenversand,Peter Franken,Marketing Manager,München,Germany,Small Business,Agriculture,2018-11-26,370649.83
FRANR,France restauration,Carine Schmitt,Marketing Manager,Nantes,France,Corporate,Retail,2019-02-02,211853.07
FRANS,Franchi S.p.A.,Paolo Accorti,Sales Representative,Torino,Italy,Small Business,Food & Beverage,2018-04-07,498600.04
FURIB,Furia Bacalhau e Frutos do Mar,Lino Rodriguez,Sales Manager,Lisboa,Portugal,Wholesale,Transportation,2019-02-01,97224.26
GALED,Galería del gastrónomo,Eduardo Saavedra,Marketing Manager,Barcelona,Spain,Government,Food & Beverage,2018-12-31,9587.25
GODOS,Godos Cocina Típica,José Pedro Freyre,Sales Manager,Sevilla,Spain,Retail,Construction,2018-03-13,58113.84
GOURL,Gourmet Lanchonetes,André Fonseca,Sales Associate,Campinas,Brazil,Government,Manufacturing,2020-03-04,229902.79
GREAL,Great Lakes Food Market,Howard Snyder,Marketing Manager,Eugene,USA,Retail,Agriculture,2019-11-11,249486.65
GROSR,GROSELLA-Restaurante,Manuel Pereira,Owner,Caracas,Venezuela,Small Business,Agriculture,2018-07-21,236670.28
HANAR,Hanari Carnes,Mario Pontes,Accounting Manager,Rio de Janeiro,Brazil,Small Business,Hospitality,2019-12-11,168688.63
HILAA,HILARION-Abastos,Carlos Hernández,Sales Representative,San Cristóbal,Venezuela,Wholesale,Manufacturing,2018-03-11,360706.1
HUNGC,Hungry Coyote Import Store,Yoshi Latimer,Sales Representative,Elgin,USA,Corporate,Education,2019-07-31,396429.99
HUNGO,Hungry Owl All-Night Grocers,Patricia McKenna,Sales Associate,Cork,Ireland,Retail,Healthcare,2019-04-29,91869.98
ISLAT,Island Trading,Helen Bennett,Marketing Manager,Cowes,UK,Wholesale,Technology,2018-06-26,260063.93
KOENE,Königlich Essen,Philip Cramer,Sales Associate,Brandenburg,Germany,Corporate,Technology,2019-12-09,336281.65
LACOR,La corne d'abondance,Daniel Tonini,Sales Representative,Versailles,France,Small Business,Retail,2018-11-16,241339.78
LAMAI,La maison d'Asie,Annette Roulet,Sales Manager,Toulouse,France,Small Business,Food & Beverage,2020-05-22,134088.71
LAUGB,Laughing Bacchus Wine Cellars,Yoshi Tannamuri,Marketing Assistant,Vancouver,Canada,Small Business,Transportation,2019-08-11,378109.54
LAZYK,Lazy K Kountry Store,John Steel,Marketing Manager,Walla Walla,USA,Government,Manufacturing,2018-05-15,293318.07
LEHMS,Lehmanns Marktstand,Renate Messner,Sales Representative,Frankfurt a.M.,Germany,Retail,Food & Beverage,2018-04-04,134468.81
LETSS,Let's Stop N Shop,Jaime Yorres,Owner,San Francisco,USA,Government,Healthcare,2018-08-22,35751.54
LILAS,LILA-Supermercado,Carlos González,Accounting Manager,Barquisimeto,Venezuela,Corporate,Transportation,2018-06-08,156869.14
LINOD,LINO-Delicateses,Felipe Izquierdo,Owner,I. de Margarita,Venezuela,Wholesale,Agriculture,2018-05-20,461937.48
LONEP,Lonesome Pine Restaurant,Fran Wilson,Sales Manager,Portland,USA,Government,Hospitality,2019-11-23,321162.11
MAGAA,Magazzini Alimentari Riuniti,Giovanni Rovelli,Marketing Manager,Bergamo,Italy,Government,Education,2018-03-10,309239.6
MAISD,Maison Dewey,Catherine Dewey,Sales Agent,Bruxelles,Belgium,Small Business,Retail,2020-05-16,241700.04
MEREP,Mère Paillarde,Jean Fresnière,Marketing Assistant,Montréal,Canada,Wholesale,Construction,2019-07-27,189944.3
MORGK,Morgenstern Gesundkost,Alexander Feuer,Marketing Assistant,Leipzig,Germany,Retail,Transportation,2019-02-27,379888.51
NORTS,North/South,Simon Crowther,Sales Associate,London,UK,Small Business,Healthcare,2019-05-29,341769.25
OCEAN,Océano Atlántico Ltda.,Yvonne Moncada,Sales Agent,Buenos Aires,Argentina,Retail,Hospitality,2019-06-12,265125.79
OLDWO,Old World Delicatessen,Rene Phillips,Sales Representative,Anchorage,USA,Retail,Education,2019-09-13,43660.85
OTTIK,Ottilies Käseladen,Henriette Pfalzheim,Owner,Köln,Germany,Retail,Hospitality,2020-03-14,35570.23
PARIS,Paris spécialités,Marie Bertrand,Owner,Paris,France,Retail,Agriculture,2019-08-09,105067.61
PERIC,Pericles Comidas clásicas,Guillermo Fernández,Sales Representative,Mexico City,Mexico,Retail,Retail,2020-06-17,86445.89
PICCO,Piccolo und mehr,Georg Pipps,Sales Manager,Salzburg,Austria,Retail,Transportation,2018-10-22,62538.81
PRINI,Princesa Isabel Vinhos,Isabel de Castro,Sales Representative,Lisboa,Portugal,Small Business,Construction,2020-06-03,246969.84
QUEDE,Que Delícia,Bernardo Batista,Accounting Manager,Rio de Janeiro,Brazil,Retail,Transportation,2018-10-16,405302.58
QUEEN,Queen Cozinha,Lúcia Carvalho,Marketing Assistant,Sao Paulo,Brazil,Wholesale,Retail,2019-02-05,259057.68
QUICK,QUICK-Stop,Horst Kloss,Accounting Manager,Cunewalde,Germany,Wholesale,Construction,2019-03-04,33579.71
RANCH,Rancho grande,Sergio Gutiérrez,Sales Representative,Buenos Aires,Argentina,Wholesale,Manufacturing,2019-07-30,363023.64
RATTC,Rattlesnake Canyon Grocery,Paula Wilson,Assistant Sales Representative,Albuquerque,USA,Wholesale,Manufacturing,2019-12-27,409144.35
REGGC,Reggiani Caseifici,Maurizio Moroni,Sales Associate,Reggio Emilia,Italy,Small Business,Construction,2019-06-23,41149.62
RICAR,Ricardo Adocicados,Janete Limeira,Assistant Sales Agent,Rio de Janeiro,Brazil,Wholesale,Education,2018-11-17,351690.51
RICSU,Richter Supermarkt,Michael Holz,Sales Manager,Genève,Switzerland,Retail,Food & Beverage,2018-03-09,467618.49
ROMEY,Romero y tomillo,Alejandra Camino,Accounting Manager,Madrid,Spain,Corporate,Transportation,2019-02-25,20708.76
SANTG,Santé Gourmet,Jonas Bergulfsen,Owner,Stavern,Norway,Wholesale,Retail,2018-02-04,385641.17
SAVEA,Save-a-lot Markets,Jose Pavarotti,Sales Representative,Boise,USA,Wholesale,Education,2018-12-02,496464.02
SEVES,Seven Seas Imports,Hari Kumar,Sales Manager,London,UK,Wholesale,Transportation,2018-09-19,435462.04
SIMOB,Simons bistro,Jytte Petersen,Owner,Kobenhavn,Denmark,Wholesale,Technology,2019-08-11,44723.75
SPECD,Spécialités du monde,Dominique Perrier,Marketing Manager,Paris,France,Retail,Retail,2020-06-09,328499.38
SPLIR,Split Rail Beer & Ale,Art Braunschweiger,Sales Manager,Lander,USA,Government,Hospitality,2018-03-24,93344.45
SUPRD,Suprêmes délices,Pascale Cartrain,Accounting Manager,Charleroi,Belgium,Retail,Technology,2019-06-26,266777.06
THEBI,The Big Cheese,Liz Nixon,Marketing Manager,Portland,USA,Small Business,Food & Beverage,2018-12-17,379308.81
THECR,The Cracker Box,Liu Wong,Marketing Assistant,Butte,USA,Government,Transportation,2019-06-13,338382.43
TOMSP,Toms Spezialitäten,Karin Josephs,Marketing Manager,Münster,Germany,Retail,Technology,2020-05-19,268307.14
TORTU,Tortuga Restaurante,Miguel Angel Paolino,Owner,Mexico City,Mexico,Small Business,Healthcare,2019-11-05,233009.51
TRADH,Tradição Hipermercados,Anabela Domingues,Sales Representative,Sao Paulo,Brazil,Small Business,Manufacturing,2018-02-07,98297.82
TRAIH,Trail's Head Gourmet Provisioners,Helvetius Nagy,Sales Associate,Kirkland,USA,Corporate,Food & Beverage,2020-04-08,405691.7
VAFFE,Vaffeljernet,Palle Ibsen,Sales Manager,Århus,Denmark,Wholesale,Construction,2019-06-05,384196.47
VICTE,Victuailles en stock,Mary Saveley,Sales Agent,Lyon,France,Corporate,Healthcare,2018-06-21,107010.4
VINET,Vins et alcools Chevalier,Paul Henriot,Accounting Manager,Reims,France,Corporate,Construction,2019-07-06,21620.26
WANDK,Die Wandernde Kuh,Rita Müller,Sales Representative,Stuttgart,Germany,Retail,Food & Beverage,2019-04-02,126143.4
WARTH,Wartian Herkku,Pirkko Koskitalo,Accounting Manager,Oulu,Finland,Corporate,Technology,2020-05-22,222286.59
WELLI,Wellington Importadora,Paula Parente,Sales Manager,Resende,Brazil,Retail,Healthcare,2019-02-15,378420.93
WHITC,White Clover Markets,Karl Jablonski,Owner,Seattle,USA,Corporate,Retail,2020-01-09,254428.45
WILMK,Wilman Kala,Matti Karttunen,Owner/Marketing Assistant,Helsinki,Finland,Government,Healthcare,2020-02-02,408814.2
WOLZA,Wolski  Zajazd,Zbyszek Piestrzeniewicz,Owner,Warszawa,Poland,Retail,Education,2020-06-13,290850.03
VGWZN,Thaman Ltd,Balveer Kota,Sales Associate,Bahraich,India,Small Business,Food & Beverage,2021-12-05,141395.94
TEROB,"Moore, Watson and Campbell",George Harper,Order Administrator,Cameronville,Canada,Retail,Technology,2022-03-08,197522.13
KDJTM,Abbott-Wood,Josh Wong,Marketing Manager,Jonathanshire,UK,Small Business,Retail,2022-12-22,202415.16
OZODG,雨林木风计算机传媒有限公司,唐凯,Marketing Manager,淑珍县,China,Small Business,Hospitality,2024-02-04,230945.4
CSEGR,"Quiroga, Leiva and Franco",Sr(a). Mia Valentina Flores,Supply Chain Manager,Formosa,Argentina,Corporate,Hospitality,2018-02-19,228755.13
SOMWI,Gole-Kala,Vedika Handa,Owner,Durgapur,India,Corporate,Healthcare,2019-03-01,963973.68
ZMGPF,Richard-Garcia,Sandy Stephenson,Marketing Manager,Lake Matthewberg,USA,Small Business,Manufacturing,2022-06-23,98262.13
JGNMC,Castro Cirino e Filhos,Eloah Silveira,Logistics Coordinator,Aparecida de Jesus,Brazil,Small Business,Education,2020-09-24,229010.97
KOFDG,Hellwig,Loni Hölzenbecher MBA.,Supply Chain Manager,Pfaffenhofen an der Ilm,Germany,Small Business,Technology,2019-10-17,77322.11
FOGOY,Mckee-Lee,Laura Alexander,Order Administrator,Kimberlyhaven,USA,Corporate,Transportation,2021-12-14,968182.85
MEUES,Proyectos Feliciano-Zedillo,Fidel Amelia Rosales,Operations Manager,San Perla de la Montaña,Mexico,Corporate,Agriculture,2023-05-02,990807.36
NVBVB,Karppinen ry,Helena Tikka,Owner,Rautavaara,Finland,Small Business,Healthcare,2018-09-09,21652.15
FLBQY,Velasquez LLC,Jennifer Sanders,Operations Manager,Joeland,USA,Government,Food & Beverage,2020-10-23,112563.48
ANHZA,Dias S/A,Dra. Lívia Vieira,Logistics Coordinator,Carvalho,Brazil,Government,Retail,2018-04-15,303331.21
DENVG,Horton-Taylor,Joan Smith,Sales Associate,North Jonathanberg,USA,Corporate,Technology,2022-02-11,486047.86
SHVCZ,"Lynch, Henderson and Parsons",Bryan Allen,VP of Purchasing,Brownfort,USA,Wholesale,Hospitality,2022-06-22,318826.77
MQSCV,Schüler GmbH & Co. OHG,Univ.Prof. Claudio Hornich MBA.,VP of Purchasing,Schwabmünchen,Germany,Wholesale,Construction,2020-08-23,733563.69
XXFXR,"Huybrechts, Schepens en Casier CV",Lars Luyten,Supply Chain Manager,Sainte-Marie-Chevigny,Belgium,Small Business,Food & Beverage,2022-02-25,231419.02
HOREW,遠藤水産合同会社,岡本 直子,Owner,三宅島三宅村,Japan,Retail,Construction,2018-02-14,40326.93
VYHOO,Minería MG S.L.,Benita Arregui Ortuño,Sales Associate,Segovia,Spain,Government,Agriculture,2019-04-25,730286.7
DZSNZ,"Shetty, Srinivas and Gopal",Dev Shankar,Owner,Durg,India,Corporate,Healthcare,2019-07-06,846740.92
TYKUA,Young LLC,Molly Matthews-Sharp,Accounting Manager,Smithborough,UK,Wholesale,Transportation,2020-02-23,380687.51
YLRRC,Sölzer GmbH,Betty Koch,Supply Chain Manager,Lippstadt,Germany,Corporate,Healthcare,2023-07-28,727453.11
ESQTI,Morgan-Lopez,Holly Salinas,Purchasing Manager,Lauriechester,USA,Corporate,Manufacturing,2018-08-05,472499.07
CCLON,"Gole, Memon and Nagi",Fariq Narang,Purchasing Manager,Farrukhabad,India,Corporate,Education,2021-05-05,576508.82
UWAKU,"Simmons, Norris and Bell",Sergio Gomez,Logistics Coordinator,Hillton,Canada,Retail,Healthcare,2018-07-25,145130.31
JDHMB,"Sullivan, Palmer and Brady",Andre Allison,Sales Associate,Johnsonland,USA,Corporate,Manufacturing,2019-10-08,510019.75
GGQPF,"Diaz, Reyes and Bradley",Meghan Rush,Purchasing Manager,Scottland,USA,Corporate,Food & Beverage,2022-04-20,951382.29
QUIIV,"Owen, McLean and White",Laura Newman,VP of Purchasing,Westonside,UK,Retail,Retail,2018-11-19,78606.64
SMEKI,Padilla-Lewis,Melissa Lutz,Logistics Coordinator,North Derek,Canada,Government,Transportation,2018-07-22,1938749.86
IHUJY,Russo SPA,Griselda Napolitano-Boccioni,Marketing Manager,Nemi,Italy,Small Business,Agriculture,2024-09-05,49082.17
ASYFU,Ghosh LLC,Jairaj Iyer,Logistics Coordinator,Patiala,India,Corporate,Technology,2023-12-04,689328.77
HGELJ,Ward PLC,Robert Arnold,Operations Manager,North Kylefort,USA,Retail,Transportation,2021-12-09,147649.78
YWKAZ,Oliveira,Davi Lucas Dias,Logistics Coordinator,Machado,Brazil,Retail,Agriculture,2021-06-28,150485.89
CGREP,惠派国际公司网络有限公司,周华,Supply Chain Manager,柳州市,China,Retail,Technology,2020-04-12,241868.73
UCCFT,Stanley Ltd,Debra May,Procurement Specialist,Jasonview,UK,Small Business,Construction,2019-06-22,59152.78
MRRDZ,Höfig,Luigi Jähn-Schmiedecke,Operations Manager,Nürtingen,Germany,Corporate,Technology,2022-10-21,924520.17
VSJIU,"David, Moore and Hopkins",Lisa Kirby,Procurement Specialist,Port Michelleland,USA,Small Business,Transportation,2018-05-05,28917.64
LBBSA,"Wise, Baker and Clark",Lisa Johnson,Order Administrator,Dawnport,Australia,Small Business,Retail,2021-08-14,232831.0
NOILM,"Sullivan, Chavez and Barker",Jason Marshall,Sales Associate,Catherinemouth,Australia,Small Business,Retail,2024-06-15,161917.32
APFPK,Wagner Kaul GmbH,Raimund Koch II-Pieper,Logistics Coordinator,Herzberg,Germany,Corporate,Manufacturing,2019-10-24,764709.22
BCWEI,Inmobiliaria MFP S.Com.,Hortensia Diana Cuesta Morán,Operations Manager,Cantabria,Spain,Corporate,Transportation,2023-09-20,551329.27
PPPJV,Serrato y Robles S.C.,Miriam Agustín Bustamante Orozco,Supply Chain Manager,San Fabiola de la Montaña,Mexico,Corporate,Manufacturing,2022-05-16,922748.45
RIGDJ,Williams Group,Sarah Chambers,Sales Representative,Amandaville,Canada,Small Business,Technology,2021-03-25,151124.33
KMNXY,Siqueira,Dr. Luiz Otávio Aparecida,Sales Representative,Aragão Verde,Brazil,Small Business,Transportation,2022-03-18,75764.52
VQWYM,Tran-Jones,Pamela Ramirez,Marketing Manager,East Theresafurt,USA,Wholesale,Agriculture,2020-10-18,391442.56
RKVMC,Pascal,Claire Philippe,Owner,Grégoire-sur-Maréchal,France,Wholesale,Healthcare,2021-09-30,236765.18
NELTT,Thomas Ltd,Dr Jayne Murphy,Procurement Specialist,West Molly,UK,Small Business,Construction,2020-05-21,32980.63
VJVBS,Mistry-Nayar,Chandani Soman,Procurement Specialist,Arrah,India,Corporate,Technology,2020-06-25,147295.62
THZLJ,Soluciones PUTG S.Coop.,Nacio Goñi-Aznar,Purchasing Manager,Cáceres,Spain,Small Business,Hospitality,2021-12-05,195029.75
VPJSQ,"Harvey, Randall and Hernandez",Amanda Vaughan,Sales Representative,East Andrewmouth,USA,Small Business,Healthcare,2021-02-20,204314.82
ONPEZ,Frías y Reguera S.Coop.,Águeda Jovita Barrios Cervera,Accounting Manager,Navarra,Spain,Corporate,Manufacturing,2020-06-08,954777.48
XVDTK,Moura,Luara Cavalcanti,Owner,Nascimento de Fernandes,Brazil,Retail,Retail,2022-02-04,176849.5
DIGVK,"Ingram, Le and Schneider",Lisa Lee,Sales Representative,West Angela,USA,Small Business,Manufacturing,2019-09-08,158814.14
BUTKT,Winkler Hövel Stiftung & Co. KG,Muharrem Tlustek MBA.,Logistics Coordinator,Neubrandenburg,Germany,Retail,Education,2020-08-12,116400.43
PWWCZ,Hervé,Sébastien Labbé,VP of Purchasing,Gilletnec,France,Government,Education,2024-02-18,1715201.86
KZVMI,Maccanelli SPA,Bernardo Naccari-Roth,Accounting Manager,Vignole Borbera,Italy,Small Business,Construction,2023-08-08,36995.59
UXTBQ,Eklund HB,Mohammed Blom,Operations Manager,Södertälje,Sweden,Corporate,Retail,2018-05-19,469221.65
YFRDQ,"Perez, Hall and Garcia",John Maldonado,Sales Representative,North Tamara,USA,Retail,Manufacturing,2025-04-30,27868.3
CRQBQ,Ladeck KGaA,Dipl.-Ing. Margarete Gute B.Eng.,Logistics Coordinator,Gütersloh,Germany,Government,Healthcare,2022-11-03,915538.79
CFCPN,Pearson and Sons,Miranda Zuniga,Operations Manager,South Nicole,USA,Corporate,Education,2019-04-27,826253.58
KDBJS,Machado e Filhos,Vicente Gaspar,Purchasing Manager,Albufeira,Portugal,Corporate,Education,2020-03-27,886939.55
UTDZD,"Rodriguez, Bird and Mitchell",Kimberly Snyder DVM,Procurement Specialist,Nelsonville,USA,Small Business,Construction,2020-06-24,164254.95
SQDKR,Mielcarek,Mina Gotthard,Marketing Manager,Wittmund,Germany,Corporate,Hospitality,2020-07-11,183012.48
SJLUG,Bradley-Todd,Scott Prince,VP of Purchasing,Robertsonland,USA,Corporate,Agriculture,2021-01-02,620949.11
HYAWW,Lopez and Sons,Timothy Smith,Marketing Manager,Youngview,Australia,Small Business,Agriculture,2025-02-24,51218.4
QUUGK,Säuberlich Ullrich KG,Francesco Söding,Marketing Manager,Ueckermünde,Germany,Small Business,Construction,2019-10-09,22397.94
AJIKV,(주) 우리,이영일,Sales Associate,제천시,South Korea,Small Business,Retail,2023-10-09,191867.85
UABGB,Thomsen & Søn ApS,Michala Lund,Owner,Glumsø,Denmark,Retail,Technology,2021-08-01,129119.6
NKSCN,Zelaya y Niño S.C.,Lic. Pablo Gamez,Supply Chain Manager,Nueva Perú,Mexico,Corporate,Hospitality,2021-05-07,344411.54
FVNKQ,Garnier,Cécile-Anne Lévy,VP of Purchasing,Renaud-les-Bains,France,Government,Hospitality,2019-03-27,689322.04
YGGYD,Margraf,Milos Haering,Supply Chain Manager,Bremen,Germany,Small Business,Manufacturing,2024-09-26,168189.5
EADAM,Baca y Rendón S.A.,Lic. María Eugenia Valle,Order Administrator,Vieja Swazilandia,Mexico,Small Business,Manufacturing,2024-01-18,45905.92
UGXUA,"Johnson, Scott and Smith",Benjamin Henderson,Sales Associate,New Virginialand,USA,Corporate,Hospitality,2025-05-23,299802.17
QMNBW,Beernaert-Heyvaert BV,Viviane Roelandt,Sales Representative,Obigies,Belgium,Small Business,Manufacturing,2020-10-21,194465.59
RCTAW,유한회사 시너지시너지기획,장유진,Owner,예산군,South Korea,Corporate,Transportation,2024-06-12,395777.67
EYAUS,华泰通安传媒有限公司,任芳,VP of Purchasing,天津县,China,Small Business,Education,2021-06-21,65824.48
IVODR,同兴万点传媒有限公司,刘红梅,Owner,兴安盟市,China,Corporate,Agriculture,2025-01-09,982343.17
BMHVI,Christiansen & Søn A/S,Univ.Prof. Nikolai Hansen,Procurement Specialist,Hundslund,Denmark,Small Business,Education,2018-07-04,54164.43
HQMPM,Machado - EI,Ana Julia da Cruz,Marketing Manager,Guerra,Brazil,Wholesale,Agriculture,2021-04-16,576349.61
AKGJV,"Robinson, Shields and Brown",Donna Cabrera,Owner,Barbaramouth,USA,Retail,Food & Beverage,2019-10-11,190937.64
THFZK,Speer GmbH & Co. OHG,Dipl.-Ing. Gerald Höfig B.Sc.,Owner,Schwäbisch Hall,Germany,Retail,Retail,2023-02-01,179354.86
XXNSJ,"Simpson, Compton and David",Rachel Flores,Logistics Coordinator,Russellport,USA,Corporate,Hospitality,2020-10-27,530156.38
KPBRD,Guajardo y Garza S.A. de C.V.,Marisol Ana Luisa Valenzuela,Accounting Manager,San Lorena los altos,Mexico,Corporate,Education,2021-12-21,929739.85
VILGY,Henk Hermighausen AG & Co. OHG,Maren Budig,Sales Representative,Kemnath,Germany,Wholesale,Construction,2018-09-11,104005.3
LIDJU,"Calderon, Williams and Bennett",Amanda Jones,Operations Manager,South Jason,USA,Small Business,Manufacturing,2024-10-18,213858.14
UHSPF,Krueger-Smith,Tonya Wilson,Order Administrator,Rochaborough,USA,Corporate,Healthcare,2020-12-21,969980.0
BHVEY,Rohleder GmbH,Hanife Mohaupt,Operations Manager,Hechingen,Germany,Small Business,Agriculture,2019-12-17,66213.89
UDAVZ,Turpin,Noël Samson,Sales Representative,Martins,France,Corporate,Technology,2020-10-11,403627.76
QPGVA,"Armenta, Valladares y García",Adriana Francisca Uribe,Purchasing Manager,San Gustavo de la Montaña,Mexico,Corporate,Transportation,2019-06-21,818833.73
WVDYB,James and Sons,Mr. Michael Scott PhD,Supply Chain Manager,Murraystad,USA,Small Business,Technology,2019-04-09,126550.97
LJXHL,Ritter,Dr. Traute Riehl B.Sc.,Sales Representative,Biedenkopf,Germany,Corporate,Construction,2025-01-30,636128.31
MWMCJ,Aguayo S.C.,Sonia Esther Barreto,Sales Associate,Nueva España,Mexico,Corporate,Agriculture,2021-10-16,286690.37
OAJSM,Colleneler-Plover,Dr. Albert Bann,Operations Manager,Alister Ville,Ireland,Small Business,Construction,2021-12-20,128086.35
EIFXU,Reising Hörle AG,Dr. Ayten Dietz,Owner,Gießen,Germany,Wholesale,Transportation,2019-06-10,408838.41
ZZCRG,"Krishnan, Pandya and Loke",Farhan Prakash,Logistics Coordinator,Jaunpur,India,Corporate,Healthcare,2022-03-27,596907.5
KYZEG,Gomes Sousa S/A,Bryan Magalhães,Order Administrator,Póvoa de Santa Iria,Portugal,Wholesale,Education,2022-02-21,687635.5
SYOOE,Walsh Ltd,Jonathan Hamilton,Operations Manager,Arielville,USA,Small Business,Retail,2024-09-15,125156.92
GFNAX,Hall Ltd,Karen Williams,Marketing Manager,Lake Saraside,USA,Wholesale,Education,2022-03-23,544779.78
VIAPX,华泰通安信息有限公司,褚建,Purchasing Manager,宇县,China,Wholesale,Education,2019-03-21,721405.09
YKCHD,Rosenow GmbH,Hanne Wende,Sales Representative,Tuttlingen,Germany,Wholesale,Technology,2023-06-06,599085.83
QEZSY,Eriksson Laine ry,Irmeli Rantanen,Order Administrator,Myrskylä,Finland,Corporate,Construction,2018-03-23,823731.52
THEAS,Ziegert Mende GmbH & Co. KGaA,Ing. Karl-Ernst Kohl MBA.,Supply Chain Manager,Tecklenburg,Germany,Small Business,Construction,2022-05-23,12933.77
XZFOY,Miller-Montgomery,Michelle Miller,Sales Representative,South Jennifer,Canada,Small Business,Hospitality,2022-10-01,63309.0
EXCSQ,Guerreiro,Bruna Baptista,Order Administrator,Oliveira do Bairro,Portugal,Small Business,Manufacturing,2021-05-02,56372.65
JUSBL,鈴木農林株式会社,山田 結衣,Sales Associate,青梅市,Japan,Retail,Technology,2021-01-21,125805.09
OCMWQ,Cichorius GmbH,Kornelius Scheuermann,VP of Purchasing,Kusel,Germany,Corporate,Transportation,2018-02-03,120023.92
HIYBE,Alvarez-Rodriguez,Sr(a). Franco Lopez,Sales Associate,San Salvador de Jujuy,Argentina,Corporate,Hospitality,2019-04-09,569693.95
CPPMA,(유) 미래월드바이오,이승현,VP of Purchasing,평창군,South Korea,Corporate,Technology,2023-11-13,199248.59
FESSS,King-Wright,Linda Gonzalez,Accounting Manager,East Kevinfurt,USA,Government,Manufacturing,2020-06-28,551341.74
OVDJL,"James, Atkins and Alexander",Rodney Curtis,Accounting Manager,West Malik,USA,Wholesale,Construction,2025-02-05,373238.09
FQZMD,Mendoza and Sons,Tracy Carter,Sales Associate,Faulknerbury,USA,Small Business,Manufacturing,2020-06-10,27328.53
EXJLG,Viana,Maria Clara Camargo,Operations Manager,Pastor,Brazil,Corporate,Manufacturing,2025-06-22,586034.26
SCRVK,Maldonado PLC,Nicholas Hahn,Supply Chain Manager,South Lauren,USA,Corporate,Food & Beverage,2024-03-25,848757.31
KNWMW,Soluciones ZGMI S.L.,Angelina Sanchez Tello,Operations Manager,Murcia,Spain,Corporate,Technology,2021-10-18,907638.34
NXURQ,"Barnes, Johnson and Schmitt",Robin Wheeler,Purchasing Manager,East Kaylastad,Australia,Retail,Transportation,2019-04-01,47355.35
ZVDLZ,Paiva e Filhos,Leonor Barros,Sales Associate,Coimbra,Portugal,Corporate,Retail,2019-12-10,842402.71
XXBKK,"Burgess, Grant and Watts",James Ford,Order Administrator,West Whitney,USA,Retail,Agriculture,2021-08-14,117248.51
UQNKK,Koninklijke Frankhuizen,Stef Jansse,Sales Representative,Nijega,Netherlands,Small Business,Construction,2020-05-03,190802.46
YOCHN,Ødegård-Ellingsen RFH,Tobias Larsen,Order Administrator,Camillavær,Norway,Retail,Manufacturing,2023-03-23,98845.65
PAHDP,Mercier,Alphonse Lacombe de Simon,Logistics Coordinator,Jourdan,France,Small Business,Technology,2018-10-27,222945.68
GTXXA,Begum Ltd,Jayne Coleman,Accounting Manager,West Yvonne,UK,Small Business,Transportation,2021-03-12,215267.52
ZFHTU,伊藤電気合同会社,田中 稔,Order Administrator,荒川区,Japan,Corporate,Technology,2020-12-18,624730.18
LXKMN,"Mendez, Gonzalez and Vargas",Michael Harris,Order Administrator,New Cristianside,USA,Wholesale,Agriculture,2019-05-27,598830.53
SKUNO,Gonzalez-Wilson,Katherine Church,Sales Representative,Candicefurt,USA,Corporate,Healthcare,2022-05-26,845127.84
LXSHV,Bell-Ellis,Michael Mcbride,Procurement Specialist,Lake Dennisville,USA,Small Business,Hospitality,2019-10-15,171887.72
MLYMO,White Ltd,James Carlson,Order Administrator,Hendersonfort,USA,Corporate,Manufacturing,2022-10-06,761513.08
HKEOZ,合同会社高橋食品,田中 洋介,Marketing Manager,練馬区,Japan,Small Business,Healthcare,2022-08-23,70925.48
AUTAX,Anders Neureuther AG & Co. KG,Rupert Kraus MBA.,VP of Purchasing,Tirschenreuth,Germany,Corporate,Food & Beverage,2021-09-07,262581.53
YSSHX,"Larsen, Burns and Miller",Philip Carter,Order Administrator,Jeffreyport,Canada,Small Business,Healthcare,2019-04-06,119341.01
VKCNR,木村保険有限会社,木村 淳,Order Administrator,小笠原村,Japan,Small Business,Construction,2022-01-26,154217.28
CBZQW,Freeman-Peacock,Dr Abdul Lloyd,Accounting Manager,Warnerbury,UK,Government,Manufacturing,2020-03-25,457884.15
GBWVK,Machado Ltda.,Sr. Pedro Lucas Campos,Order Administrator,Costela,Brazil,Government,Food & Beverage,2024-01-28,1345261.08
GKKAS,"McCaughan, Muldowney and Foley",Cara Haire-Hallahan,Supply Chain Manager,Kathleen Ville,Ireland,Wholesale,Education,2021-12-27,551748.66
NUXRN,"Ryan, Morris and Padilla",Derek Hodge,Sales Representative,East Sydneychester,USA,Wholesale,Agriculture,2024-11-19,156323.5
DGVTE,Camacho-Martinez,Danielle Dawson,VP of Purchasing,Port Megan,USA,Retail,Hospitality,2020-12-10,59452.11
WKXJP,Ray LLC,Jaime Jones,Operations Manager,South Zacharyview,USA,Retail,Transportation,2023-03-17,18150.85
PQMFD,Rentería-Saavedra S.A. de C.V.,Sr(a). Aurelio Reynoso,VP of Purchasing,San Andrea los altos,Mexico,Small Business,Manufacturing,2020-12-24,106211.28
DZIZX,BT Nederland,Loek Salet-Veenendaal,Operations Manager,Leuvenheim,Netherlands,Corporate,Retail,2020-07-13,789994.12
QEQAH,Moreno Vallée SARL,Alphonse Perrin,Sales Representative,DurandBourg,France,Small Business,Retail,2024-12-18,124946.39
CPQKZ,Sastry Group,Priya Jain,Sales Associate,Barasat,India,Corporate,Agriculture,2019-03-12,239443.54
AIVER,Davids Sölzer GmbH,Annerose Köhler,VP of Purchasing,Badoberan,Germany,Wholesale,Healthcare,2020-12-20,527805.44
DJPEV,Wood-Mitchell,Mrs Lindsey Green,Accounting Manager,South Martin,UK,Retail,Transportation,2018-12-30,183318.82
IXZIX,Stone Group,Michael Montoya,Order Administrator,Bensonfort,Canada,Wholesale,Retail,2018-07-13,712361.16
KFSDT,兰金电子科技有限公司,陈梅,Supply Chain Manager,海门市,China,Small Business,Hospitality,2022-10-22,94814.91
AWGNB,Despacho Tamez-Valladares,Santiago de Anda Quiñónez,Owner,San Ernesto los altos,Mexico,Government,Food & Beverage,2023-08-11,191646.61
LDGSF,Jensen-Ramos,Steven Taylor,VP of Purchasing,New Jessicastad,USA,Small Business,Manufacturing,2025-03-21,108113.51
NQSKX,Moody-Wright,Danielle Burke,Procurement Specialist,Kimberlytown,USA,Wholesale,Hospitality,2024-05-09,229962.41
MPUVZ,"Manzoni, Florio e Trapani e figli",Sig.ra Giuliana Berrè,Order Administrator,Telve Di Valsugana,Italy,Wholesale,Manufacturing,2021-09-16,141270.86
XRMGA,da Costa - ME,Ana Sophia Moura,Purchasing Manager,Fonseca,Brazil,Retail,Construction,2024-12-31,168910.37
CNSCG,Hughes PLC,Joshua Thompson,Marketing Manager,Bestland,USA,Small Business,Manufacturing,2018-02-15,69710.63
VWWJR,Smith and Sons,Antonio Mccormick,Sales Associate,Courtneyhaven,USA,Wholesale,Hospitality,2023-10-01,642153.28
ADQIX,유한회사 고려첨단항공,김미경,Supply Chain Manager,안양시,South Korea,Corporate,Hospitality,2021-10-31,403991.05
CKLVR,Simpson and Sons,Ben Dickinson,Operations Manager,West Ameliachester,UK,Wholesale,Retail,2023-06-21,106966.0
BYEKP,株式会社伊藤電気,山田 学,Supply Chain Manager,四街道市,Japan,Government,Retail,2020-04-26,1261514.0
PWWSX,"Duodo, Casalodi e Anastasi e figli",Dott. Dina Tamburello,Operations Manager,Decontra,Italy,Retail,Hospitality,2021-12-02,222460.51
BRAWN,Heser,Ing. Carl Weiß,Logistics Coordinator,Wismar,Germany,Small Business,Construction,2024-08-23,59876.31
WNRQL,Koivisto Oyj,Liisa Kantola-Viljanen,Logistics Coordinator,Sotkamo,Finland,Corporate,Education,2021-05-30,680525.11
DVXPA,Baca-Sanabria y Asociados,Dr. José Carlos Cotto,Sales Representative,San Benjamín los altos,Mexico,Small Business,Transportation,2023-01-20,213708.43
BMGZB,Oemencs Groep,Arthur Barents,Marketing Manager,Kaatsheuvel,Netherlands,Small Business,Technology,2018-05-06,103802.86
LULWL,Reyes-Hernandez,Shannon Tran,Purchasing Manager,Walkerbury,USA,Retail,Food & Beverage,2021-02-13,30147.61
OACPQ,Juncken,Sabina Buchholz,Accounting Manager,Coburg,Germany,Retail,Agriculture,2021-10-06,55678.56
YJBFL,Duarte S.A.,Sr(a). Karla Barrientos,Procurement Specialist,San Guillermina los bajos,Mexico,Wholesale,Construction,2020-06-14,368021.92
SCTFI,Aguilera y Negrete S.A.,Ramón Hernán Guerra Rivera,VP of Purchasing,San Rosa los bajos,Mexico,Retail,Manufacturing,2025-06-23,139184.19
CXMVT,Wagner KG,Dr. Ada Lange B.Sc.,Sales Associate,Potsdam,Germany,Corporate,Construction,2020-08-06,236125.39
WFVEI,"Wiley, Tapia and Smith",Sarah Acosta,Sales Associate,East Alyssabury,USA,Corporate,Construction,2021-02-23,167058.23
LPNZA,주식회사 한가람시스템,허지후,Logistics Coordinator,인제군,South Korea,Corporate,Technology,2021-02-04,846875.31
NXEPS,Albert,Stéphane Gauthier,Sales Representative,Lucasnec,France,Corporate,Construction,2018-07-24,625852.74
WKPSG,"Farmer, Adams and Clarke",Danielle Barton-Bennett,Sales Associate,Harrisonmouth,UK,Retail,Manufacturing,2020-05-20,115947.2
KSTHS,Hall-Harding,Randy Rodriguez,Order Administrator,East Shannonmouth,USA,Wholesale,Agriculture,2021-01-17,483622.88
QHIRZ,"Howard, Townsend and Hayes",Samuel Davis,VP of Purchasing,Margaretton,USA,Retail,Retail,2019-08-12,128453.89
IDJMO,高橋銀行株式会社,加藤 あすか,VP of Purchasing,西東京市,Japan,Wholesale,Agriculture,2020-03-28,232297.79
VNADR,Gonzalez Group,Lautaro Benjamin Molina,Marketing Manager,Bahía Blanca,Argentina,Corporate,Retail,2021-06-18,984355.77
DBUFO,株式会社佐藤保険,高橋 洋介,Order Administrator,中野区,Japan,Wholesale,Hospitality,2020-10-15,471678.9
OFQKN,合同会社林農林,中川 修平,Logistics Coordinator,横浜市泉区,Japan,Corporate,Food & Beverage,2022-11-04,930160.57
YZIOA,Davids e.V.,Betti Berger,Accounting Manager,Badibling,Germany,Corporate,Transportation,2019-04-05,838484.31
SQTOP,浙大万朋传媒有限公司,吴琳,Logistics Coordinator,齐齐哈尔市,China,Retail,Manufacturing,2024-10-22,114959.66
BZTDB,Freitas,Carolina Amorim,Accounting Manager,Odivelas,Portugal,Small Business,Retail,2021-09-27,44427.57
AMYBY,"Suarez, Rodriguez and Alvarez",Sofia Cruz,Supply Chain Manager,Mendoza,Argentina,Corporate,Construction,2019-11-13,850982.98
UOBSN,"James, Scott and Gill",Dr Teresa Porter,Sales Representative,Annahaven,UK,Small Business,Agriculture,2020-05-30,44045.77
KJWRI,Cirino,Liam Peixoto,Accounting Manager,Alves,Brazil,Corporate,Construction,2024-09-17,553973.95
VZARL,Coholan-O'Neill,Frances Hever,VP of Purchasing,Declan Ville,Ireland,Small Business,Construction,2022-12-03,64737.66
XJUCG,Ferguson-Moody,Pamela Gould,Logistics Coordinator,Kellyburgh,USA,Corporate,Agriculture,2019-04-27,831003.61
ULBXF,Junck,Traude Schäfer,Procurement Specialist,Vilsbiburg,Germany,Corporate,Hospitality,2023-04-02,209025.07
NABRU,Malinen Hytönen ry,Markku Honkanen,VP of Purchasing,Iitti,Finland,Small Business,Hospitality,2018-06-03,55366.99
WTLVB,Banca Privada del Sur S.A.,Cintia Rosenda Castrillo Niño,VP of Purchasing,Zaragoza,Spain,Corporate,Transportation,2024-04-29,731024.87
BEGBV,Brown-Hernandez,Brenda Rodriguez,Accounting Manager,Susanstad,USA,Small Business,Transportation,2023-04-13,159403.23
ARNQQ,Kroker,Gunnar Jacobi Jäckel,Logistics Coordinator,Demmin,Germany,Small Business,Hospitality,2025-04-24,92636.53
HRPHY,Riou,Margaud Roger,Sales Associate,Lemonnierboeuf,France,Small Business,Food & Beverage,2019-09-04,121126.98
DKUOY,Garcia das Neves e Filhos,Sra. Carolina Cavalcanti,Sales Representative,Sampaio,Brazil,Corporate,Education,2025-02-09,959522.07
WDBOK,Rosales-Townsend,Catherine Flores,Procurement Specialist,Lake Ariana,USA,Retail,Manufacturing,2025-01-07,56462.96
SFXWD,Rivera Inc,William Jackson,Sales Representative,Lake Seanview,Australia,Corporate,Manufacturing,2019-07-28,234609.9
UWWYZ,"Jones, Scott and Rodriguez",James Oconnor,Operations Manager,South Trevor,USA,Small Business,Hospitality,2020-11-02,76209.9
CSMID,"Bennett, Poole and Kramer",Olivia Perez,VP of Purchasing,Joneston,USA,Corporate,Manufacturing,2020-03-18,638539.99
ILQHP,(유) 국민고구려에이아이,이정웅,Supply Chain Manager,천안시 서북구,South Korea,Small Business,Education,2025-01-21,239871.44
IUSQH,Morgan PLC,Michele Reynolds,Order Administrator,New Pamela,USA,Corporate,Education,2019-03-06,883991.54
JHOEP,Rémy S.A.,Lucas Le Peltier,Accounting Manager,Léger,France,Retail,Retail,2019-10-13,223367.77
TQSXW,Long PLC,Brittany Ward,VP of Purchasing,Millerfort,USA,Corporate,Construction,2019-07-01,599955.75
FAGXO,Jhaveri and Sons,Finn Solanki,VP of Purchasing,Aizawl,India,Wholesale,Education,2023-11-19,309561.3
PWDNC,유한회사 코어모두기획,이영미,Order Administrator,수원시 장안구,South Korea,Small Business,Healthcare,2020-10-08,212755.55
PENLE,Arsenio Lago Sabater S.Coop.,Silvio del Barrio,Supply Chain Manager,Valladolid,Spain,Government,Retail,2023-03-22,1498247.64
JFMBJ,Clément et Fils,Olivie Boulay,Owner,Dumas-sur-Lenoir,France,Government,Agriculture,2018-06-16,1824679.58
MLBZI,Preiß Lindner KG,Prof. Suse Heinz MBA.,Logistics Coordinator,Bitterfeld,Germany,Retail,Manufacturing,2020-12-16,209543.71
OEQJQ,"Johnson, Duncan and Black",Vickie Hernandez,Purchasing Manager,Thompsonburgh,USA,Small Business,Technology,2025-04-14,243305.16
KVIUX,Martinez Group,Michael Harris,Owner,Port Brooke,USA,Small Business,Retail,2020-05-25,112775.18
NHDEP,"Sloan, Jones and Hughes",Gabriel Hill,Purchasing Manager,Starktown,USA,Government,Technology,2023-11-23,1641228.0
MMFEV,"Matthews, Harrington and Rodriguez",Keith Aguilar,Owner,East Annaville,Australia,Corporate,Retail,2023-11-21,594812.19
QBOBG,"Beard, Humphrey and Baker",Laura Kennedy,Sales Representative,West Richard,USA,Small Business,Technology,2022-08-20,151842.59
ASRHC,Andrade,Luísa Sales,Operations Manager,Aragão,Brazil,Small Business,Transportation,2023-08-04,217489.09
VPUVE,Prince-Smith,Elizabeth Ramirez,VP of Purchasing,Garrisonville,USA,Small Business,Retail,2025-04-15,182425.77
LPFKC,Macdonald Ltd,Shaun Phillips,Marketing Manager,Butlerland,UK,Small Business,Agriculture,2019-05-30,172670.12
PEXPW,Soluciones del Sur S.L.,Samanta Barbero Villalba,Procurement Specialist,Asturias,Spain,Small Business,Hospitality,2020-05-01,27831.54
XOAYR,"Cervántez, Soria y Varela",Débora Espinoza Fernández,Sales Associate,Nueva Argentina,Mexico,Small Business,Education,2021-06-03,219331.95
LYMTJ,橋本食品有限会社,山口 里佳,Logistics Coordinator,川崎市川崎区,Japan,Retail,Construction,2018-12-06,28940.64
MGWHW,Allen Group,Cassandra Harrell,Sales Associate,Maxview,USA,Corporate,Food & Beverage,2023-08-12,723691.4
PDARR,"Buonauro, Lucarelli e Babato s.r.l.",Ettore Gabba,Order Administrator,Borgo Vercelli,Italy,Small Business,Hospitality,2022-11-07,42920.75
GWLJH,Corporacin Parra y Serna,Abril Rojo Centeno,VP of Purchasing,Nueva Estonia,Mexico,Small Business,Healthcare,2019-11-22,106240.9
MJOGH,Leone-Randazzo s.r.l.,Sig. Giosuè Gaito,Order Administrator,Cartignano,Italy,Wholesale,Technology,2020-04-06,558442.26
RTLSE,Petersson & Jacobsson AB,Julia Malm,Marketing Manager,Örnsköldsvik,Sweden,Small Business,Education,2022-11-07,201209.16
RBKQU,"Campbell, Cohen and Olson",Donald Nguyen,Sales Representative,Joseport,Canada,Small Business,Construction,2019-05-31,111667.47
FCAJZ,"Cannon, Yoder and Trujillo",Lindsay Guerrero,Supply Chain Manager,Lake Anthony,USA,Government,Manufacturing,2021-09-23,1452051.08
YVQLF,Green-Barnes,Andrew Erickson,VP of Purchasing,West Jessica,Canada,Retail,Agriculture,2019-09-01,75071.6
PNGEA,"Little, Alvarez and Shepard",Eric Jackson,Marketing Manager,West Connor,USA,Government,Retail,2018-12-17,265001.34
KRKFA,Wood-Moore,Bethan Lyons,Logistics Coordinator,East Owenbury,UK,Corporate,Hospitality,2023-07-30,572113.02
OPJVF,Fisher-Eaton,Kevin Ford,Marketing Manager,St. Brianshire,Australia,Small Business,Technology,2022-05-08,145852.15
KCBHY,"Jones, Preston and Mason",Jane Evans,Procurement Specialist,Port Melissaberg,USA,Retail,Agriculture,2025-06-09,204221.1
SZOUT,Jesus,Natália Casa Grande,Operations Manager,Silva da Serra,Brazil,Government,Construction,2023-11-02,1737844.23
GJUFS,Le Roux,Hugues Couturier,Order Administrator,Saint Catherine,France,Small Business,Education,2020-01-19,131543.53
VGCRV,Johnston and Sons,Phillip Miller DDS,Purchasing Manager,Powellfort,USA,Small Business,Retail,2020-11-15,121756.09
XGYRX,Ashton Ltd,Mrs Georgia Peacock,Operations Manager,North Sian,UK,Wholesale,Healthcare,2018-01-12,558186.07
FFGQE,Nijman & Weeldenburg,Cornelia Greij,Purchasing Manager,Ottersum,Netherlands,Corporate,Hospitality,2021-10-09,692021.52
PTOBM,"Grupo Barragán, Armenta y Lugo",María Eugenia Nicolás Ybarra Soria,Supply Chain Manager,San Manuel los altos,Mexico,Small Business,Construction,2025-06-17,217848.36
ZXHFO,Camus,Élisabeth Gaillard,Owner,Moreau-sur-Mer,France,Small Business,Technology,2019-09-06,122188.42
NKREZ,Cunha Siqueira S/A,Sofia Cavalcante,Logistics Coordinator,Fonseca,Brazil,Small Business,Education,2023-05-01,173856.58
FPIPG,Brooks Ltd,Joseph Williams,Procurement Specialist,Lake Danieltown,USA,Corporate,Manufacturing,2018-05-13,497778.1
JMFSJ,Butler Group,David Miles,Sales Associate,Lake Gina,Canada,Corporate,Retail,2018-01-26,592839.23
RVSUO,Samyn-Sanders CV,Marina Huyghe,Sales Associate,Châtelet,Belgium,Corporate,Retail,2021-11-01,499337.67
KDXQN,"Wilson, Wilson and Rodriguez",Curtis Baker,Order Administrator,West Jade,USA,Wholesale,Manufacturing,2020-03-19,206956.17
BCEFG,Larsson AB,Göran Abrahamsson,VP of Purchasing,Helsingborg,Sweden,Corporate,Education,2024-04-05,296780.67
OVIKJ,Nohlmans,William Conradi-Zahn,VP of Purchasing,Wernigerode,Germany,Retail,Healthcare,2023-06-04,146329.17
NZHIN,"Laboratorios Godoy, Reyes y Lucio",Marisol Amador Camarillo Delgado,Logistics Coordinator,Vieja Kenya,Mexico,Small Business,Hospitality,2024-01-03,98362.39
QDEVI,Pickering-Clark,Mr Christopher Davis,VP of Purchasing,West Sarah,UK,Small Business,Technology,2024-09-14,212980.69
EFIHG,"Adams, Quinn and Watson",Brian Ross,VP of Purchasing,Nelsonfurt,USA,Small Business,Transportation,2023-03-04,196338.64
TNLEW,Jørgensen-Rønning & co.,Helge Berntsen,Sales Representative,Jonbø,Norway,Wholesale,Manufacturing,2021-02-12,706817.07
CECBW,小川運輸有限会社,斎藤 康弘,Procurement Specialist,江東区,Japan,Corporate,Technology,2022-08-01,547783.65
CQCYK,"Downing, Pinder and Quinlan",Lee Nash,Marketing Manager,Cianan Ville,Ireland,Corporate,Manufacturing,2022-11-28,471002.41
NEAJX,Bush Ltd,Natasha Cummings,Operations Manager,Lake Morgan,USA,Small Business,Agriculture,2021-11-21,234040.11
DYOPL,Lopes e Filhos,Srta. Rafaela Ferreira,Logistics Coordinator,Cassiano da Prata,Brazil,Small Business,Construction,2024-09-07,111569.46
NXMFC,Alba e Hijos,Natalia Mariano Saldivar,Accounting Manager,Nueva Zimbabwe,Mexico,Small Business,Manufacturing,2021-09-07,43150.8
NTDHN,Rivera LLC,Daniel Schneider,Logistics Coordinator,Montoyaland,USA,Retail,Transportation,2021-06-10,78404.58
UPUOE,"Sem, Chakrabarti and Tara",Diya Dani,Procurement Specialist,Surat,India,Small Business,Healthcare,2018-10-08,45001.03
KJGKG,Johnson-Dunn,Rebecca Richmond,Supply Chain Manager,Pamelaside,Australia,Wholesale,Manufacturing,2019-07-21,231390.72
VKWEH,"Bryant, Peterson and Bryan",Sarah Rivera,VP of Purchasing,Moranstad,Australia,Small Business,Transportation,2023-05-14,71672.86
EABNE,Davis Ltd,Glenn Gallegos,Purchasing Manager,Amystad,Canada,Corporate,Retail,2023-04-06,729436.15
GDMII,Prince Group,Mitchell Griffith,Operations Manager,New Cherylborough,Australia,Retail,Transportation,2018-11-27,175749.03
CTDGK,Lewis-Summers,George Sherman,Procurement Specialist,Lake Maryshire,USA,Small Business,Healthcare,2018-12-04,224446.25
JAZSK,Ellis-Lawrence,Tracey Smith,Operations Manager,New Savannahshire,USA,Corporate,Food & Beverage,2021-08-14,239220.88
CRFKY,"Norman, Kent and Holt",Robert Garcia,Order Administrator,Williamfurt,Australia,Corporate,Food & Beverage,2021-02-19,757488.35
DMHJB,da Mota Gonçalves Ltda.,Rael Carvalho,VP of Purchasing,Jesus,Brazil,Corporate,Hospitality,2022-07-08,274167.55
AUPKG,Peukert,Sibylla Tintzmann,Owner,Waren,Germany,Small Business,Transportation,2023-07-10,173659.6
UGMRI,"Chen, Harris and Weber",Gregory Chambers,VP of Purchasing,New Amy,USA,Corporate,Education,2022-10-10,662346.15
UDGZU,有限会社木村通信,森 結衣,Order Administrator,夷隅郡御宿町,Japan,Wholesale,Transportation,2024-07-29,556561.9
JSGBS,Stokes-Mills,Charles Santiago,Procurement Specialist,West Karen,USA,Corporate,Transportation,2019-03-17,230287.04
JTHVX,Vega-Thomas,Richard Harris,Procurement Specialist,West Lisaville,USA,Corporate,Agriculture,2022-08-14,197274.2
GJAQJ,"Cox, Taylor and Cox",Gordon Smith,Sales Representative,Hazelton,UK,Retail,Construction,2024-12-10,214923.18
GSROK,Saha-Munshi,Agastya Krishnamurthy,Procurement Specialist,Udupi,India,Government,Agriculture,2024-07-06,392849.88
KICRB,Burke-Walker,Owen Miah-Mitchell,Sales Representative,Port Gordon,UK,Corporate,Food & Beverage,2020-03-16,241975.08
COVRN,Normand Sanchez S.A.,Pierre Mathieu,Logistics Coordinator,Fourniernec,France,Small Business,Food & Beverage,2020-02-03,94756.73
BYFMX,Anderson-Silva,Gary Mckinney,Purchasing Manager,North Eric,Canada,Small Business,Food & Beverage,2020-06-02,93426.88
XVUBQ,Mitra Group,Elijah Nadkarni,Procurement Specialist,Udaipur,India,Corporate,Hospitality,2021-11-25,842733.67
FNCGK,"Moore, Daniels and Powell",Stephen Alvarado,Marketing Manager,Michaelborough,USA,Small Business,Healthcare,2025-02-13,144656.78
OOTTO,Danielsen & Søn ApS,Sofie Schultz,VP of Purchasing,Galten,Denmark,Small Business,Technology,2023-01-05,221291.88
EKIEZ,Allen-May,Dana Williams,Operations Manager,Patrickville,USA,Retail,Education,2020-11-22,139769.93
VKQVI,"Lane, Breen and Shanny",Miss Keeva Rush,Marketing Manager,Erica Ville,Ireland,Small Business,Healthcare,2020-03-22,96890.45
TJLYA,Duarte Moraes S/A,Enzo Vargas,Owner,Pires,Brazil,Retail,Construction,2018-06-29,8994.1
XAZFI,"Soto, Lewis and Jennings",Christine Poole,Logistics Coordinator,Lucasland,USA,Wholesale,Agriculture,2023-08-07,395671.83
OCLEG,Alves Marques e Filhos,Sr. Caio Barbosa,Supply Chain Manager,Cavalcanti,Brazil,Corporate,Manufacturing,2023-12-14,820520.52
KXTSU,"Jones, Underwood and Bartlett",Jerry Sullivan,Sales Representative,Andreville,USA,Small Business,Construction,2022-01-03,205781.24
QAVJU,"Cortez, Brown and Reese",Ryan Howard,Order Administrator,West Kristinport,USA,Small Business,Technology,2022-07-19,107047.82
WFQPA,Koninklijke de Gruson,Romy Boogaerts,VP of Purchasing,Strijen,Netherlands,Small Business,Manufacturing,2019-03-04,133473.92
OISDR,Khan Group,Dr Elliott Connor,Sales Associate,Markside,UK,Retail,Construction,2024-07-22,145937.44
LUDIM,Martinez Inc,Jennifer Kelley,Logistics Coordinator,West Jasonstad,USA,Corporate,Technology,2019-08-03,299430.08
LSTMF,Peukert,Daniele Gorlitz-Hartung,Sales Associate,Eutin,Germany,Government,Healthcare,2018-11-10,1166218.46
NGGLR,"Cloherty, Tuohey and O'Gorman",Mr. Gerard Connachton,Supply Chain Manager,Dean Ville,Ireland,Corporate,Technology,2023-06-09,452363.57
IPAHZ,Watson-Evans,Toby Henry,Supply Chain Manager,Jasmineland,UK,Wholesale,Transportation,2024-09-29,476807.06
YGRES,Neureuther Mende GmbH,Martina Sauer,Purchasing Manager,Rehau,Germany,Corporate,Food & Beverage,2022-04-01,280895.89
DVHIU,Benjamin-Jackson,Richard Joseph,Accounting Manager,Hillstad,Canada,Small Business,Food & Beverage,2019-01-03,86309.8
FOTOQ,"Rivera, Castillo and Griffin",Katelyn Rodriguez,Sales Representative,New Micheleberg,Australia,Government,Food & Beverage,2024-09-05,815552.67
NGBFS,天开科技有限公司,易璐,Accounting Manager,马鞍山市,China,Corporate,Food & Beverage,2024-10-16,113267.9
RXJCH,"Industrias Tirado, Rodríquez y Córdova",Julio César Esparta Villalpando López,VP of Purchasing,Vieja Países Bajos,Mexico,Small Business,Technology,2021-10-28,129592.38
XMPCF,Cox-Smith,Victor Holden,Operations Manager,West Sean,Australia,Small Business,Food & Beverage,2019-05-06,14739.34
HMTAR,FPUH Mądrzyk-Tofil Sp.k.,pan Michał Simon,Order Administrator,Lubartów,Poland,Small Business,Healthcare,2021-08-27,249018.63
HBGKZ,De Witte BV,Eric Verheyden,Owner,Mechelen,Belgium,Retail,Manufacturing,2020-11-28,60267.76
KDSNR,Wallace-Thomas,Shaun Webb,VP of Purchasing,Marcusshire,UK,Government,Technology,2022-01-29,556685.54
ZXIOF,Bennett Group,Matthew Houston,Sales Representative,Nicholasbury,USA,Small Business,Healthcare,2021-11-14,216333.98
SNDZZ,Warren-Ward,Dr Josh Bailey,Sales Representative,South Roger,UK,Government,Construction,2019-09-22,1842513.03
OYDIW,"Graham, Kelly and Birch",Mrs Joyce Wilson,Logistics Coordinator,Geoffreyfort,UK,Corporate,Education,2023-01-23,886125.31
KLYXY,Häring Schäfer AG & Co. KGaA,Frau Elena Beyer,Accounting Manager,Rochlitz,Germany,Corporate,Healthcare,2022-06-10,151432.86
TPGOG,Soto Inc,Bridget Jackson,Marketing Manager,New Susan,USA,Corporate,Food & Beverage,2022-06-29,391298.27
MNPSJ,合同会社石川食品,伊藤 学,Sales Associate,江戸川区,Japan,Small Business,Retail,2024-07-01,45127.66
KZYYF,Robinson Group,Rebecca Hoover,VP of Purchasing,New Donna,USA,Retail,Healthcare,2019-12-25,21203.4
ZWMIL,Fundacja Wittbrodt,Olaf Kulis,Marketing Manager,Kutno,Poland,Small Business,Food & Beverage,2018-12-28,153942.84
SKYON,Grupo Yáñez S.L.L.,Noa Rivas,VP of Purchasing,Pontevedra,Spain,Retail,Food & Beverage,2018-09-21,132559.03
VBZNK,Bonneau,Alex Rossi de Morin,Logistics Coordinator,Delmas-les-Bains,France,Corporate,Technology,2024-10-04,540320.35
BHKHV,Prado S. R.L. de C.V.,José Eduardo Armas,Operations Manager,San Estela los bajos,Mexico,Corporate,Manufacturing,2023-12-02,632477.57
NDVLS,Bell-Ballard,Sara Johnston,Purchasing Manager,Andersonfort,USA,Corporate,Construction,2023-09-28,940950.33
DKLEP,有限会社斎藤情報,渡辺 明美,Logistics Coordinator,西多摩郡奥多摩町,Japan,Retail,Transportation,2023-07-29,27094.02
QSETC,Whitehead Inc,Paul Patel,Logistics Coordinator,Lake Guy,UK,Small Business,Education,2021-01-24,25900.1
SZPEO,株式会社吉田通信,渡辺 結衣,Owner,北区,Japan,Wholesale,Education,2022-03-26,434981.39
DWESK,"Laboratorios Osorio, Figueroa y Pedraza",Ing. Maximiliano Duarte,Accounting Manager,San Rafaél los altos,Mexico,Wholesale,Transportation,2021-08-17,234365.89
XYATA,Lane-Schroeder,Charles Shields,Operations Manager,Lake Jerryburgh,USA,Retail,Agriculture,2018-10-02,202826.37
MFRLL,"Morales, Morgan and Pierce",Michelle Martin,Supply Chain Manager,Port Christopherberg,Canada,Small Business,Healthcare,2021-07-14,221131.13
QVFEB,"Williams, Collins and Morton",Katy Thomas,Order Administrator,Begumfurt,UK,Corporate,Food & Beverage,2022-08-08,683646.72
HXBKE,"Garcia, Soto and Rodriguez",Santino Benjamin Simon Diaz,VP of Purchasing,San Juan,Argentina,Corporate,Construction,2024-12-22,593668.46
ZTJAT,Correia,Thomas Moreira,Order Administrator,Pimenta,Brazil,Small Business,Technology,2019-04-09,205964.86
VBMDW,Parsa and Sons,Nakul Chadha,Order Administrator,Silchar,India,Small Business,Agriculture,2020-08-24,56412.12
BOZNC,Sullivan-Gonzalez,Michael Calhoun,Logistics Coordinator,Jessicaside,USA,Government,Manufacturing,2024-11-09,911401.85
GOQYP,Sosa-Maldonado,Sofía Santiago Soria,Operations Manager,Neuquén,Argentina,Small Business,Transportation,2018-01-13,125663.59
PSZAA,Russell Inc,Kathy Morgan,VP of Purchasing,Port Williamview,USA,Wholesale,Healthcare,2024-07-25,604684.15
KIOQA,"Judge, Neelan and McGlynn",Karen Hurley-Matthews,Marketing Manager,Phoebe Ville,Ireland,Government,Manufacturing,2024-09-19,1601371.46
NIARI,Jones LLC,Janice Parkinson,Logistics Coordinator,Lake Rita,UK,Small Business,Food & Beverage,2019-09-22,208850.48
VXMMA,Gutierrez-Gomez,Mercedes Baker,Sales Representative,Christophermouth,USA,Small Business,Transportation,2018-07-28,223554.29
IUKTV,Melo Dias Ltda.,João Felipe Cirino,Accounting Manager,Monteiro,Brazil,Small Business,Education,2023-07-11,141018.42
PIXUB,Moss LLC,Dale Wright,Sales Representative,Ericville,USA,Corporate,Food & Beverage,2018-11-25,372194.8
NEPED,Stey OHG mbH,Prof. Adolfine Wieloch B.Sc.,Accounting Manager,Kitzingen,Germany,Wholesale,Education,2022-08-26,539634.01
CWJVH,Sutton-Wallace,Ashley Hughes,Procurement Specialist,Patriciabury,UK,Small Business,Hospitality,2023-08-16,96682.84
FCNUX,Brown Group,Joshua Shaw,Sales Representative,Daltonburgh,USA,Corporate,Transportation,2021-06-05,745819.01
UDWVY,Sampaio - EI,Luara Sales,VP of Purchasing,Albuquerque,Brazil,Retail,Healthcare,2023-01-20,182519.8
SNAYR,Blin,Isaac Étienne,Supply Chain Manager,Poirier-sur-Lemoine,France,Retail,Education,2022-02-10,119384.6
NRIPI,Adams PLC,Clinton Coleman,Marketing Manager,Haynesstad,USA,Small Business,Healthcare,2020-09-26,75209.01
URHEC,da Mota,Emilly Oliveira,Supply Chain Manager,Oliveira,Brazil,Small Business,Hospitality,2023-02-21,55611.46
IDSHG,Atkinson and Sons,Robin Baxter,Purchasing Manager,East Kieran,UK,Small Business,Education,2021-07-18,137441.39
AXBJC,Thompson Group,Steven Mccoy,Sales Associate,Kristenport,USA,Corporate,Construction,2019-11-18,896712.1
RLJIF,Otero A.C.,Ana María Esmeralda Hernández,VP of Purchasing,San Sonia de la Montaña,Mexico,Wholesale,Hospitality,2021-05-16,730919.37
MDVXM,Lad-Patel,Aarini Padmanabhan,Operations Manager,Bulandshahr,India,Small Business,Transportation,2018-11-28,120283.74
DXGJE,Nilsson & Søn A/S,Maria Schultz-Schultz,VP of Purchasing,Løsning,Denmark,Small Business,Education,2020-08-29,116054.35
MJLET,"Dixon, Hampton and Griffin",Louis Ford,Supply Chain Manager,Port Gary,USA,Small Business,Agriculture,2024-01-20,30218.39
UIQUN,Robles y asociados S.L.L.,Aníbal Cáceres Nuñez,Sales Associate,Guadalajara,Spain,Small Business,Healthcare,2020-05-17,157114.34
ZJIVP,Santos,Miguel da Mata,Sales Associate,Vasconcelos de Fonseca,Brazil,Small Business,Education,2023-08-09,138409.09
RCYOM,"Sheppard, Gutierrez and White",Nicholas Stanley,Supply Chain Manager,East Garrettville,USA,Small Business,Education,2018-09-19,140996.49
EYBCV,Carlota Balaguer Amo S.L.,Ramona Blanco,Sales Associate,Córdoba,Spain,Small Business,Food & Beverage,2022-08-19,27180.59
XXQAD,Restauración LMX S.A.,Sofía Donaire,Sales Representative,Alicante,Spain,Small Business,Manufacturing,2022-12-22,100545.75
FRIOX,Lin-Mcdonald,Taylor Dunn,Accounting Manager,Lake Amber,Canada,Retail,Technology,2022-06-06,180858.85
ZPPNW,趋势传媒有限公司,申秀华,Accounting Manager,西宁县,China,Corporate,Agriculture,2020-04-22,969504.54
OZCHA,Green-Torres,Robert Charles,Sales Associate,Justinside,USA,Wholesale,Technology,2018-01-23,478280.37
KLFED,Arroyo-Woods,Jeffrey Carter,Procurement Specialist,North Amy,Australia,Small Business,Education,2019-06-01,210790.86
ZRDBA,"Kim, Wright and Espinoza",Sandra Walker,Logistics Coordinator,South Colleenhaven,USA,Retail,Technology,2023-09-24,243868.88
DUWXS,"Aguirre, Cohen and Mitchell",Rhonda Gutierrez,Sales Associate,East Derrickville,USA,Small Business,Transportation,2022-10-10,129806.65
LJEPP,da Mata,Dra. Rebeca Correia,Logistics Coordinator,Almeida Grande,Brazil,Corporate,Agriculture,2018-05-16,305787.93
OAAMJ,Grupa Lisik-Noszczyk Sp. z o.o. Sp.k.,Hubert Klorek,Supply Chain Manager,Bolesławiec,Poland,Small Business,Hospitality,2023-06-14,39811.43
ZZUMC,Davis Inc,Glenn Collins DDS,Supply Chain Manager,Steventon,Australia,Corporate,Transportation,2020-06-22,649129.71
RROPP,Despacho Jáquez-Orosco,Pamela Rodrígez Durán,Order Administrator,Vieja Letonia,Mexico,Small Business,Food & Beverage,2024-03-16,119872.86
MTKYU,Lecoq et Fils,Léon Pires-Pichon,Accounting Manager,Gallet,France,Corporate,Construction,2025-06-15,761954.02
OBMEB,Murray Inc,Vickie Kennedy,Accounting Manager,Sharonburgh,Australia,Wholesale,Construction,2022-09-19,44791.11
DBUGQ,Vallet S.A.S.,Chantal Le Leduc,Accounting Manager,Philippe,France,Retail,Food & Beverage,2020-09-13,186650.15
XTRJE,Boyer and Sons,Cynthia Hamilton,Logistics Coordinator,East Laurashire,Canada,Corporate,Retail,2018-11-24,809403.41
ICDYE,Ahlström AB,Per Jonsson Linder,Operations Manager,Örebro,Sweden,Wholesale,Technology,2019-11-12,583516.65
LQFTI,Davis-Montgomery,Yolanda Garrett,VP of Purchasing,West Deannaside,USA,Corporate,Hospitality,2023-12-07,99897.04
MMYXG,Coulon Rey SARL,Marie Navarro-Peron,VP of Purchasing,Lefebvre,France,Wholesale,Transportation,2023-03-02,215403.23
LHUJI,Silveira,José Aparecida,Procurement Specialist,Santos de Macedo,Brazil,Government,Food & Beverage,2022-03-11,284992.21
JVPQH,Correia,Ester Nogueira,Accounting Manager,Duarte dos Dourados,Brazil,Corporate,Hospitality,2020-01-24,292576.72
LRGRU,"Rocha, Spencer and Jones",Edward Baker,Procurement Specialist,Shawnhaven,Canada,Small Business,Retail,2020-11-03,81751.11
ABKNR,Andrade PLC,Patty Allen,Order Administrator,Lake Tammyfurt,USA,Corporate,Manufacturing,2019-06-04,289301.3
QBPXF,"Jimenez, Arnold and Austin",Martin Rodriguez,Supply Chain Manager,North Maryberg,USA,Small Business,Hospitality,2019-05-04,26164.66
JTQUE,Harris Group,Andres May,Purchasing Manager,Barretthaven,Canada,Government,Manufacturing,2022-09-04,659680.37
BLZUR,"Despacho Navarro, García y Zelaya",Adán Frías Salazar,VP of Purchasing,Vieja Singapur,Mexico,Wholesale,Education,2018-06-16,211569.03
HBKZG,"Praga, Pacillo e Biagi Group",Angelina Bonaventura,Accounting Manager,Basiglio,Italy,Corporate,Hospitality,2018-08-02,517135.7
PEMDT,Szulczyk-Rawa Sp. z o.o.,Ewelina Łosiak,Marketing Manager,Inowrocław,Poland,Small Business,Hospitality,2019-06-13,228589.26
CBOGL,"Wright, Garrett and White",Jennifer Garcia,Operations Manager,Emilychester,Australia,Corporate,Food & Beverage,2024-08-13,936249.04
GSXON,Proyectos Dueñas-Urbina,Natalia Miranda,Operations Manager,Vieja Jordania,Mexico,Small Business,Technology,2024-10-06,211792.04
UOAYV,"Mocenigo, Palazzo e Pometta s.r.l.",Sig.ra Rosa Giunti,Operations Manager,Zagarolo,Italy,Corporate,Agriculture,2020-10-23,938290.08
RKQYC,Weinhage,Gordana Mentzel,Procurement Specialist,Lichtenfels,Germany,Retail,Education,2018-01-01,24711.91
TQEBJ,Jacquet S.A.S.,Raymond Dufour,Marketing Manager,Robert,France,Corporate,Technology,2020-04-02,901637.66
JCQTD,Grupo Mascareñas y Alonzo,Perla Nayeli Valadez Vásquez,Marketing Manager,Nueva Armenia,Mexico,Corporate,Construction,2021-06-14,276560.87
UQMZV,Etzler GbR,Sybilla Säuberlich,Owner,Genthin,Germany,Corporate,Food & Beverage,2019-12-03,370832.67
KFRNY,Davis-Ross,Morgan Cummings,Procurement Specialist,Thompsonshire,Australia,Corporate,Construction,2024-02-22,271336.38
TMAXQ,Larson LLC,Robert James,Marketing Manager,Port Matthewchester,USA,Wholesale,Retail,2021-02-14,35414.77
XVCPV,Gaytán-Zarate,Tania Olivas Ayala,Purchasing Manager,San Ofelia de la Montaña,Mexico,Wholesale,Hospitality,2020-05-23,107780.27
QBFIV,"Hernandez, Shaw and Walker",Nicholas Long,Logistics Coordinator,Mullinsshire,Canada,Government,Education,2021-10-13,329524.64
OIZFB,有限会社山本電気,高橋 治,Sales Representative,江戸川区,Japan,Small Business,Hospitality,2022-04-14,72103.87
EJEGP,Rastogi LLC,Mohini Thaker,Sales Representative,Bikaner,India,Corporate,Construction,2023-09-17,407324.5
WCAYS,Hansen-Freeman,Christina Gilbert,Supply Chain Manager,East Charles,USA,Retail,Technology,2023-10-28,174908.36
MDDHL,Bruscantini-Carducci s.r.l.,Letizia Navarria,Marketing Manager,Cigognola,Italy,Retail,Construction,2020-05-27,174460.02
SPCVH,"Rios, Carrillo and Jackson",Roberto Lang,Sales Associate,South Brady,Canada,Corporate,Healthcare,2024-02-18,232307.72
ZQWZN,Sousa Loureiro S.A.,Cristiano Vicente,Operations Manager,Macedo de Cavaleiros,Portugal,Wholesale,Healthcare,2025-02-10,225409.27
URZME,Melton LLC,Michael Rodriguez,VP of Purchasing,Ruizmouth,USA,Retail,Food & Beverage,2019-07-27,162990.9
LIUTB,"Kelly, Kaur and Banks",Cameron Johnson,Logistics Coordinator,Lake Amelia,UK,Corporate,Agriculture,2023-01-04,217093.23
MDXSP,Troisi-Battelli Group,Atenulf Loredan,Order Administrator,Lamon,Italy,Small Business,Education,2023-12-01,61365.49
FGKFX,"Nelson, Marshall and Landry",Matthew Alvarado,Purchasing Manager,Michelletown,USA,Small Business,Transportation,2020-03-11,18313.14
FPEJL,Krause,Dipl.-Ing. Jaroslav Tröst B.Sc.,Marketing Manager,Neuss,Germany,Small Business,Manufacturing,2024-06-30,54541.67
RBDWL,"Miller, Gonzalez and Rasmussen",Michelle Williams,Sales Representative,Matthewfurt,USA,Wholesale,Healthcare,2023-07-31,667646.5
UQPEZ,Reed LLC,Eric Ferrell,Marketing Manager,Lisaview,Canada,Corporate,Agriculture,2024-08-01,514752.73
PVHST,Waters LLC,Conn McAleer,Marketing Manager,Naomi Ville,Ireland,Corporate,Technology,2018-08-29,600493.68
PDOAZ,주식회사 씨앤씨마음바이오,이예준,Owner,삼척시,South Korea,Retail,Agriculture,2022-01-24,13237.04
MUVLG,Rezende Carvalho - EI,Gabriela Carvalho,Procurement Specialist,Sales do Galho,Brazil,Wholesale,Technology,2024-10-25,713702.07
HQCMH,Forbes-Daugherty,Timothy Stark,Logistics Coordinator,Carlosside,USA,Small Business,Construction,2025-02-09,188085.24
LUWKU,White and Sons,Pamela Beard,Order Administrator,Aliport,USA,Small Business,Food & Beverage,2021-04-27,215793.75
XIALH,"Mahoney, Hill and Maxwell",Cody Farmer,Supply Chain Manager,Catherinebury,USA,Small Business,Healthcare,2022-06-21,197984.5
WTBYR,Mcdaniel LLC,Richard Anderson,Owner,Josephstad,USA,Corporate,Education,2019-05-19,492085.23
JQSOU,Henry-Taylor,Andrew Duran,Sales Representative,West Stephaniebury,USA,Retail,Healthcare,2023-07-25,137210.29
TTWST,Proyectos Flores y Barraza,Marcela Sergio Saiz,Marketing Manager,San María José de la Montaña,Mexico,Small Business,Manufacturing,2021-03-16,128373.66
BJLNV,Schlosser Stiftung & Co. KGaA,Mira Johann-Kreusel,Operations Manager,Parchim,Germany,Wholesale,Agriculture,2018-10-27,677102.12
JRSZW,Dupont,Raymond Tanguy-Delaunay,Marketing Manager,Sainte Diane,France,Retail,Transportation,2023-09-26,26390.64
EYCEC,Grein Groth GmbH,Heidemarie Jähn B.Eng.,Sales Representative,Eggenfelden,Germany,Small Business,Healthcare,2021-03-02,132568.47
HZODJ,"Ellison, Vaughn and Mckee",Matthew Davis,Operations Manager,East Kimberlyside,Canada,Wholesale,Food & Beverage,2019-01-06,236349.68
WGYQK,Morris-Johnson,Steven Huang,Order Administrator,Davismouth,USA,Government,Education,2023-03-09,1023681.94
NOLOX,Laboratorios Castañeda-Bustos,María del Carmen Naranjo Briones,Accounting Manager,San Nayeli los altos,Mexico,Corporate,Manufacturing,2025-02-12,265442.84
HVDHY,Rogner Kramer AG,Ing. Karl-Wilhelm Sorgatz,Supply Chain Manager,Eberswalde,Germany,Retail,Agriculture,2024-07-05,74885.41
VSRDG,Stadlbauer e.V.,Justin Hörmann,Owner,Zistersdorf,Austria,Retail,Construction,2023-10-05,35986.01
EOAII,Roberts-White,Toni Smith,Order Administrator,Alexanderfort,USA,Small Business,Retail,2024-05-30,135742.52
AYTYY,"Aguirre, Franklin and Snyder",Matthew Chavez,Sales Representative,Millertown,USA,Corporate,Agriculture,2019-11-01,976820.98
SMHYZ,"White, Johnson and Perry",Jessica Gallagher,Supply Chain Manager,Lake Damienton,UK,Government,Construction,2019-02-02,1484233.2
ICMBR,Małż s.c.,Kornel Malcher,Purchasing Manager,Częstochowa,Poland,Small Business,Technology,2018-10-26,156292.89
JIPFN,Martin LLC,Melissa Larson,Accounting Manager,South Kara,USA,Corporate,Hospitality,2020-09-12,561491.68
RCNFI,Morin SARL,Michèle Gillet,Supply Chain Manager,Sainte ZoéBourg,France,Small Business,Food & Beverage,2020-03-12,227569.5
DWJJH,Eberhardt Stiftung & Co. KG,Genoveva Putz,Order Administrator,Pasewalk,Germany,Small Business,Transportation,2019-07-29,219203.93
SLZUH,Salazar Inc,Veronica Rice,Logistics Coordinator,South Jenniferport,USA,Retail,Technology,2021-03-14,183508.35
VPDHZ,Heser Putz KG,Urszula Ehlert,Procurement Specialist,Parchim,Germany,Retail,Hospitality,2023-06-19,233622.48
JAQHE,Vasquez-White,Michelle Krause,Operations Manager,North Andrewville,Canada,Wholesale,Retail,2023-07-12,169461.73
HMVHP,Figueroa Group,Martina Sosa,Operations Manager,Santa Fe,Argentina,Small Business,Transportation,2022-10-11,60007.45
EHQQD,Finetti Group,Baldassare Marzorati-Mantegazza,VP of Purchasing,Fabrica Di Roma,Italy,Retail,Technology,2023-10-01,48946.22
QATMZ,网新恒天信息有限公司,任涛,Supply Chain Manager,南宁县,China,Wholesale,Construction,2024-04-01,373352.28
GRZVJ,Naser,Frau Mareile Ernst MBA.,Logistics Coordinator,Sebnitz,Germany,Small Business,Manufacturing,2021-06-14,44897.57
IWDEH,"Huang, Ford and Olsen",Amy Meyer,Sales Associate,Angelatown,USA,Small Business,Education,2019-07-25,16935.15
QBFQT,"Fry, Chadwick and Coles",Sharon White,Supply Chain Manager,West Nicolaside,UK,Wholesale,Agriculture,2024-04-24,258889.97
VUHSJ,"Butler, Kay and Clark",Dr Jay Taylor,Procurement Specialist,West Amyland,UK,Small Business,Retail,2021-09-22,8159.93
JMIXC,Freitas Machado Ltda.,Vinicius da Rosa,Sales Representative,Camargo,Brazil,Small Business,Healthcare,2020-10-21,199801.15
RYVSS,Vasconcelos S.A.,Pedro Miguel Montenegro,Purchasing Manager,Mendes,Brazil,Small Business,Hospitality,2024-10-12,33558.58
AJRDL,Lee Group,Kelly Rowe,Supply Chain Manager,Port Monica,USA,Small Business,Education,2024-02-29,47190.75
TDDSR,"Davies, Daniels and Wood",Gordon Edwards,Accounting Manager,North Graemeton,UK,Corporate,Retail,2023-02-24,982054.09
TCAML,Christoph,Irmtraut Bien,Marketing Manager,Parchim,Germany,Corporate,Agriculture,2023-09-29,613517.36
XBHAC,Simon,Marcelle-Françoise Lebrun,Purchasing Manager,Olivier,France,Retail,Healthcare,2020-02-24,148962.75
RADTH,"Flores, Alexander and Wilson",Donald Smith,Supply Chain Manager,East Amyside,USA,Small Business,Retail,2020-05-21,214508.83
PNBVT,Lopresti e figli,Benedetto Matteotti,Procurement Specialist,Buccino,Italy,Corporate,Healthcare,2022-01-19,966050.61
TASYX,Anderson Group,Amber Reyes,Logistics Coordinator,South Philipshire,USA,Small Business,Construction,2022-09-19,50355.82
CVZLN,清水食品有限会社,山下 稔,Sales Associate,横浜市中区,Japan,Corporate,Education,2021-12-31,167434.63
DTSOB,Bradley-Davis,Melissa Davis,Order Administrator,Gabriellemouth,USA,Small Business,Technology,2021-07-11,74484.8
IZLOH,Thomas PLC,Jack White,Sales Associate,Kristinamouth,Canada,Corporate,Hospitality,2021-05-25,900016.91
YJARR,Bocelli s.r.l.,Maurizio Soderini,Sales Associate,Campofelice Di Fitalia,Italy,Small Business,Hospitality,2024-05-03,34208.37
SZTXE,Wilmsen Keudel KG,Jaroslav Dobes-Lachmann,Order Administrator,Hildesheim,Germany,Retail,Education,2022-03-03,54064.56
KGLMT,Arias PLC,Camila Ramirez,Supply Chain Manager,Viedma,Argentina,Small Business,Technology,2019-10-29,92243.84
YZNDL,Club Olivo-Barraza,Emilio Rosa Prado Puga,Purchasing Manager,San Pamela los altos,Mexico,Corporate,Transportation,2019-10-09,269280.7
ATVMA,Sandvik-Antonsen,Prof. Eirik Nilsen,Sales Representative,Helland,Norway,Small Business,Education,2022-02-28,42420.48
CBTTU,Thompson-Blanchard,Brian Cervantes,Marketing Manager,Murphyton,Canada,Corporate,Transportation,2018-09-05,515737.84
IWOYA,Clay Ltd,Nicole Guerrero,Sales Associate,Schmidtfurt,USA,Retail,Hospitality,2022-08-12,98989.32
JLAOW,Chapman-Davies,Miss Ruth James,Accounting Manager,Tracystad,UK,Retail,Retail,2025-06-03,125412.5
SMCRR,"Smith, Downs and Powell",Edward Wood,VP of Purchasing,North Jacquelinestad,USA,Small Business,Transportation,2018-10-28,121598.21
NKMZQ,Sandgren Eriksson HB,Nils Jansson,Order Administrator,Landskrona,Sweden,Wholesale,Manufacturing,2019-08-02,257350.02
BVJTA,Wells and Sons,Sarah Ward,VP of Purchasing,Mooreberg,USA,Small Business,Hospitality,2019-01-03,109896.31
KBGGI,Biesty and Sons,Dr. Molly Munnelly,Purchasing Manager,Daire Ville,Ireland,Retail,Hospitality,2022-10-24,217890.29
ENARK,Dalton-English,Tara Hanson,Procurement Specialist,Hicksside,USA,Retail,Manufacturing,2024-02-23,9998.56
AIOIC,Monnier,Éric Lamy-Texier,Operations Manager,Sainte Camille,France,Corporate,Healthcare,2023-06-24,369169.09
TIPJL,Bouchet,Mathilde Fontaine-Morel,Operations Manager,Guillet-sur-Fischer,France,Small Business,Hospitality,2020-10-05,210893.22
HBZKF,Sales,Diego Siqueira,Logistics Coordinator,Martins do Galho,Brazil,Retail,Construction,2018-08-03,28209.74
BUMFU,"Nicholson, Jones and Cox",Ian Richardson,VP of Purchasing,Mollyton,UK,Wholesale,Agriculture,2024-10-09,607991.87
OFKQL,Wulff,Horst-Günter Metz,Procurement Specialist,Rochlitz,Germany,Corporate,Food & Beverage,2023-07-02,646451.74
EMRVY,Fogaça,João Vitor Cavalcante,Accounting Manager,Sales,Brazil,Retail,Agriculture,2024-11-30,203188.7
XYSBF,Gustafsson & Olsson HB,Lisa Lind,Operations Manager,Piteå,Sweden,Corporate,Retail,2025-06-03,759111.84
VKWXQ,"Bala, Mangat and Sundaram",Jonathan Tiwari,Sales Associate,Alwar,India,Corporate,Manufacturing,2019-11-21,663740.52
PKCEG,"Campbell, Hodge and Smith",Christopher Vargas,Accounting Manager,Lake Sean,USA,Small Business,Agriculture,2024-01-21,247866.81
XFHAU,Zänker Thies GbR,Dr. Resi Rädel B.Sc.,Accounting Manager,Borna,Germany,Government,Retail,2025-04-01,1324158.26
SUBXI,"Peck, Moore and Crawford",Patricia Young MD,Accounting Manager,East Becky,USA,Retail,Technology,2024-04-23,224709.44
XKVVG,Jaime y Asociados,Amelia de la Fuente Rivera,Supply Chain Manager,San Martín los bajos,Mexico,Wholesale,Hospitality,2021-07-27,403419.23
YYGWG,Restauración del Mediterráneo S.Coop.,Juan Manuel Royo Albero,Purchasing Manager,Zaragoza,Spain,Wholesale,Education,2021-05-13,263732.29
KTGKD,"Stewart, Moreno and Blanchard",Joseph Gomez,Sales Representative,Bishopview,Canada,Corporate,Manufacturing,2020-07-05,467501.64
PMJYI,Lang-Scott,Julia Leonard,Sales Associate,Lake Emily,USA,Small Business,Healthcare,2023-10-10,241012.26
YJSVA,Royal Lamore,Lisa Arts,Supply Chain Manager,Aarle-Rixtel,Netherlands,Corporate,Food & Beverage,2024-03-26,706148.33
GOIYJ,Polesel SPA,Bianca Sabatini,VP of Purchasing,Riparbella,Italy,Corporate,Healthcare,2019-08-24,864764.78
XKZGC,Hermann Gröttner AG,Lorenzo Davids,Marketing Manager,Sangerhausen,Germany,Corporate,Retail,2022-12-03,920096.26
WTKAW,Industrias Casas y Casares,Salma Cedillo Núñez,Operations Manager,Nueva Trinidad y Tabago,Mexico,Small Business,Technology,2019-05-20,231991.82
KXCEG,Jones-Hudson,Julian Preston,Purchasing Manager,Rachelmouth,UK,Small Business,Construction,2019-12-06,183661.74
ISTQE,da Mota S/A,Maria Julia Farias,Operations Manager,da Luz,Brazil,Wholesale,Retail,2025-02-28,27229.96
HOCGS,Thompson-Jones,Christina Long,VP of Purchasing,Rodriguezside,USA,Wholesale,Construction,2023-10-05,522171.2
IMTGR,Canali s.r.l.,Sig.ra Bianca Barbarigo,Order Administrator,Motta Santa Lucia,Italy,Wholesale,Healthcare,2018-07-12,86189.24
KJVOA,Hermann,Alena Oestrovsky B.A.,Owner,Bad Kissingen,Germany,Retail,Construction,2022-12-25,158523.7
ZFSEK,时空盒数字信息有限公司,梁小红,Sales Associate,淑兰县,China,Small Business,Retail,2024-04-29,26820.01
YDSLX,Reuter GbR,Hans-Jochen Stroh,Operations Manager,Cottbus,Germany,Wholesale,Transportation,2022-04-02,110921.45
EWUHM,Cook-Turner,Zachary Holland,Sales Representative,Amandamouth,Australia,Small Business,Healthcare,2018-08-09,152020.28
HRKKD,Leeney-Guilfoyle,Ruari Canniffe,Accounting Manager,Nichola Ville,Ireland,Retail,Healthcare,2020-03-29,156331.66
JRLAD,天益信息有限公司,李丽丽,Order Administrator,合肥市,China,Retail,Technology,2019-06-13,173278.85
STGCB,"Davies, Allen and Price",Maria Porter,Order Administrator,Levytown,Australia,Retail,Transportation,2018-04-12,227515.5
YZPTB,Marnan Ltd,Kurt Dignan,Accounting Manager,Naoimh Ville,Ireland,Small Business,Technology,2025-01-17,79114.3
JZOPG,Fischer,Herr Alfred Wähner B.A.,Procurement Specialist,Staffelstein,Germany,Small Business,Education,2018-02-22,220084.7
INDDB,"Williams, Haynes and Anderson",Anthony Parker,Sales Representative,South Cherylshire,USA,Small Business,Manufacturing,2018-06-25,188216.73
HWPTG,Początek Sp.j.,Wiktor Ślipek,Order Administrator,Lubin,Poland,Small Business,Retail,2021-03-12,82308.02
TDWRU,"McPolin, MacNelis and Divine",Mr. Ian Hardy,Owner,Kirstie Ville,Ireland,Corporate,Food & Beverage,2020-07-07,268367.52
GSLZY,Hill Group,Jacob Martin,Owner,New Billy,USA,Small Business,Agriculture,2018-10-01,123873.88
VWDCW,Merle,Alain Coulon,Sales Representative,Saint Aimé-les-Bains,France,Wholesale,Agriculture,2024-12-09,621364.52
RFZAT,Leão,Sra. Carolina Costela,Sales Representative,Porto,Brazil,Small Business,Hospitality,2020-01-12,65308.57
CIHZD,Bouchet,Emmanuel Bourdon-Jacquot,Order Administrator,Saint Michelle,France,Small Business,Hospitality,2021-09-30,210059.42
CVRLY,Burton LLC,Aaron Young,Supply Chain Manager,New Tiffanystad,USA,Government,Education,2024-06-19,1942563.98
YITTY,Club Frías y Lebrón,Eloisa Carreón Córdova,Supply Chain Manager,San Miriam de la Montaña,Mexico,Corporate,Food & Beverage,2019-03-14,811480.06
UTOPC,Collier LLC,Kelly Williams-Shepherd,Accounting Manager,Thomaston,UK,Corporate,Technology,2024-12-06,134728.89
EUHTR,Bäck AB,Karl Andersson,Purchasing Manager,Kristianstad,Sweden,Corporate,Technology,2022-06-11,749094.82
XPJCJ,Fundacja Straszak,pani Janina Fiedler,Marketing Manager,Świętochłowice,Poland,Small Business,Technology,2019-09-16,121727.72
KTVPL,Sousa Jesus S.A.,Hellena Barbosa,Sales Associate,Pacheco de Mendonça,Brazil,Corporate,Agriculture,2018-05-29,374657.61
FREMQ,Rodrigues,Thibault du Colin,Procurement Specialist,Besson-les-Bains,France,Corporate,Transportation,2021-06-06,465487.74
MDDXV,趋势信息有限公司,张阳,Procurement Specialist,呼和浩特县,China,Small Business,Construction,2019-01-09,16693.43
BCLCR,Ellis-Jackson,Stephen Munoz,Supply Chain Manager,New Tara,USA,Wholesale,Education,2024-05-29,209773.65
NCREE,Jenkins PLC,Zachary Vargas PhD,Sales Associate,Alexischester,USA,Corporate,Technology,2023-07-08,882917.58
PLRQG,Smith Group,Jamie Norman,Sales Representative,New Christopher,UK,Corporate,Hospitality,2021-02-17,759677.85
WCNAD,Williams Group,Kathy Simmons,Sales Representative,Mendozaville,Canada,Government,Transportation,2021-05-23,1414431.84
ZPMQZ,Feltzer & Barents,Yasmin Molen,Order Administrator,Eexterzandvoort,Netherlands,Government,Technology,2020-09-07,1628817.4
DEVSE,Holland Inc,Michael Martin,Owner,Hodgeshire,USA,Corporate,Retail,2018-03-08,667252.83
QUEHM,Mitschke Wirth AG & Co. KG,Concetta Zobel-Koch II,Operations Manager,Vilsbiburg,Germany,Small Business,Hospitality,2022-09-30,45695.85
SZMWP,"Jones, Barry and Cook",Jeffery Nelson,Marketing Manager,Port Gail,USA,Corporate,Technology,2022-08-26,98376.07
QSZWT,Fitzgerald-Brown,Megan Barron,Supply Chain Manager,South Michaelton,USA,Wholesale,Manufacturing,2020-09-27,51837.48
NSYXW,Seifert KG,Karl-Jürgen Tröst,Marketing Manager,Dessau,Germany,Wholesale,Agriculture,2025-05-09,38789.25
OGQXD,Fernandez Ltd,Todd Carpenter,Supply Chain Manager,Port Julie,Canada,Retail,Education,2019-09-10,114839.72
ESMLN,Hethur Paffrath OHG mbH,Ing. Anke Bolnbach,Supply Chain Manager,Ilmenau,Germany,Retail,Education,2021-05-23,230825.22
SMWSK,Karlsson & Bergström HB,Magnus Paulsson,Sales Associate,Gävle,Sweden,Wholesale,Education,2024-09-07,602080.18
VQHTR,Broschi-Botticelli s.r.l.,Ivo Borsiere,Sales Representative,Gambarana,Italy,Corporate,Retail,2019-03-27,625461.56
KZHFB,Terry Group,Dan Crane,Owner,West Robertside,USA,Small Business,Manufacturing,2024-12-25,92475.75
VXABL,Reed-Wallace,Dorothy Brown,Supply Chain Manager,Port Stacey,USA,Corporate,Agriculture,2022-10-31,262890.86
IJBWG,Lane-Rios,Katelyn Wade,Sales Representative,Ellisshire,USA,Retail,Agriculture,2018-12-28,153050.92
BYUZT,Jackson-Green,Dr. Randy Williams,Purchasing Manager,Justinburgh,USA,Wholesale,Construction,2022-08-21,592063.29
VBCQW,Mathiesen ApS,Danny Thygesen,Order Administrator,Harpelunde,Denmark,Corporate,Manufacturing,2019-10-14,722755.19
MWEJV,Nadig PLC,Ridhi Lad,Purchasing Manager,Udaipur,India,Wholesale,Transportation,2019-07-16,727986.58
AVMHE,"Banerjee, Nadig and Padmanabhan",Kashish Sen,Accounting Manager,Deoghar,India,Small Business,Technology,2020-04-05,93357.63
DTKFU,Palacios S.C.,María José Indira Cortés,Sales Associate,Vieja Sri Lanka,Mexico,Retail,Transportation,2023-04-15,238200.93
RYLUS,da Rocha,Clara Nunes,Procurement Specialist,Fernandes de Sales,Brazil,Retail,Hospitality,2018-11-04,87884.39
ULKAX,Benthin Etzold OHG mbH,German Barth,Sales Representative,Schwarzenberg,Germany,Retail,Food & Beverage,2024-04-20,244544.58
UWZKX,Geeraerts-Dierckx CommV,Lore De Roo,Logistics Coordinator,Jollain-Merlin,Belgium,Small Business,Manufacturing,2019-06-20,181780.01
IVXPD,Powell Group,Albert Andrews,Sales Associate,Chamberlainmouth,UK,Small Business,Healthcare,2022-07-09,222457.04
QLIVQ,"Harding, Kerr and Ward",Scott Wood,Marketing Manager,Alexanderstad,Canada,Retail,Hospitality,2020-08-19,14057.69
STDZH,Cameron-Nicholson,Ross Cox-Sanderson,Purchasing Manager,Barberchester,UK,Small Business,Manufacturing,2023-06-18,132727.29
EAUPG,Dewan-Chadha,Sarthak Mitter,Accounting Manager,Loni,India,Wholesale,Agriculture,2025-05-24,105070.38
JQJBQ,Fitzpatrick PLC,Ann Ortiz,Purchasing Manager,Robertside,USA,Small Business,Construction,2021-06-18,185530.38
ZUZOX,Bourgeois Lemoine S.A.R.L.,Robert Marin de Hernandez,VP of Purchasing,Bailly-sur-Teixeira,France,Government,Construction,2022-03-11,544292.01
RVODJ,Wilson-James,Holly Hodgson,Logistics Coordinator,Harveyport,UK,Corporate,Education,2021-02-15,540629.23
ULDLK,Knox-Newman,Phillip Snyder,Purchasing Manager,New Julieshire,USA,Corporate,Retail,2021-08-08,502440.42
JNPNK,Poirier,Célina Besson,Accounting Manager,PeronVille,France,Small Business,Technology,2024-05-02,249145.39
YTKEN,合同会社佐藤印刷,斉藤 くみ子,Operations Manager,江東区,Japan,Wholesale,Retail,2019-03-23,726823.06
NSLAE,Alves,Martine Rousseau,Procurement Specialist,Klein,France,Small Business,Hospitality,2021-12-20,152392.05
DOBDJ,Pieper AG & Co. OHG,Herr Krzysztof Weller,Order Administrator,Prenzlau,Germany,Small Business,Transportation,2020-06-01,11854.56
UKYHH,Serrano-Cohen,Michael Barker,Sales Representative,New Bettyberg,USA,Wholesale,Transportation,2018-02-05,26512.17
BBMIL,Freitas,Maria Sophia Fernandes,Order Administrator,Caldeira,Brazil,Wholesale,Transportation,2019-08-20,629983.49
DDQTR,"Diaz, Lopez and Escobar",Sr(a). Ciro Avila,Sales Representative,Bahía Blanca,Argentina,Retail,Education,2024-02-20,26882.17
QKXIB,Mendoza LLC,Brenda Ramos,VP of Purchasing,Geraldport,Canada,Retail,Manufacturing,2018-03-20,163249.55
SOUSO,Ericson AB,Emilia Eliasson,Purchasing Manager,Skövde,Sweden,Small Business,Hospitality,2023-03-06,52144.55
OBOEM,Jones Group,Amanda Rodriguez,Owner,South Davidview,Canada,Corporate,Agriculture,2018-04-29,220756.23
UGSXL,Contreras-Webster,Tamara Harris,Procurement Specialist,East Ellen,USA,Small Business,Technology,2018-03-22,149278.79
YIEAN,Letellier Lopes S.A.S.,Marthe Renard,Sales Associate,Valette-sur-Mer,France,Corporate,Hospitality,2021-10-13,980796.81
HETEY,Brito - EI,Vinícius Cunha,VP of Purchasing,da Paz,Brazil,Corporate,Construction,2019-04-16,963067.17
SHCDX,"Smith, Swanson and Glass",Sarah Wells,Accounting Manager,South Emily,USA,Small Business,Hospitality,2018-10-21,17710.14
PGNNY,Zavala-Coleman,Jennifer Juarez,Accounting Manager,Davidville,USA,Corporate,Transportation,2021-11-23,575465.03
AQXAO,Farmer-Bush,Amanda Murphy,Supply Chain Manager,South Justinport,USA,Government,Healthcare,2023-02-24,1549658.76
DOLWN,Gastélum y Urrutia S.C.,Luis Miguel Elena Barrios Rolón,Sales Representative,San Diego de la Montaña,Mexico,Small Business,Retail,2025-06-26,196595.8
LXLAM,Rocha,Miguel Macedo,Supply Chain Manager,Campos,Brazil,Corporate,Retail,2019-01-28,50515.79
MPVJJ,Studer Schnyder AG,Roberto Käser,VP of Purchasing,Münchenbuchsee,Switzerland,Corporate,Agriculture,2019-07-03,317245.72
NBCSV,Martinez-Massey,Diana Reeves,Logistics Coordinator,Katelynfurt,USA,Small Business,Manufacturing,2020-09-01,220178.43
NUWYQ,"Morrison, Sullivan and Washington",Randy Rodriguez,Logistics Coordinator,Tracybury,USA,Small Business,Healthcare,2022-09-16,167257.87
FYIXD,Holland Ltd,Janet Stephenson,Owner,East Margaretmouth,UK,Small Business,Food & Beverage,2019-02-23,225854.02
KXSTN,株式会社阿部情報,小川 知実,VP of Purchasing,安房郡鋸南町,Japan,Government,Agriculture,2022-12-18,158800.29
RRJVV,Gimenez-Molina,Sr(a). Oriana Gonzalez,Order Administrator,Santa Rosa,Argentina,Small Business,Food & Beverage,2024-08-05,35567.15
FATTR,Kraus GmbH & Co. KG,Silke Kohl,Logistics Coordinator,Mittweida,Germany,Small Business,Hospitality,2018-04-09,204988.8
VFZZA,Hawkins LLC,Carly Jordan,Operations Manager,Jenniferfort,Canada,Retail,Construction,2023-09-23,56226.15
VKWOM,"Leonard, Keller and Jennings",Karen Dickerson,Procurement Specialist,South Joseshire,USA,Corporate,Construction,2025-04-11,688566.77
EPTDY,"Rhodes, Miranda and Mitchell",Kevin Anderson,Marketing Manager,Michaelshire,Canada,Retail,Manufacturing,2018-03-15,52003.63
ZSNGO,小林電気有限会社,加藤 あすか,Operations Manager,羽村市,Japan,Corporate,Technology,2019-10-31,658917.97
BYLZH,Rasmussen ASA,Bjørg-Synnøve Andresen,VP of Purchasing,Berge,Norway,Small Business,Transportation,2020-07-12,93560.6
WFHKL,Yohannan LLC,Triveni Sami,Owner,Shimoga,India,Small Business,Education,2018-02-25,25043.18
ATZLB,Pastor,Liam Garcia,Marketing Manager,Duarte Verde,Brazil,Corporate,Education,2018-09-25,345265.56
CMVPQ,Garcia-Leonard,Jonathan Hubbard,Order Administrator,Garrettport,Canada,Wholesale,Healthcare,2020-09-21,103184.47
IBIUY,Harris-Reid,Angela Jefferson,Supply Chain Manager,West Joseph,USA,Small Business,Hospitality,2020-03-24,158210.45
CBAIW,"Morales, Perez and Newton",Ryan Davis,Purchasing Manager,Joshuashire,Canada,Wholesale,Food & Beverage,2024-01-02,691358.95
HQBRO,Loos Häring GmbH,Massimo Jacobi Jäckel,Accounting Manager,Mallersdorf,Germany,Wholesale,Technology,2022-12-21,94476.93
GPRAJ,Iyengar-Sachdeva,Zayan Varma,Sales Associate,Motihari,India,Retail,Construction,2019-05-10,29813.09
RANPC,Sevilla y Asociados,Reynaldo Modesto Gallardo,Owner,San Gabriel los altos,Mexico,Small Business,Hospitality,2021-12-29,150257.19
XDNJM,"Roldan, Barrios and Maidana",Maximo Torres Fernandez,Supply Chain Manager,San Ferando del Valle de Catamarca,Argentina,Small Business,Healthcare,2023-08-05,38729.81
DPNQJ,Richard-Jenkins,Susan Walters,Supply Chain Manager,Adamsport,USA,Retail,Retail,2022-11-04,41115.22
IJAPR,Holmes-Smith,Amy Burrows,Owner,East Dylanmouth,UK,Corporate,Agriculture,2021-08-21,865767.1
FFXUI,Löchel Seifert AG,Daniel Heydrich B.A.,VP of Purchasing,Grevesmühlen,Germany,Small Business,Transportation,2023-12-02,151941.76
PZQKE,Slater-Noble,Mr Norman Gill,Operations Manager,Port Jakemouth,UK,Retail,Food & Beverage,2022-07-05,126503.01
QSMFM,昂歌信息信息有限公司,赵成,Order Administrator,郑州市,China,Wholesale,Technology,2021-11-29,173854.36
ZJBAC,"Herring, Huynh and King",Cynthia Martinez,Accounting Manager,Markshire,USA,Small Business,Construction,2023-07-11,228613.65
ZFHFG,Weimer,Dipl.-Ing. Elmar Fechner B.Sc.,Sales Representative,Fulda,Germany,Small Business,Agriculture,2025-04-08,65261.24
EGCVD,Ortiz-Roy,Joseph Lyons,VP of Purchasing,West Amyfort,USA,Wholesale,Hospitality,2023-02-12,270327.88
LJJEN,Suarez-Giles,Mike Underwood,Supply Chain Manager,Lake Tammyton,USA,Retail,Hospitality,2024-04-22,34030.86
DENSI,Pauwels NV,Guusje Wouters,Sales Associate,Druten,Netherlands,Retail,Healthcare,2022-01-04,230648.33
PWHDG,Savant Group,Maya Kumer,VP of Purchasing,Mysore,India,Wholesale,Retail,2025-01-06,642339.41
XFCMR,Hutter GesbR,Viktor Leithner,Purchasing Manager,Trofaiach,Austria,Corporate,Technology,2021-01-17,763742.64
NMMIJ,Lara y Asociados,Mitzy Rodríguez Paz,Logistics Coordinator,San Luisa de la Montaña,Mexico,Small Business,Transportation,2024-03-06,121070.75
QUQFX,"Green, Jones and Fisher",Kimberly Murphy,Operations Manager,Port Brettburgh,Canada,Retail,Technology,2022-09-21,58555.46
JEVGC,Ernst,Hans-Wilhelm Gute,Purchasing Manager,Helmstedt,Germany,Corporate,Agriculture,2022-04-25,383996.2
MQLMK,Moore PLC,Patricia Banks,Operations Manager,Port Brooke,Canada,Small Business,Technology,2021-01-28,11055.96
GBXHN,Mentzel Müller Stiftung & Co. KGaA,Folkert Gerlach-Striebitz,Procurement Specialist,Günzburg,Germany,Small Business,Manufacturing,2019-06-28,232018.45
BAFFI,Richardson-Long,Ruben Hudson,Accounting Manager,North Sandrabury,USA,Wholesale,Manufacturing,2024-10-18,163215.77
DWSOG,Gonzalez-Haynes,James Patterson,Accounting Manager,Edwardstad,Canada,Corporate,Education,2019-04-11,793971.84
KPRMN,Drubin,Oscar Putz,Sales Representative,Mettmann,Germany,Retail,Healthcare,2024-03-14,60596.94
MNUTS,Dani-Kapur,Rayaan Lata,Operations Manager,Shimla,India,Small Business,Hospitality,2020-11-11,81703.33
USFLO,Gates-Greene,Diane Byrd MD,Order Administrator,Sparkstown,USA,Corporate,Retail,2020-03-05,340293.34
MRJFL,Young-Hayes,Kevin Holland,Sales Associate,North Taylormouth,Australia,Wholesale,Agriculture,2025-04-20,242236.98
OADZZ,Mcdaniel-Reeves,Nancy Scott,Supply Chain Manager,New Brianmouth,Canada,Small Business,Construction,2024-12-23,228869.29
KJYBK,Fogaça,Ana Clara Abreu,Operations Manager,Montenegro das Flores,Brazil,Corporate,Construction,2020-04-07,963841.24
HEREV,"Nevárez, Centeno y Valdivia",Roberto Duarte Hurtado,Supply Chain Manager,Vieja Israel,Mexico,Small Business,Retail,2024-07-30,53754.69
KFHNL,兰金电子信息有限公司,李林,Order Administrator,平市,China,Small Business,Retail,2021-09-28,85059.16
KZDKT,联通时科传媒有限公司,章燕,Sales Associate,玉梅县,China,Retail,Healthcare,2024-09-09,36833.41
LSMPY,Doyle-Henry,Kristi Livingston,Supply Chain Manager,Brownberg,USA,Corporate,Transportation,2018-05-30,311668.93
DBKUN,Johnson LLC,John Wilson,Supply Chain Manager,Williamsstad,USA,Retail,Transportation,2025-05-30,118360.39
CQXJV,"Washington, Vasquez and Singleton",Becky Davis,Accounting Manager,Henryburgh,USA,Small Business,Retail,2023-08-15,106687.93
QLKRS,Elliott-Alvarado,Zachary Smith,Purchasing Manager,South Samantha,USA,Small Business,Food & Beverage,2019-11-05,63725.34
HQHXS,Marel,Tim Verhaar,Logistics Coordinator,Arcen,Netherlands,Retail,Transportation,2020-02-18,105763.15
DJTNU,"Dara, Ramesh and Prakash",Ekiya Dube,Sales Associate,Jodhpur,India,Small Business,Manufacturing,2021-06-13,55806.16
AQRMI,"Keller, Gibson and Moses",Abigail Booker,Sales Associate,Nguyenshire,USA,Retail,Technology,2018-12-20,14254.79
SDRML,Solis LLC,Anthony Jones,Purchasing Manager,Davisview,USA,Small Business,Healthcare,2019-05-03,179827.48
MHEVP,Cichorius Bärer AG & Co. OHG,Dipl.-Ing. Reinhardt Kusch,Sales Representative,Stade,Germany,Corporate,Agriculture,2023-08-22,754374.16
RAHLE,"Moore, Evans and Owen",Tammy Mckee,Logistics Coordinator,West Elizabeth,USA,Corporate,Agriculture,2024-03-27,255358.17
VVQSX,有限会社吉田電気,渡辺 陽子,Sales Associate,北区,Japan,Government,Transportation,2018-09-04,199588.99
UTYJG,Shepherd-Austin,Jeffery Williams,Purchasing Manager,Teresabury,USA,Corporate,Food & Beverage,2022-11-08,989826.09
ERFWU,"Nash, Hughes and Johnson",Luke Harris,VP of Purchasing,Hooperfort,UK,Corporate,Retail,2020-04-02,91811.89
VIQQY,Pottier Ribeiro S.A.,Pénélope Le Colas,Sales Associate,Saint Benjamin,France,Retail,Hospitality,2021-11-06,61939.99
IARAF,"Coleman, Davis and Guerrero",Dawn Scott,Marketing Manager,Port Wesleyville,USA,Corporate,Manufacturing,2023-07-20,667447.75
BFHPZ,Gieß Zimmer AG & Co. KGaA,Angelica Carsten-Lindau,Purchasing Manager,Helmstedt,Germany,Wholesale,Construction,2022-05-27,149307.86
PZSRZ,Rajala,Mikael Karhu,Logistics Coordinator,Kristiinankaupunki,Finland,Corporate,Retail,2019-05-22,653585.78
IWMIP,Royal Guit,Lina Belpere,Supply Chain Manager,2e Valthermond,Netherlands,Small Business,Agriculture,2020-12-16,161945.03
PZGQX,Jackson Group,Jared Sandoval,Accounting Manager,Turnerstad,USA,Corporate,Technology,2023-03-06,769383.46
BJHDF,"Leonard, Ballard and Miller",Connor Cabrera,Owner,Port Anthony,Canada,Corporate,Construction,2021-08-09,989123.81
WDIUB,Delahaye Guillot S.A.R.L.,Élisabeth Fernandez-Hernandez,Sales Associate,Carondan,France,Small Business,Manufacturing,2021-02-28,188884.97
TIFBX,Martin and Sons,Jill Washington,Marketing Manager,Port Shannonbury,USA,Wholesale,Healthcare,2019-07-06,465845.82
ILAWB,Krein,Guiseppe Anders,Marketing Manager,Seelow,Germany,Corporate,Retail,2024-05-08,941360.8
EOUFN,Petty-Allison,Linda Spencer,Sales Associate,Benjaminfurt,USA,Wholesale,Manufacturing,2021-08-23,144015.14
LPHOZ,"Hardy, Mcconnell and Stein",Crystal Brown,Marketing Manager,South Barbaraside,USA,Corporate,Transportation,2018-06-23,126015.17
KELNT,König & Wirth KG,Leonard Reinthaler,Sales Representative,Neunkirchen,Austria,Wholesale,Transportation,2023-03-25,39363.03
WTXPD,Fritsch GmbH,Horst-Günter Kaul MBA.,Logistics Coordinator,Ochsenfurt,Germany,Corporate,Technology,2019-08-25,490468.67
JPBDM,Marion,Christelle Cousin,Sales Representative,Delattreboeuf,France,Retail,Food & Beverage,2023-12-19,8144.4
SMYYZ,Loiseau Guillaume SARL,Xavier Guillet,Order Administrator,Giraud,France,Small Business,Manufacturing,2019-06-30,162056.94
KBXKO,"Vasquez, Leon and Hahn",David Hawkins DVM,Marketing Manager,Nicolestad,Canada,Wholesale,Manufacturing,2023-01-27,584171.02
JSQJB,Thakur Inc,Geetika Sani,Sales Associate,Tadipatri,India,Retail,Healthcare,2019-09-13,64376.45
VQRSQ,"Walker, Scott and Peterson",Anthony Rich,Accounting Manager,Paulahaven,USA,Small Business,Retail,2022-07-12,67300.57
YVAUQ,Mccarthy Group,Tonya Campos,Sales Associate,Port Cherylville,Canada,Small Business,Construction,2024-03-04,243665.67
XWELR,Romero and Sons,Shelby Bartlett,Procurement Specialist,Lake Kelly,USA,Retail,Technology,2021-04-23,148589.54
TYWCO,"Jimenez, Harrell and Moore",Robert Martinez,Order Administrator,St. Tara,Australia,Wholesale,Manufacturing,2023-10-07,567829.3
KIZVA,Gross & Partner,Francis Ott,Purchasing Manager,Brig-Glis,Switzerland,Wholesale,Technology,2019-12-30,405597.44
TEJSF,"Muro, Guillen y Coronado",Lic. Esperanza Chavarría,Sales Representative,San Liliana los bajos,Mexico,Small Business,Hospitality,2024-09-24,115411.89
EBETG,Andreu y asociados S.A.,Plinio Villar Baños,Sales Associate,Guipúzcoa,Spain,Small Business,Construction,2020-05-11,31752.88
CCDBA,Club Ballesteros-Orozco,Virginia Corona Velasco,Marketing Manager,Vieja Maldivas,Mexico,Small Business,Hospitality,2021-01-05,7329.11
YRUBF,"Harrison, Wong and Atkinson",Miss Rebecca Mason,Owner,Lake Sophie,UK,Small Business,Agriculture,2021-05-06,246789.73
YMILJ,Sathe Ltd,Nidhi Hora,Order Administrator,Guwahati,India,Retail,Healthcare,2018-04-12,235542.81
JBJIC,Orellana-Castro S. R.L. de C.V.,Mtro. Ernesto Cabán,Operations Manager,San Nicolás los bajos,Mexico,Retail,Technology,2023-09-04,182678.95
DPWHS,(주) 가야항공,김지영,Marketing Manager,옥천군,South Korea,Small Business,Construction,2021-03-03,173115.3
NRAQY,Cosman NV,Maaike van de Noordmark,Order Administrator,Noordbroek,Netherlands,Corporate,Education,2018-12-05,879762.77
TRGMT,Fasching & Lichtenegger GmbH,Ajna Lintner,Purchasing Manager,Groß-Enzersdorf,Austria,Small Business,Transportation,2024-01-14,246783.51
XTHFD,Larsson & Stenberg AB,Gabriel Marklund,Procurement Specialist,Borlänge,Sweden,Retail,Agriculture,2021-11-23,12777.71
CVZZM,Duval Millet S.A.S.,Élise-Maryse De Sousa,Operations Manager,Saint Michèlenec,France,Retail,Transportation,2024-03-17,167347.32
FTRCL,Davis Group,Karen Griffin,Logistics Coordinator,Ericafurt,USA,Corporate,Education,2022-05-30,907516.09
FGMXD,"Rana, Lalla and Tara",Ria Suri,Sales Representative,Ujjain,India,Retail,Transportation,2019-01-31,27158.23
WYTPQ,有限会社山下鉱業,池田 智也,Sales Associate,江戸川区,Japan,Retail,Technology,2018-03-31,165210.31
ZLGGH,Zaccardo Group,Pierangelo Capone,Purchasing Manager,Zuri,Italy,Corporate,Construction,2020-10-08,940350.12
DJWYO,Baria-Virk,Jacob Prabhu,Owner,Dindigul,India,Small Business,Construction,2020-04-10,136222.74
ZIJRU,Gonzalez-Fernandez,Dr(a). Isabella Escobar,Procurement Specialist,Ushuaia,Argentina,Government,Construction,2020-02-15,522068.96
NLDYV,Warmer GmbH & Co. KGaA,Burkard Rogge,Operations Manager,Bergzabern,Germany,Government,Retail,2024-07-10,1242784.29
RUSPI,Olson-Collins,George Bennett,Logistics Coordinator,Port Dillon,USA,Corporate,Construction,2022-10-08,504368.61
MSJZI,Guadalupe Sanchez Company S.L.N.E,Anunciación Recio Ponce,Logistics Coordinator,La Coruña,Spain,Corporate,Healthcare,2020-07-16,715387.04
WEMKZ,Rubio Group,Maria Cline,VP of Purchasing,New Crystalport,USA,Retail,Retail,2022-03-16,247810.49
IRZTK,Ramos - EI,Gael Pinto,Procurement Specialist,Nunes,Brazil,Wholesale,Manufacturing,2021-11-29,529872.83
WKDTP,Shaw-Smith,Kim Rivers,Owner,Kristinbury,USA,Wholesale,Manufacturing,2024-03-20,356711.06
DSHDF,"Wallace, Roman and Lawson",Andrew Atkins,Logistics Coordinator,West Samuelchester,USA,Corporate,Food & Beverage,2018-03-07,394114.49
CUWJZ,Hall & Farah AB,Katarina Green,VP of Purchasing,Eskilstuna,Sweden,Wholesale,Food & Beverage,2023-10-04,94634.61
EBZQP,Desmet VOF,Anna Voet,Sales Representative,Gages,Belgium,Small Business,Technology,2018-03-16,65025.25
KHPET,Evans Inc,Jason Nguyen,Logistics Coordinator,Davidville,USA,Retail,Hospitality,2018-05-22,195544.05
QHQJD,Nygren AB,Karl Karlsson,Purchasing Manager,Karlstad,Sweden,Corporate,Agriculture,2018-06-15,263688.29
ZMSCP,Tran-Jones,Mark Mcintyre,Sales Associate,West Angelashire,Canada,Small Business,Technology,2023-01-22,78099.02
ISWNK,Hines Ltd,Elizabeth Russell,Logistics Coordinator,Port Cynthiaborough,USA,Corporate,Agriculture,2023-11-13,826589.7
NBVOV,Palombi e figli,Piersanti Vittadello,VP of Purchasing,Pandino,Italy,Corporate,Healthcare,2018-04-25,967396.99
EPEOU,(유) 코리아네오개발,허서준,Purchasing Manager,오산시,South Korea,Corporate,Construction,2024-04-16,245918.41
OWAZN,Kidd-Kirby,Ryan Campbell,Order Administrator,Lake Amanda,USA,Retail,Retail,2018-07-11,108647.58
AHYNU,Johannessen og Sønner,Joakim Strand,VP of Purchasing,Knudsen,Norway,Small Business,Retail,2019-08-01,146382.51
NZJNF,斉藤印刷合同会社,松田 美加子,Purchasing Manager,長生郡長南町,Japan,Government,Food & Beverage,2019-11-05,550490.68
HVYPF,Peterson-Stevens,Alexis Holt,Order Administrator,New Thomastown,USA,Corporate,Construction,2023-01-16,450914.26
GQELY,Novais,Dra. Rebeca Teixeira,VP of Purchasing,Nascimento de Minas,Brazil,Small Business,Retail,2023-11-25,136296.56
TZSFJ,"Curtis, Ryan and Stafford",Jill Martinez,VP of Purchasing,Careystad,USA,Small Business,Agriculture,2020-11-24,153211.45
DZLAP,Anders,Herwig Koch II,Purchasing Manager,Melle,Germany,Corporate,Agriculture,2018-01-26,154490.63
BQJIH,Teixeira Ltda.,Maria Alice Correia,Marketing Manager,Pimenta,Brazil,Corporate,Hospitality,2022-09-08,408298.18
JCYES,Hahn & Haring KG,Herr Frederik Mitter,Accounting Manager,Altheim,Austria,Small Business,Transportation,2019-06-21,28407.44
OHHCB,"Frost, Taylor and Pearce",Graham Fisher,Order Administrator,North Joan,UK,Retail,Technology,2018-12-18,49264.76
RUOWK,Desarrollo WST S.L.,Clemente Alvarado-Iriarte,Supply Chain Manager,Álava,Spain,Corporate,Food & Beverage,2025-01-11,702325.43
RDOGX,"Nunez, Santos and Nash",Ryan Russell,VP of Purchasing,St. Tylerhaven,Australia,Retail,Healthcare,2023-09-09,171162.73
LLJMH,Hauffer,Fredi Linke,Sales Associate,Herford,Germany,Small Business,Healthcare,2018-01-15,79770.92
YKICC,Hansson AB,Viktoria Johansson,Logistics Coordinator,Södertälje,Sweden,Corporate,Hospitality,2019-06-23,206857.47
TOMWZ,Collins-Garrett,John Morton,Sales Associate,Marybury,USA,Government,Retail,2018-10-23,1011346.3
ZXSKQ,Fernandes Aragão Ltda.,Isabela Barbosa,Logistics Coordinator,Teixeira de Brito,Brazil,Corporate,Technology,2022-09-08,717462.13
GTYVW,"Dash, Chada and Bhat",Krishna Munshi,Procurement Specialist,Warangal,India,Government,Food & Beverage,2018-06-19,1254009.74
RWNFB,Brandstätter Hödl KG,Mia Bucher-Edlinger,Sales Representative,Sankt Valentin,Austria,Small Business,Food & Beverage,2018-05-23,108566.96
JCXGO,Kühnert Dietz KG,Dr. Songül Scheuermann,Purchasing Manager,Mettmann,Germany,Corporate,Transportation,2020-11-16,328867.79
TOFHY,Hobbs-Harvey,Timothy Logan,VP of Purchasing,Holmesshire,USA,Small Business,Food & Beverage,2019-06-11,234176.52
WBALH,(주) 종합기술,홍하윤,Purchasing Manager,부천시 오정구,South Korea,Corporate,Retail,2022-10-11,431964.68
LFNXK,Kelly-Olson,Charlene Taylor,Operations Manager,North Davidshire,USA,Corporate,Manufacturing,2021-04-07,264790.47
HLEVC,Wende,Franka Säuberlich,Operations Manager,Donaueschingen,Germany,Government,Transportation,2021-07-09,407485.17
LJWFE,"Ward, Connolly and Bailey",Hugh Davies,Owner,East Kathleenside,UK,Corporate,Technology,2024-06-08,756727.79
EFMRG,(유) 다올다올뷰티,이정숙,Sales Associate,청주시 청원구,South Korea,Small Business,Transportation,2023-03-09,200955.92
ITWNY,Greene-Rivera,Tonya Jensen,Sales Associate,Murphyville,Australia,Corporate,Hospitality,2021-05-28,803077.31
IARBV,Crawford Inc,Melissa Owens,Sales Associate,East Timothy,USA,Retail,Food & Beverage,2023-10-04,111410.49
MTGDN,Gough-Patel,Ms Sarah Evans,Marketing Manager,West Robertside,UK,Corporate,Hospitality,2018-11-12,870958.47
GVFSV,Nangle-Gorevan,Dr. Bailey Bruen,Logistics Coordinator,Kieran Ville,Ireland,Wholesale,Construction,2019-04-22,156361.48
PQFDA,Galvin-Matthews,Ms. Charlene Goulding,Marketing Manager,Joel Ville,Ireland,Retail,Technology,2024-10-28,9327.03
WJNSZ,Decker and Sons,Richard Rodriguez,Marketing Manager,West Stephen,USA,Small Business,Transportation,2020-10-08,20030.68
BCJYS,Speer Geißler GmbH & Co. OHG,Univ.Prof. Anne-Kathrin Drubin,Marketing Manager,Darmstadt,Germany,Small Business,Food & Beverage,2023-12-16,49529.15
RIHHP,Patel Ltd,Kyle Rowland,Sales Associate,North Kathryn,USA,Corporate,Transportation,2022-05-27,395402.18
CAOWI,"Harris, Bray and Smith",Bradley Wong,Logistics Coordinator,Kellyland,UK,Wholesale,Construction,2023-11-18,408425.0
QFJXD,Schmiedecke,Denis Pechel,Logistics Coordinator,Wolmirstedt,Germany,Small Business,Food & Beverage,2024-08-12,148707.56
RESYB,浦华众城传媒有限公司,杨柳,Procurement Specialist,金凤县,China,Small Business,Manufacturing,2020-01-05,182710.91
FSBEO,Rocha,Pilar-Amélia Cruz,Accounting Manager,Guimarães,Portugal,Retail,Agriculture,2021-05-22,243905.91
LSXBK,유한회사 라온신문,이민재,Procurement Specialist,양주시,South Korea,Wholesale,Retail,2019-11-28,459386.41
DBOUS,株式会社前田食品,山口 千代,Logistics Coordinator,国分寺市,Japan,Wholesale,Transportation,2018-04-23,521403.35
ZETJU,Koninklijke van Haspengouw,Jolie ter Waarbeek-Zevenboom,Sales Associate,Uitwellingerga,Netherlands,Small Business,Healthcare,2020-05-17,50096.25
FSWUL,Johnson-Alexander,Bill Valenzuela,Logistics Coordinator,Meganhaven,USA,Wholesale,Manufacturing,2022-02-05,244972.37
SOEBG,Hartman and Sons,Benjamin Johnson,Owner,West James,USA,Small Business,Manufacturing,2020-06-20,232175.75
UQGVN,Morris-Read,Dr Neil Cole,Owner,Port Paige,UK,Small Business,Construction,2024-11-02,243193.56
YWGDX,Moran LLC,Dr Reece Harding,Accounting Manager,South Hilaryhaven,UK,Small Business,Food & Beverage,2025-05-31,158359.05
JSHGA,Grimes and Sons,Paul Wells,VP of Purchasing,Sharpmouth,USA,Retail,Construction,2020-07-21,31078.47
JQWQO,Munshi and Sons,Omisha Kadakia,Operations Manager,Hospet,India,Corporate,Manufacturing,2024-05-23,243722.7
WKLSL,Noriega S.A.,Dr. Hilda Aguirre,Sales Representative,San Victoria los bajos,Mexico,Retail,Hospitality,2020-07-19,126510.49
VEOYE,Lamy,Lucy Germain,Accounting Manager,Simon-sur-Duhamel,France,Corporate,Retail,2023-11-20,890990.39
REDLL,Despacho Murillo S.Coop.,Zaira María Fernanda Portillo Piquer,VP of Purchasing,La Coruña,Spain,Retail,Hospitality,2018-06-24,182455.2
TACJC,Lopez-Rodriguez,Jocelyn Kline,Owner,East Damonside,USA,Wholesale,Food & Beverage,2019-05-02,120829.81
GYPUA,"Suresh, Bala and Grover",Ekaraj Raju,Purchasing Manager,Tiruppur,India,Small Business,Education,2019-09-30,213916.45
DTXVH,"Warren, Gibson and Wood",Gabriel Browning,Operations Manager,Mooreville,USA,Corporate,Food & Beverage,2018-12-20,566350.12
OABOC,Jones-Rees,Mr Gary Taylor,Sales Associate,Annfort,UK,Corporate,Healthcare,2019-03-11,72800.83
DRFWK,Jessel,Jan-Peter Trubin MBA.,Logistics Coordinator,Flöha,Germany,Wholesale,Hospitality,2018-01-21,381569.92
FYHBI,Melo Araújo e Filhos,Micael da Paiva,Order Administrator,Setúbal,Portugal,Retail,Hospitality,2021-06-20,224418.69
ENPRD,Mclaughlin LLC,Tamara Reed,VP of Purchasing,Peterburgh,Canada,Government,Construction,2021-02-09,1653368.84
CXRYV,Lyons Ltd,Dr Lorraine Walker,Logistics Coordinator,Lake Shirley,UK,Wholesale,Food & Beverage,2018-09-19,649742.63
UDDLU,"Verstraete, De Smet en Verbeeck CV",Leen Schoofs,Operations Manager,Bogaarden,Belgium,Wholesale,Hospitality,2023-03-26,443936.09
HCZEK,Tikkanen Laakkonen ry,Eemil Kortelainen,Order Administrator,Suomussalmi,Finland,Small Business,Transportation,2023-09-30,174888.1
UIURG,Lange Mende AG & Co. KGaA,Daria Patberg,Sales Associate,Moers,Germany,Small Business,Agriculture,2018-03-15,135773.81
VKPKP,Garcia,Dr. Gael Gonçalves,Logistics Coordinator,Albuquerque,Brazil,Wholesale,Healthcare,2019-11-17,534742.65
AZAOY,"Stark, Murphy and Goodman",Mr. Joshua Allen,Purchasing Manager,Taylorview,USA,Corporate,Education,2024-04-22,392815.61
UDLVO,Mansilla PLC,Joaquin Gomez Villalba,Sales Associate,Resistencia,Argentina,Corporate,Healthcare,2018-08-01,103072.38
ZSJAZ,Byrd and Sons,Christopher Klein,Order Administrator,South Heather,USA,Corporate,Hospitality,2024-04-08,679609.95
VWAJC,"Davidson, Moran and Prince",Eric Williams,Purchasing Manager,North Kelseyborough,USA,Corporate,Technology,2024-12-17,192231.36
TTSHK,Kerr-Gonzalez,Alexis Smith,Order Administrator,Lake Elizabeth,USA,Small Business,Food & Beverage,2019-08-27,75258.42
WATNA,Robles Ltd,Christopher Perry,Sales Associate,Port Markside,USA,Government,Transportation,2022-09-12,1152896.25
XNSLE,Servicios del Noroeste S.A.,Balduino Palacios,Purchasing Manager,Cádiz,Spain,Small Business,Retail,2018-02-11,187068.01
BKVZP,Jopich,Hans-Ludwig Hahn,Purchasing Manager,Füssen,Germany,Wholesale,Transportation,2018-06-30,371126.79
KJBJL,"Laboratorios Negrete, Armas y Barrera",Lilia Hermelinda Zamudio,Accounting Manager,San Benjamín los altos,Mexico,Corporate,Hospitality,2022-01-07,394566.55
IGECF,"Donà, Gremese e Cadorna Group",Valentina Pedroni-Chiaramonte,Owner,Villa Di Baggio,Italy,Wholesale,Manufacturing,2019-04-25,161114.26
YGCOB,"Stewart, York and Olson",Lee Richards,Operations Manager,Dixonbury,USA,Corporate,Education,2021-10-09,138550.39
ZTYNI,"Scott, Barnes and Richards",Denise Smith,Sales Associate,Peacockland,UK,Wholesale,Retail,2018-06-14,534426.19
KTCUD,Jimenez-Harris,Martin Young,Supply Chain Manager,Stevensonmouth,USA,Wholesale,Transportation,2019-01-03,450109.7
HDMXC,Lundkvist Näslund HB,Maria Eriksson-Norberg,Logistics Coordinator,Södertälje,Sweden,Corporate,Healthcare,2019-07-18,817102.23
TEZNS,Guzmán y Asociados,Sandra Juana Soliz,VP of Purchasing,San Dulce los bajos,Mexico,Small Business,Education,2022-09-20,114632.65
HQYBS,Kane Inc,Amy Braun,VP of Purchasing,East Christopher,USA,Small Business,Healthcare,2022-06-11,249267.33
YOZCA,Young Inc,John Martin,Accounting Manager,East Roger,Canada,Small Business,Hospitality,2022-07-17,127233.5
EHBOJ,Renault,Sophie-Émilie Maillard,Purchasing Manager,Chevalierboeuf,France,Corporate,Transportation,2020-12-25,295046.89
GWQDD,Georges Besnard S.A.R.L.,Philippine de la Leduc,Supply Chain Manager,Sainte Aurélie,France,Small Business,Education,2024-05-26,215455.8
WXDJV,Scheibe Renner AG & Co. KG,Ing. Hans-Hermann Mitschke,Order Administrator,Mettmann,Germany,Small Business,Technology,2020-02-15,128955.9
WRQQT,"Obrien, Jones and Taylor",Christopher Lopez,Marketing Manager,Port Vincentstad,USA,Government,Agriculture,2021-09-07,115091.6
HEKBK,Söderberg Westerberg HB,Jonny Lundin,Operations Manager,Kalmar,Sweden,Government,Education,2024-08-19,985167.43
XMCTX,Olmos-Valles,Eloisa Marco Antonio Herrera,Sales Associate,San Nancy los altos,Mexico,Wholesale,Healthcare,2021-08-30,316102.34
IPFTC,"Richardson, Brown and Cruz",David Woods,Operations Manager,Crystaltown,USA,Corporate,Retail,2023-03-24,951107.0
FOZUB,"Hernandez, Jacobs and Blackburn",David Lane,Order Administrator,North Darryl,USA,Wholesale,Transportation,2018-09-10,179730.1
ATKGE,"Rangel, Sanders and Willis",Kelly Lopez,Sales Representative,Martinchester,USA,Corporate,Technology,2019-11-24,127623.66
LKFXE,Royal van der Klein,Loes Tammerijn,Owner,Reijmerstok,Netherlands,Corporate,Technology,2023-08-22,374918.19
EJKMR,"Chakraborty, Chopra and Padmanabhan",Amruta Kadakia,Sales Representative,Aizawl,India,Retail,Technology,2018-01-18,91899.63
KAUPC,有限会社佐藤農林,松本 里佳,VP of Purchasing,夷隅郡御宿町,Japan,Small Business,Retail,2023-06-30,84314.48
YTTID,Castro Loureiro S.A.,Emanuel Moreira,Operations Manager,Torres Novas,Portugal,Retail,Transportation,2025-02-08,216753.83
ZKNAL,Bradley-Lewis,Paul Lamb,Sales Representative,West Tonya,USA,Small Business,Construction,2024-07-13,28874.28
ZKOEJ,Sims-Weber,Carol Carter,Order Administrator,Martinezland,USA,Corporate,Healthcare,2020-07-25,973157.28
AVAXN,"Young, Washington and Hodges",Derek Moses,Purchasing Manager,North Jasontown,Canada,Government,Transportation,2020-10-25,886702.08
VLZIY,"Scott, Carter and Begum",Leslie Butler,Operations Manager,Laurenmouth,UK,Small Business,Retail,2025-06-28,140424.63
LHRRQ,Everett Ltd,Leslie Hester,Logistics Coordinator,Lindatown,USA,Small Business,Hospitality,2021-06-04,248863.99
CQQKM,Chamorro y Amigó S.Coop.,Elisa Ibarra,Supply Chain Manager,León,Spain,Retail,Hospitality,2022-08-20,160213.66
URWFU,Buisson,Élisabeth Bernard,Procurement Specialist,Durand,France,Small Business,Healthcare,2022-10-01,214803.94
JUMXQ,Nissen ApS,Nicolaj Steffensen,Logistics Coordinator,Errindlev,Denmark,Small Business,Education,2020-08-11,196638.03
GRHXX,Delmas,Léon Cousin,VP of Purchasing,Leclercq-sur-Mendès,France,Corporate,Technology,2019-01-27,81040.88
UVNTI,"Walter, Glover and Moran",Jonathan Miller,Sales Representative,Jacksonmouth,USA,Retail,Technology,2025-02-26,64248.62
FQVUP,Sanders-De Smet BV,Walter Somers,Sales Representative,Chênée,Belgium,Retail,Technology,2021-04-05,244452.13
XNLCU,"Johnson, Hickman and Nguyen",Douglas Ball,Procurement Specialist,Lynnville,USA,Corporate,Construction,2022-12-27,795067.23
QGOYF,"Godoy, Aguirre and Arias",Luna Isabel Vazquez Juarez,Purchasing Manager,Salta,Argentina,Corporate,Food & Beverage,2020-07-28,647449.42
ASXCJ,"Paul, Hardy and Valdez",Tracy Kim,Logistics Coordinator,East Jonathon,Canada,Wholesale,Transportation,2020-03-07,484985.78
EQFFV,Chakraborty LLC,Jack Pillai,Logistics Coordinator,Satara,India,Wholesale,Technology,2025-02-24,583533.9
HYQQP,Márquez A.C.,Ing. Elias Oquendo,Purchasing Manager,San Indira los bajos,Mexico,Corporate,Construction,2023-12-23,166550.11
GECVX,Meyer PLC,Ashley Smith,Marketing Manager,Stewartport,USA,Small Business,Transportation,2024-04-10,199883.16
MQFKX,Stiffel Meyer AG & Co. KG,Camilla Weinhold,VP of Purchasing,Sankt Goarshausen,Germany,Retail,Retail,2020-05-26,49052.58
EOPAZ,"Mooney, Martinez and Shea",Karen Poole,Order Administrator,Carterfurt,USA,Small Business,Construction,2018-06-10,151998.25
NGDPN,Hernandez-Moran,Taylor Walker,Procurement Specialist,Port Kimberlyfort,USA,Small Business,Retail,2023-06-14,57995.1
XADCR,Sorgatz Freudenberger AG,Gerlinde Löchel-Stiebitz,Sales Representative,Iserlohn,Germany,Corporate,Transportation,2023-09-05,239275.66
SQMVL,Jones-Acosta,Thomas Haynes,Sales Associate,Davismouth,USA,Retail,Manufacturing,2023-08-21,47375.08
XHKPT,合同会社山本運輸,木村 智也,Accounting Manager,西多摩郡檜原村,Japan,Corporate,Healthcare,2021-08-13,956073.97
WLTVQ,Lacroix Carpentier et Fils,Victor de Étienne,Supply Chain Manager,Henry-sur-Potier,France,Small Business,Healthcare,2023-11-20,143949.8
QBEAN,Kohl GmbH & Co. KG,Herr Ben Klemm,Supply Chain Manager,Eisenhüttenstadt,Germany,Small Business,Construction,2025-01-30,207538.17
ZJAEI,Serrato-Mireles,Lic. Conchita Páez,Sales Representative,Nueva Cabo Verde,Mexico,Small Business,Hospitality,2019-10-22,57720.12
DIARS,Jacobi Jäckel Stroh KG,Univ.Prof. Petar Kohl,Marketing Manager,Monschau,Germany,Small Business,Education,2024-06-25,225192.27
KPNCH,da Mota,Melina Freitas,Supply Chain Manager,Campos,Brazil,Retail,Hospitality,2018-11-16,145617.36
RLVFB,Sáenz-Saucedo,Agustín Rodrigo Vega,Operations Manager,San Gerardo los altos,Mexico,Small Business,Manufacturing,2023-08-03,108203.13
EIJOH,"White, Washington and Newman",Kenneth Garcia,VP of Purchasing,Lake Reginaside,USA,Wholesale,Construction,2019-05-22,741267.21
HVKXX,浙大万朋传媒有限公司,郭佳,Owner,济南市,China,Small Business,Food & Beverage,2024-06-17,22016.26
USHTK,"White, Peters and Mcbride",Carl Harris,Procurement Specialist,North Anna,USA,Wholesale,Transportation,2024-05-19,468932.47
SLWZD,Caspar AG,Grete Ring,Order Administrator,Lüneburg,Germany,Retail,Hospitality,2025-04-28,12175.6
ACIRL,"Smith, Turner and Shah",Rachel Hopkins,Sales Representative,Taylorfort,USA,Corporate,Education,2023-03-18,825340.24
ARBWB,Pereira,Sophia Costela,Owner,Ribeiro,Brazil,Retail,Hospitality,2024-02-22,69613.15
UJSYP,株式会社田中食品,三浦 学,Purchasing Manager,小金井市,Japan,Corporate,Retail,2019-08-15,765383.09
ZKLDN,(유) 글로벌한강전자,김성훈,Supply Chain Manager,동두천시,South Korea,Small Business,Transportation,2020-12-30,244205.62
TFGHC,Curtis Ltd,Ms Sara Martin,Procurement Specialist,Ashleighborough,UK,Wholesale,Healthcare,2023-05-10,503123.56
FCZBA,"Sandoval, Hoover and Jacobs",Christian Riddle,Marketing Manager,Graybury,Australia,Small Business,Technology,2018-08-01,51039.77
FPNWT,Schmidt Ltd,Andrea Bowman,Accounting Manager,Reginaview,USA,Wholesale,Retail,2019-02-05,639660.06
DXKLQ,Hill Inc,Wayne Gray,Marketing Manager,Port Saraburgh,USA,Wholesale,Healthcare,2021-12-11,74763.5
RYPCL,Schacht Niemeier AG,Mechthilde Rudolph,Purchasing Manager,Querfurt,Germany,Wholesale,Healthcare,2020-01-12,37026.25
GMNJD,Rousseau S.A.,Nath Arnaud,Procurement Specialist,Traore,France,Corporate,Technology,2023-01-30,251462.72
LILJB,Rohleder,Ivonne Scheel-Eckbauer,Sales Associate,Amberg,Germany,Wholesale,Technology,2023-02-23,165600.43
EHPNC,"Moore, Martinez and Gray",Amy Swanson,Owner,Jasminebury,USA,Small Business,Hospitality,2023-01-31,58797.04
AGBCF,Mann-White,Dr. Kathryn Hill,Supply Chain Manager,Meyerbury,USA,Government,Technology,2020-04-15,844625.37
TWGFU,Meza Group,Sarah Walters,Order Administrator,Lake Johnland,USA,Small Business,Construction,2019-03-28,75554.76
EXQTW,Miller LLC,Katherine Baxter,Logistics Coordinator,Rhodesberg,USA,Corporate,Education,2021-08-05,697370.36
ILZRL,"Jennings, Rhodes and Patel",Adrian Lee,Owner,Lake Ronaldside,USA,Corporate,Manufacturing,2023-08-14,887194.65
TAJMA,Gamble Ltd,Samantha Beard,Marketing Manager,New Shaneburgh,USA,Small Business,Food & Beverage,2023-01-21,205636.98
ZVNED,Cavalcanti Barbosa Ltda.,Théo Fogaça,Purchasing Manager,Lima,Brazil,Corporate,Education,2021-09-18,479985.53
ZGMJA,Brooks Inc,Michael Decker,Order Administrator,New Kevinport,Australia,Small Business,Education,2019-12-26,223386.24
WXPCR,Ramesh and Sons,Yutika Banik,Logistics Coordinator,Tadipatri,India,Small Business,Retail,2024-05-10,244766.17
RDMGT,Henriksson HB,Gabriel Berggren,Sales Associate,Umeå,Sweden,Small Business,Hospitality,2021-01-05,52491.32
QZWRX,Kristensen ApS,Ditte Jørgensen,Operations Manager,Stenstrup,Denmark,Retail,Agriculture,2018-12-05,47863.3
JIPYH,超艺网络有限公司,刘桂珍,Marketing Manager,梅县,China,Corporate,Agriculture,2021-03-18,716743.85
DUOUJ,Rojas LLC,Juan Sebastian Ferreyra Benitez,Purchasing Manager,San Ferando del Valle de Catamarca,Argentina,Retail,Transportation,2020-08-26,232172.09
RNHOE,Smith-Stephenson,Ashley Mitchell,Operations Manager,South Robert,USA,Corporate,Manufacturing,2020-06-25,64812.78
HPBHL,Martin and Sons,Tina Bird,VP of Purchasing,South Tracyfort,USA,Wholesale,Food & Beverage,2023-12-30,207289.26
HWRTE,"Clarke, Myers and Porter",Dr Emily Griffiths,Purchasing Manager,Port Michaelberg,UK,Wholesale,Retail,2019-03-02,747037.84
PCFMJ,"Smith, Cohen and Williams",Jessica Harper,VP of Purchasing,South Timothyport,USA,Small Business,Technology,2021-08-22,102782.83
XXPEL,明腾网络有限公司,刘林,Order Administrator,艳县,China,Wholesale,Retail,2019-06-28,520407.86
DOHCO,"Patton, Garcia and Cross",Chelsea Bond,VP of Purchasing,East David,USA,Small Business,Retail,2021-01-03,97111.66
LDLIY,Stichting Jones,Alyssa Mansveld,Logistics Coordinator,De Bult,Netherlands,Small Business,Education,2024-06-23,109778.95
KAOYK,Ladeck Pruschke GmbH,Dr. Gunnar Loos MBA.,Sales Representative,Oranienburg,Germany,Small Business,Manufacturing,2021-03-14,197724.86
JQXWB,Torres LLC,Tommy Dawson,Sales Associate,West Patty,Canada,Corporate,Food & Beverage,2019-05-13,489667.43
NVCHZ,Ben Ltd,Simon Mangal,Purchasing Manager,Parbhani,India,Small Business,Hospitality,2024-10-22,206375.33
RWDPN,Lopes S.A.,Samuel Fonseca,Logistics Coordinator,da Rosa do Campo,Brazil,Corporate,Healthcare,2018-09-23,540450.83
ZDXQE,Rodrigues - EI,Lucas Fonseca,VP of Purchasing,Souza Verde,Brazil,Small Business,Food & Beverage,2021-12-18,202376.13
FBDWN,Allen-Hill,Anita Rodriguez,Marketing Manager,North Brendaborough,Canada,Corporate,Transportation,2019-06-13,73423.56
KYHME,Perrin,Richard Maurice,Marketing Manager,Hernandez,France,Wholesale,Agriculture,2023-06-09,213696.86
LRDDA,Ferguson and Sons,Corey Pierce,Sales Representative,Patriciaside,Canada,Wholesale,Healthcare,2025-04-22,148812.23
OMHRY,West-Love,Andrea Barnes,Operations Manager,West Carolberg,Australia,Small Business,Manufacturing,2020-03-03,100841.36
CKLAL,合同会社田中電気,池田 桃子,Supply Chain Manager,八街市,Japan,Small Business,Construction,2019-03-30,79176.58
XQBXZ,"Valenzuela, Orellana y Pacheco",Mtro. Emiliano Enríquez,Operations Manager,Nueva República Democrática Popular Lao,Mexico,Retail,Transportation,2019-08-20,72841.49
JWNJS,"Aerts, Vermeiren en Maes CommV",Laura Desmedt,Sales Associate,Hamme-Mille,Belgium,Small Business,Retail,2020-03-22,165700.22
SISUH,Fisher-Thompson,Brenda Smith,VP of Purchasing,Lake Seanview,UK,Small Business,Technology,2024-12-12,21711.48
MZPES,Hernandez-Rodriguez,Juan Sebastian Sofia Gomez,Procurement Specialist,Salta,Argentina,Wholesale,Agriculture,2020-08-09,212938.86
PPPVB,中村銀行合同会社,山下 舞,Owner,横浜市栄区,Japan,Retail,Retail,2022-08-01,61767.56
MRIGU,Báez-Alarcón y Asociados,Estefanía Gilberto del Valle Hidalgo,Logistics Coordinator,Nueva Uganda,Mexico,Wholesale,Hospitality,2023-08-04,677350.87
XTKBP,Bautista-Scott,Lindsey Harris,Purchasing Manager,Walkerview,USA,Corporate,Hospitality,2019-07-13,469452.03
QAECL,Weller,Carolin Matthäi-Heinrich,Sales Representative,Kelheim,Germany,Retail,Construction,2019-02-10,141334.71
MRFTL,Davis-White,Scott Lopez,Procurement Specialist,Hardingburgh,USA,Wholesale,Healthcare,2022-11-08,87363.27
YCADA,Collins and Sons,Melissa Lopez,Sales Associate,North Ronald,USA,Small Business,Hospitality,2021-05-30,88474.27
YSNEF,鈴木情報株式会社,斎藤 拓真,Operations Manager,世田谷区,Japan,Small Business,Education,2018-02-26,156527.32
DBLJB,Teixeira e Filhos,Davi Lucca da Cruz,Purchasing Manager,da Mata,Brazil,Corporate,Agriculture,2019-01-26,333315.63
FPIFY,"Greene, Sparks and Smith",Kimberly Meyers,Accounting Manager,East Donaldshire,USA,Small Business,Education,2024-09-08,21648.44
ZBOWY,Takkelenburg & Verhoeven,Dina Phillipsen-Coolen,Procurement Specialist,Westerland,Netherlands,Small Business,Construction,2023-03-10,18878.81
CMXGA,株式会社長谷川農林,鈴木 舞,Order Administrator,大網白里市,Japan,Small Business,Healthcare,2018-01-04,86962.61
DOTYR,Bajwa and Sons,Lekha Din,Owner,Baranagar,India,Corporate,Hospitality,2019-09-11,815378.97
PVUIB,Rodrigues,Srta. Rebeca Cavalcante,Sales Associate,Câmara,Brazil,Small Business,Construction,2018-10-06,232694.08
MDSCM,(유) 고구려중앙에이아이,유지훈,Marketing Manager,성남시,South Korea,Government,Technology,2022-07-13,1007425.92
WFYAU,Renzi Group,Elena Raurica,Marketing Manager,Monasterolo Del Castello,Italy,Small Business,Technology,2024-09-10,172075.6
OBTSL,"Turner, Roth and Bailey",Thomas Stanley,Sales Associate,Lisaland,Australia,Small Business,Hospitality,2023-11-30,112298.45
ZJFLB,주식회사 보람바이오,오종수,Marketing Manager,평창군,South Korea,Corporate,Food & Beverage,2024-02-08,265769.59
XUOZA,Sane Ltd,Maanav Chana,Logistics Coordinator,Warangal,India,Corporate,Food & Beverage,2019-05-13,122781.09
EBJRG,Gomez-Snyder,Dr. Kyle Fields,Accounting Manager,Port Sherry,USA,Corporate,Technology,2024-11-27,504766.3
BGOMT,Barnes-Crawford,Kim Underwood,Order Administrator,Millerchester,USA,Retail,Healthcare,2021-12-13,113667.75
JOWGX,"Barker, Lloyd and Hopkins",Mrs Clare Turner,Order Administrator,West Nicolefort,UK,Government,Agriculture,2025-03-05,298318.53
KYMCX,Howard LLC,Ms Stephanie Nicholls,Procurement Specialist,Smithbury,UK,Corporate,Agriculture,2018-06-02,250231.15
VDZSQ,Drubin Stiftung & Co. KG,Hans-Helmut Wagner-Bauer,Operations Manager,Kitzingen,Germany,Retail,Food & Beverage,2018-05-29,127232.34
HJVCH,Bates Inc,Kirk Moore,Supply Chain Manager,West Donald,USA,Small Business,Food & Beverage,2019-11-02,216379.34
BFELB,Roskoth GmbH & Co. KG,Ralph Gnatz-Möchlichen,Accounting Manager,Wolgast,Germany,Corporate,Education,2021-12-14,940362.69
TIVGT,佳禾传媒有限公司,徐洋,Marketing Manager,龙市,China,Wholesale,Education,2018-06-14,551195.05
WUYTU,"Johnson, Potter and Gordon",Ronnie Frazier,Procurement Specialist,Spencerview,Canada,Small Business,Manufacturing,2024-11-20,215335.95
MOONE,Tanner Giger & Co.,Wilfried Bolliger,Sales Associate,Davos,Switzerland,Small Business,Healthcare,2023-07-27,37308.81
UYCGO,Montgomery-Robinson,Paul Hansen,Order Administrator,Port Heatherfort,USA,Small Business,Food & Beverage,2020-05-07,155809.08
RUVPD,Lachmann,Cecilia Bloch-Köhler,Supply Chain Manager,Eutin,Germany,Government,Manufacturing,2020-01-09,1710426.07
AAAJQ,Garnier SARL,Margaret Leroy de la Carre,Procurement Specialist,Allard,France,Corporate,Food & Beverage,2018-10-19,600591.81
XOYLG,Harper LLC,Dakota Hickman,Accounting Manager,West Christopher,USA,Corporate,Transportation,2022-04-10,170861.36
DQBCB,Valle y Asociados,Amalia Arriaga,VP of Purchasing,San Aurelio los bajos,Mexico,Small Business,Transportation,2018-01-24,147073.23
SBSGG,Walton-Benjamin,Emily Myers,VP of Purchasing,Terriville,USA,Wholesale,Education,2020-06-25,416819.98
GCNCC,"Gordon, Shaw and Hampton",Robert Woods,Marketing Manager,West Evanmouth,USA,Small Business,Education,2018-08-04,208138.77
BLHAP,合同会社伊藤建設,藤田 健一,Order Administrator,川崎市宮前区,Japan,Small Business,Technology,2021-10-04,224861.1
YHAJH,Schlosser,Ingetraut Zimmer,Sales Representative,Höxter,Germany,Retail,Food & Beverage,2020-03-07,31026.87
ISTUS,"Chase, Jordan and Macdonald",Jasmine Clark,Marketing Manager,East Ashleyfort,USA,Small Business,Construction,2018-09-24,12986.88
JZCCY,Thomas LLC,Tracy Harrington,Marketing Manager,St. Clintonmouth,Australia,Small Business,Construction,2019-04-10,159429.47
ODWUP,Martin-Ramirez,Brandon White,VP of Purchasing,Scottfort,Australia,Small Business,Transportation,2025-05-02,82650.14
OXIUZ,Santos-Taylor,Keith Williams,Marketing Manager,Richardberg,USA,Small Business,Hospitality,2021-04-21,174802.92
YKCOB,Besson,Zacharie Pasquier,Order Administrator,Lebreton-la-Forêt,France,Government,Construction,2024-07-29,537664.69
FVZYG,"Bataglia, Bettin e Gotti SPA",Coluccio Maderna,Sales Associate,Magliano,Italy,Government,Retail,2019-03-10,1250536.76
IDKND,Bonomo-Garobbio s.r.l.,Susanna Cabrini,Operations Manager,Torrechiara,Italy,Small Business,Healthcare,2021-06-29,225468.75
ADGOY,KruidvatVan Merksteijn Steel,Dion Hak,Logistics Coordinator,Pannerden,Netherlands,Corporate,Food & Beverage,2023-10-04,842165.63
EBNNK,Morales Inc,Zachary Tucker,Sales Associate,Wilsonmouth,USA,Small Business,Technology,2018-04-15,175747.53
HIVIP,Fry and Sons,Erica Johnson,Purchasing Manager,Brownstad,USA,Retail,Food & Beverage,2023-12-02,23069.37
YXQTL,Spółdzielnia Piórek S.A.,Kaja Kalisiak,Operations Manager,Przemyśl,Poland,Wholesale,Retail,2022-10-06,549687.91
VNDAP,Thomas LLC,Edwin Joseph,VP of Purchasing,Warrenview,Canada,Small Business,Technology,2019-05-19,83507.03
SHUGM,Davis Group,Paul Martin,Owner,Sherifort,USA,Small Business,Agriculture,2021-07-25,147057.91
LIIED,"Vargas, Martin and Benitez",Dr(a). Gael Castro,Logistics Coordinator,Ushuaia,Argentina,Retail,Healthcare,2022-06-23,110481.72
WIJEH,Wood PLC,Liam Turnbull,Operations Manager,Stephenberg,UK,Small Business,Retail,2024-09-19,75677.31
ZTYRD,浦华众城信息有限公司,夏桂荣,Marketing Manager,伟县,China,Small Business,Agriculture,2025-01-25,189941.86
XYOUA,Walters Ltd,Anne Robinson,Owner,South Heather,USA,Small Business,Manufacturing,2023-10-21,235742.46
TNVHC,Cunha,Sr. Gabriel Rocha,Logistics Coordinator,Freitas,Brazil,Retail,Hospitality,2024-02-06,113879.24
GWZTD,Jacobi Jäckel GmbH,Niels Ortmann,Order Administrator,Lübben,Germany,Wholesale,Healthcare,2021-01-28,552337.15
NHQNU,Finch-Pickering,Dr Kevin Bennett,Logistics Coordinator,Roweburgh,UK,Government,Food & Beverage,2022-02-21,923417.49
UIVRW,Rüegg & Co.,Raul Stauffer,Owner,Lugano,Switzerland,Retail,Food & Beverage,2023-04-06,65248.86
WFFMM,Cowan Inc,Alan Randolph,Sales Representative,South Karenside,Canada,Wholesale,Manufacturing,2018-09-30,120549.15
CNSFL,Santacruz y Verdugo y Asociados,Yeni Longoria Peres,Operations Manager,Nueva Mongolia,Mexico,Small Business,Healthcare,2022-02-18,178947.67
RPQGJ,Gonzalez Group,Heather Leon,Procurement Specialist,Gutierrezfurt,USA,Government,Retail,2018-01-21,1767990.34
WRMQP,Vargas-Gimenez,Emiliano Thiago Benjamin Mansilla Arias,Procurement Specialist,Santa Rosa,Argentina,Small Business,Hospitality,2023-01-17,58637.98
XTKLG,Taskinen Oyj,Airi Hietanen,Sales Associate,Taipalsaari,Finland,Corporate,Transportation,2024-02-23,958499.75
JKDWV,Meza-de la Rosa S. R.L. de C.V.,Fabiola Valadez,Operations Manager,San Elisa los altos,Mexico,Small Business,Healthcare,2022-10-30,12095.82
FWKOI,Roberts PLC,Ms Ellie Black,VP of Purchasing,South Elliott,UK,Small Business,Technology,2021-11-16,203212.48
GBMFQ,Heinrich Dippel Stiftung & Co. KG,Jann Drubin-Schüler,Owner,Zossen,Germany,Small Business,Technology,2022-09-13,59220.96
NUCZP,Royal Kleybrink,Emily Geldens,Sales Representative,De Klomp,Netherlands,Small Business,Food & Beverage,2018-03-12,237818.25
JUIJT,Fuller PLC,Luke Stephens,Purchasing Manager,New Patrickberg,USA,Government,Agriculture,2025-05-15,499880.45
ZVKSH,Cirino,Henry da Rosa,Sales Representative,Nascimento,Brazil,Retail,Education,2024-04-19,106281.84
GAVTN,Vargas,Benjamim da Mota,Procurement Specialist,Casa Grande,Brazil,Small Business,Transportation,2022-09-14,15359.87
AQRAT,"Robinson, Taylor and Griffiths",Benjamin Dean,Sales Associate,Marcusburgh,UK,Government,Retail,2018-09-11,1654762.18
WBNST,Martinair,Tara Meijer,Owner,Oudeschans,Netherlands,Corporate,Agriculture,2018-10-03,624628.27
TUFPI,Gutierrez Group,Angela Mcdaniel,Order Administrator,Prestonmouth,USA,Small Business,Food & Beverage,2024-01-22,79027.72
CZOJL,Léger Dubois S.A.,Alexandria-Célina Le Goff,Marketing Manager,Guillet,France,Retail,Agriculture,2025-06-16,73246.69
SNJZS,"Kaur, Steele and Cox",Alison Butler,Order Administrator,New Sallyberg,UK,Wholesale,Hospitality,2019-08-16,352896.01
AULMC,Wilson-Robinson,Daniel Luna,Accounting Manager,West Joshua,Canada,Small Business,Hospitality,2019-06-30,28370.31
WMGDQ,Bailey PLC,Julie Lamb,Operations Manager,Huntfurt,USA,Small Business,Construction,2024-11-29,191342.49
MKTVA,Thompson-Mcdaniel,Diana Long,Logistics Coordinator,Gabrielborough,USA,Small Business,Technology,2025-02-23,218499.84
FOMMY,Williams-Williams,Barry Sharp,Marketing Manager,New Jacquelinechester,UK,Small Business,Transportation,2019-07-01,131035.62
ZCCSJ,Holst Lundell AB,Christer Andersson,Owner,Karlskoga,Sweden,Corporate,Hospitality,2021-01-26,207887.12
ZBLEU,Seidel,Heidemarie Becker,Operations Manager,Eisleben,Germany,Corporate,Agriculture,2024-01-24,447239.98
DZSWH,Gibbs-Howard,Matthew Watson,Order Administrator,Davidmouth,USA,Small Business,Education,2023-02-27,143133.54
HRUYJ,"Murphy, Marshall and Pope",Kristina Cruz,Supply Chain Manager,New Jeff,USA,Corporate,Transportation,2022-03-16,250086.28
TZYES,"Jenkins, Young and Taylor",Jemma Lawrence,Operations Manager,Richardsonchester,UK,Corporate,Technology,2020-05-19,220264.49
ZASFC,Philippe,André du Didier,Operations Manager,Sainte Astrid,France,Small Business,Food & Beverage,2018-11-23,158118.33
BQWIA,Jackson-Murphy,Kenneth Mitchell,Marketing Manager,South Justinfurt,Canada,Corporate,Technology,2018-04-12,605244.97
QKGOR,"Bell, Thomas and Berry",Marie Green,Purchasing Manager,Woodview,UK,Small Business,Hospitality,2020-05-18,184011.23
GCUPT,Matthews-Humphreys,Dr Irene Parker,Order Administrator,Bethanmouth,UK,Small Business,Construction,2021-09-12,153169.93
TQXFA,Ziegler & Falkner GmbH,Catharina Baumann,Marketing Manager,Bad Vöslau,Austria,Retail,Hospitality,2024-03-09,232739.04
DMACZ,Garcia LLC,Misty Perez,Sales Representative,East Jenniferstad,Canada,Small Business,Transportation,2024-02-12,109224.41
HTGKU,Lagarde SA,Alphonse-Bertrand Rousseau,Logistics Coordinator,Sanchez,France,Small Business,Manufacturing,2019-12-23,210469.11
CPFEQ,"Osborne, Cartwright and Dixon",Diane Jackson,Accounting Manager,East Stanleyberg,UK,Wholesale,Technology,2023-08-24,431352.25
UROLJ,Diaz,Chantal Barbe,Owner,Guillotdan,France,Retail,Transportation,2022-12-15,193832.47
LQWXE,Storey-Elliott,Joanne Smith,Order Administrator,Jakestad,UK,Corporate,Food & Beverage,2022-03-09,236044.28
FPIXX,Sorgatz KGaA,Nick Buchholz B.Sc.,Procurement Specialist,Beeskow,Germany,Retail,Construction,2019-08-05,71891.82
QKZSH,Club Olmos y Escobedo,Bernardo Molina,Owner,Vieja Indonesia,Mexico,Retail,Food & Beverage,2023-04-24,216480.4
ZQMMW,Dytrych-Jonik Sp. z o.o.,Borys Pachuta,Procurement Specialist,Kutno,Poland,Wholesale,Food & Beverage,2025-04-22,292912.05
SSEWC,"Palmer, Deleon and Lopez",Christopher Parker,Purchasing Manager,East Stevenville,Canada,Corporate,Food & Beverage,2023-08-02,348524.72
HWRTI,Alfredsson HB,Elisabeth Jonsson,VP of Purchasing,Trollhättan,Sweden,Wholesale,Education,2019-12-28,675858.94
ZSJAR,"Miller, Reynolds and Hernandez",Katie Brown,Sales Associate,Mitchellton,USA,Wholesale,Food & Beverage,2022-11-11,72092.3
NSCLH,Ferrera y Mariscal S.A.,Manuel Llorente Ávila,Marketing Manager,Melilla,Spain,Government,Technology,2021-04-01,428639.61
VAHJI,"Bedi, Kothari and Choudhry",Ishwar Bera,Supply Chain Manager,Ramgarh,India,Wholesale,Hospitality,2019-12-30,435487.23
DCSEP,Rossi SA,Frédéric-Thierry Bonnin,Owner,Michaudnec,France,Wholesale,Food & Beverage,2018-10-05,182706.24
CSGVQ,Süßebier,Jelena Haering,Marketing Manager,Forchheim,Germany,Wholesale,Retail,2020-08-09,250103.12
HHOKV,Trapp Schenk GmbH,Bekir Gorlitz,Accounting Manager,Wittstock,Germany,Retail,Retail,2020-04-15,244923.16
LCJJU,"Allen, Edwards and Jones",Steven Thomas,Procurement Specialist,Lake Thomasmouth,USA,Small Business,Retail,2018-02-27,13999.12
KNFSJ,Lucero-Lopez,Mia Martin Nuñez,VP of Purchasing,Chilecito,Argentina,Wholesale,Healthcare,2024-07-17,273081.35
OTGNF,Eller Bittner AG,Larissa Uhl,Marketing Manager,Ried im Innkreis,Austria,Small Business,Food & Beverage,2021-10-09,230870.25
QMMIO,Vasconcelos Brito S/A,Lucas Gabriel Machado,VP of Purchasing,Sousa de Ferreira,Brazil,Small Business,Food & Beverage,2025-06-02,83981.15
JXEMI,Alvarado-King,Ronald Turner,Purchasing Manager,Patriciafort,USA,Corporate,Education,2018-11-05,340961.85
EAVLO,Caron S.A.R.L.,Vincent Blanchard-Hamon,Sales Associate,Martinez-sur-Mer,France,Wholesale,Transportation,2022-04-30,629719.9
JIRHZ,"Mcpherson, Howard and Garner",Troy Fowler,Marketing Manager,Natalieside,USA,Wholesale,Agriculture,2024-09-27,103195.1
HPPEE,Putz Gertz GbR,Swetlana Kabus,Accounting Manager,Rudolstadt,Germany,Retail,Agriculture,2021-02-16,53623.23
TDIYZ,Hübner Gratz AG,Romy Schmidl,Accounting Manager,Steyregg,Austria,Wholesale,Retail,2018-12-03,606079.98
EADWH,Duhamel,Louise Masson,Purchasing Manager,Sainte Marianne,France,Corporate,Healthcare,2019-02-07,464721.44
EOUAE,"Hernandez, Levy and Hanson",Elizabeth Roberts,Purchasing Manager,Alexiston,Australia,Small Business,Technology,2019-08-18,176201.04
RVSTC,海创传媒有限公司,王琴,Sales Representative,沈阳县,China,Small Business,Retail,2019-01-12,102971.47
HRWPN,Thornton-Knight,Mr Samuel Edwards,Order Administrator,Lake Dominic,UK,Small Business,Construction,2021-03-28,11589.59
EGJNA,(유) 마루그룹,이준서,Supply Chain Manager,청양군,South Korea,Wholesale,Hospitality,2020-11-23,493043.52
EFLIR,Rasmussen-Garcia,Eric Collins,Sales Associate,Sheltonmouth,USA,Corporate,Manufacturing,2024-01-11,417474.74
AYKER,Finanzas Ibáñez S.A.,Chus del Mayol,Purchasing Manager,Granada,Spain,Small Business,Hospitality,2022-03-31,89840.28
RKUED,"Murray, White and Patton",Anne Rose,Procurement Specialist,Williamstad,Australia,Small Business,Transportation,2021-07-05,7839.22
RKBLT,"Robledo, Peres y Partida",Alicia Valdivia,Purchasing Manager,Vieja Bolivia,Mexico,Small Business,Transportation,2023-08-31,128005.09
SVZCE,"Marazzi, Golgi e Torricelli Group",Lando Bernetti,Sales Associate,Succivo,Italy,Small Business,Technology,2018-12-11,218227.0
AYSGN,"Smith, Aguirre and Golden",Anthony Brown,Supply Chain Manager,West Brookeport,USA,Wholesale,Transportation,2022-03-28,340293.83
BWLBP,Bonnet,Stéphane Parent,Order Administrator,RoussetVille,France,Corporate,Education,2023-04-05,691246.47
AGHKL,"Dhawan, Tandon and Deshpande",Mohammed Mitra,Accounting Manager,Chennai,India,Small Business,Construction,2024-01-14,32362.4
NKEND,"Watts, Wilson and Smith",Barbara Davis,Sales Representative,East Thomas,Australia,Small Business,Technology,2024-03-29,223715.59
LQXXY,Dickinson-Bennett,Nicole Jones-Gallagher,Procurement Specialist,Port Janice,UK,Small Business,Food & Beverage,2019-12-14,23751.36
DZQWJ,Stiffel,Sina Sontag B.Sc.,Logistics Coordinator,Dinslaken,Germany,Corporate,Manufacturing,2022-10-08,451403.41
YGQWV,Thomas Ltd,Carolyn Harmon,Sales Associate,South Timothy,USA,Retail,Healthcare,2020-03-03,144869.3
QOUSB,Rayel LLC,Dr. Kenneth McIntyre,Supply Chain Manager,Edel Ville,Ireland,Small Business,Technology,2024-02-05,72322.75
ENBKE,株式会社渡辺農林,佐藤 七夏,Accounting Manager,君津市,Japan,Corporate,Technology,2022-11-01,246779.52
RHMUQ,"Ruggieri, Bataglia e Nonis e figli",Viridiana Satta,Purchasing Manager,Campodimele,Italy,Corporate,Food & Beverage,2018-01-25,723558.08
PSPLK,Howard PLC,Steven Warren,Supply Chain Manager,East Dianastad,USA,Small Business,Technology,2022-12-01,121522.71
IIVDW,Marques,Srta. Lara Viana,Operations Manager,Gonçalves de Minas,Brazil,Corporate,Retail,2024-11-12,689336.65
AWZQO,"Webb, Estes and Obrien",Michael Hunter,Order Administrator,Davidmouth,USA,Corporate,Agriculture,2022-05-31,400731.88
IRAQE,"Godfrey, Richards and Ahmed",Lauren Davis,Order Administrator,East Lewis,UK,Small Business,Technology,2022-12-26,248977.33
ZOMGX,Villa-Alvarez,Vicki Stokes,Sales Representative,North Rachel,USA,Small Business,Hospitality,2019-04-22,28760.06
ZOEEU,Campos-Fisher,Logan Wilson,Logistics Coordinator,South Kathryntown,USA,Retail,Agriculture,2024-12-02,105086.47
KPIJC,Chokshi-Sengupta,Kiaan Iyengar,VP of Purchasing,Nizamabad,India,Retail,Education,2021-09-06,128064.64
FKTHY,Câmara,Enrico Lopes,Sales Representative,Borges,Brazil,Retail,Retail,2022-05-13,103013.32
VTRRC,"Moyer, Davis and Johnson",Aaron Schroeder,Supply Chain Manager,West Jacobhaven,USA,Government,Technology,2021-09-20,879558.23
QDQZP,Industrias Rojo y Sanches,Jonás Serafín Valdivia Chavarría,Logistics Coordinator,Vieja Malta,Mexico,Small Business,Food & Beverage,2022-09-08,84629.98
OMCJT,Carroll and Sons,Elizabeth Wilson,VP of Purchasing,North Carolyn,USA,Small Business,Agriculture,2020-06-24,216542.38
EJWEY,Persson HB,Hanna Hermansson Sjöberg,Marketing Manager,Halmstad,Sweden,Small Business,Manufacturing,2018-07-24,20879.14
PLRLG,"Allen, Holmes and Carr",Luke Gardner,Sales Representative,New Thomasview,USA,Retail,Agriculture,2022-11-23,162137.92
VWXGS,Moretti s.r.l.,Galasso Monteverdi-Bianchi,Purchasing Manager,Gradizza,Italy,Corporate,Food & Beverage,2019-07-13,697922.42
NMKUY,Jüttner,Erkan Nohlmans,Logistics Coordinator,Regensburg,Germany,Small Business,Construction,2024-10-11,163536.89
AMSHK,Ferreira S/A,Anna Liz Novaes,Logistics Coordinator,Cardoso de da Mata,Brazil,Wholesale,Education,2023-06-03,314586.34
QLUCW,Muniak Sp.j.,Nataniel Janc,Supply Chain Manager,Sopot,Poland,Wholesale,Hospitality,2020-04-10,548445.81
RDGMG,Bärer AG,Reimar Zänker,Order Administrator,Pfaffenhofen an der Ilm,Germany,Small Business,Hospitality,2022-07-23,117269.3
TTIRI,Fleming-Rojas,Amy Cannon,Operations Manager,Port Jacqueline,Australia,Government,Construction,2022-02-13,623068.06
DNAWO,Kim PLC,Mrs. Cheryl Kim,Logistics Coordinator,East Jesseshire,USA,Corporate,Retail,2018-01-28,589257.93
SREUD,Morris-Gregory,Mr Thomas Wong,Supply Chain Manager,Port Kevin,UK,Corporate,Technology,2018-07-29,294440.47
WPDAJ,Gonzales LLC,Gregory Rios,Procurement Specialist,West David,USA,Wholesale,Agriculture,2020-12-24,319237.36
EIEWI,"Martinez, Jones and Wright",Kathleen Moss,Order Administrator,Priscillabury,Canada,Small Business,Transportation,2021-04-28,163852.24
MMJRB,Koninklijke van het Heerenveen,Sienna Pierson,Marketing Manager,Waddinxveen,Netherlands,Small Business,Healthcare,2024-09-10,41771.69
SDFMO,Wolfe-Gordon,Steven Thornton,VP of Purchasing,Ramirezborough,Canada,Retail,Agriculture,2024-11-01,225042.99
JAQYN,"Hall, Harmon and Clark",Robert Thomas,Accounting Manager,St. Debra,Australia,Small Business,Agriculture,2021-05-26,212418.38
CULNG,Almeida - ME,João Gabriel da Mota,Logistics Coordinator,da Rosa de Minas,Brazil,Corporate,Healthcare,2018-06-13,266922.93
EZGHT,"Cruz, Smith and Reyes",Danny Gray,Logistics Coordinator,Patelport,Australia,Wholesale,Hospitality,2018-03-27,681952.2
HFGTM,Pineda-Kent,Gabrielle Clayton,Purchasing Manager,Lisashire,USA,Small Business,Food & Beverage,2019-08-16,83120.29
FDCFO,Mondragón e Hijos,Lic. Luis Báez,Marketing Manager,Vieja Uganda,Mexico,Small Business,Manufacturing,2024-12-27,144485.67
WCXUF,Garrison-Hurley,Kenneth Carroll,VP of Purchasing,Franciscofurt,Canada,Small Business,Transportation,2021-07-03,248098.23
KHQIM,Anderson Inc,Michael Hill,Accounting Manager,Port Amy,USA,Retail,Manufacturing,2020-07-12,69728.98
IRNQC,Andrade,Kamilly Fonseca,Sales Representative,Ribeiro Paulista,Brazil,Small Business,Education,2023-11-12,223874.96
METRC,Denis SARL,Margot-Julie Colin,Operations Manager,PintoVille,France,Small Business,Agriculture,2021-04-19,206526.63
CGHHT,Johnson-Howard,Kristin Ortiz,Operations Manager,West Pennyside,USA,Corporate,Manufacturing,2020-05-09,931173.92
RIEKE,Alexander LLC,Desiree Booth,Sales Representative,East Crystal,USA,Small Business,Retail,2019-02-07,84791.91
MPKSF,da Conceição S/A,Ana Carolina Cirino,Accounting Manager,Pacheco de Dias,Brazil,Small Business,Manufacturing,2018-04-25,95843.83
SVIIO,"Wilson, Watson and Chambers",Julie Davies-Baxter,Sales Associate,Sheilaton,UK,Corporate,Technology,2022-07-02,102542.05
QDLHV,Dörr Buchholz GmbH & Co. OHG,Beatrice Pergande B.Sc.,Marketing Manager,Forchheim,Germany,Corporate,Manufacturing,2020-06-10,330057.05
IUIOF,Stiffel Liebelt AG,Ing. Brunhilde Barth,Marketing Manager,Schlüchtern,Germany,Small Business,Transportation,2023-11-28,214818.84
GIMSM,Hester-Merritt,Tommy Carter,Owner,East Michealport,USA,Wholesale,Technology,2024-12-21,523655.7
MHPJC,天益网络有限公司,林凤兰,VP of Purchasing,红霞县,China,Small Business,Agriculture,2024-03-23,95514.96
CDTIU,Langier Sp.k.,Fryderyk Irla,Sales Associate,Zakopane,Poland,Wholesale,Retail,2018-08-03,452611.03
OLIOR,Câmara - EI,Mariah Nascimento,Procurement Specialist,Moura,Brazil,Small Business,Manufacturing,2023-12-25,173944.68
UWSTY,"Kennedy, Warren and Alexander",Russell Carter,Order Administrator,West John,USA,Retail,Transportation,2023-10-03,188081.93
IFJFZ,Hall-Edwards,Melissa Wallace,Accounting Manager,Coxstad,USA,Corporate,Food & Beverage,2022-03-14,183256.44
LUUVB,Nájera-Roybal,Dr. Marisol Peralta,Procurement Specialist,Nueva Qatar,Mexico,Small Business,Construction,2019-11-02,112115.69
NUUMO,Craig-Wade,Rebecca Peterson,VP of Purchasing,North Rickyhaven,USA,Corporate,Hospitality,2025-05-15,587041.47
UNUWC,"Leys, Verbrugghe en De Laet BV",Amber Cools,Operations Manager,Huise,Belgium,Small Business,Healthcare,2023-09-27,189217.3
LHLWT,"Singhal, Chaudhuri and Date",Raagini Bajwa,VP of Purchasing,Srinagar,India,Small Business,Retail,2018-12-29,163720.77
NSVLA,"Bell, Cooke and Evans",Ms Stephanie Baldwin,Supply Chain Manager,Marieville,UK,Corporate,Construction,2025-06-13,836811.51
FLGFR,Jones LLC,Susan Mccoy,Order Administrator,Robertsfort,USA,Small Business,Healthcare,2023-04-01,193632.32
JWWDU,Silveira Vargas - EI,Antonella Cassiano,Marketing Manager,Pastor,Brazil,Small Business,Hospitality,2022-06-12,11425.0
VUOYI,"Banks, Gray and Gonzales",Leah Duffy,Order Administrator,East Kennethmouth,Canada,Retail,Healthcare,2018-05-13,54416.85
ZGXUA,"Merritt, Riley and Anthony",Frank Flores,Operations Manager,East Bobby,USA,Corporate,Technology,2025-01-30,74152.69
WFBLF,van Dillen & van den Eerenbeemt,Lize Timmermans,Sales Associate,Dedgum,Netherlands,Small Business,Hospitality,2020-08-08,27748.7
XSDTD,Wilson LLC,Mr. Christopher Crosby,Operations Manager,Vanessaville,USA,Wholesale,Education,2024-12-05,568519.88
EZUJG,"White, Green and Fisher",Graham Day,Purchasing Manager,New Shannonborough,UK,Retail,Food & Beverage,2018-01-19,6777.62
KWJYV,Pacomio e figli,Pompeo Russo-Treccani,Sales Associate,Fratte Di Sassofeltrio,Italy,Retail,Manufacturing,2024-03-24,61192.92
QVWAZ,藤井銀行合同会社,吉田 翼,Logistics Coordinator,武蔵野市,Japan,Small Business,Education,2019-12-21,16115.53
EANDM,Toledo Ltd,León Cordoba Villalba,Owner,Comodoro Rivadavia,Argentina,Corporate,Healthcare,2023-06-14,873027.81
JKEEY,Cortez-Sarabia S.A. de C.V.,María Elena Sonia Serna Benavides,Sales Representative,San Alfonso los bajos,Mexico,Wholesale,Retail,2018-10-02,289674.31
UAFKJ,Stowarzyszenie Kidoń-Stempel s.c.,Mateusz Mrozowicz,Accounting Manager,Chorzów,Poland,Small Business,Food & Beverage,2022-05-24,196900.88
XAWXB,Davies LLC,Keith Jones,Sales Associate,Lake Jean,UK,Wholesale,Agriculture,2020-02-13,148061.67
JFKBZ,Walters Inc,Shannon Curry,Operations Manager,South Carlosside,USA,Retail,Agriculture,2022-07-31,112901.88
VAMXG,Dahlgren & Johansson HB,Hugo Lindberg-Lundgren,Order Administrator,Motala,Sweden,Government,Education,2022-12-04,1918120.17
CMVOD,Corporacin Gómez-Loya,Minerva Orosco,Procurement Specialist,San Pamela los bajos,Mexico,Corporate,Retail,2020-03-19,264274.25
CKXCF,Rodriguez LLC,Jeremy Wright,Sales Representative,Wilsonmouth,USA,Wholesale,Manufacturing,2025-03-02,263253.68
RNPWT,"Claus, Snauwaert en Sterckx VOF",Rosa Pauwels,Sales Representative,Heldergem,Belgium,Small Business,Education,2018-03-21,166994.45
YAXKB,Romero-Wu,Amy Ingram,Marketing Manager,Emilychester,Canada,Retail,Food & Beverage,2020-12-07,40023.84
UEIOM,Coleman-Green,John Robinson,Order Administrator,West Sethbury,USA,Corporate,Construction,2022-04-16,435374.01
LGLTR,Sweeny and Sons,Mr. Tony Magann,Procurement Specialist,Leah Ville,Ireland,Retail,Education,2025-02-13,249188.0
IWULC,Lang Inc,Felicia Gomez,Order Administrator,Lake Brandonborough,USA,Wholesale,Manufacturing,2020-09-18,70760.38
QZDFL,Franke KG,Sinaida Trupp-Hein,Purchasing Manager,Ebersberg,Germany,Corporate,Manufacturing,2024-10-28,169984.29
LOYZZ,Ali-Fisher,Linda Fowler,Sales Representative,Port Kerryville,UK,Small Business,Agriculture,2021-10-04,52745.11
FATJP,Gonzalez-Garcia,Francisco Ramos Martinez,Sales Representative,Córdoba,Argentina,Small Business,Agriculture,2023-08-15,133636.08
JFYNJ,Piccio-Chechi Group,Beppe Borgia,Purchasing Manager,San Savino,Italy,Government,Construction,2023-05-31,529889.24
SOYLF,Arnold Ammann & Cie.,Dr. Philip Walter,Owner,Gossau,Switzerland,Retail,Technology,2024-03-25,77641.63
ZXMDY,(유) 아름윈드개발공사,박동현,Owner,예산군,South Korea,Corporate,Agriculture,2022-04-27,684714.16
TPBTD,Carter-Davis,Kristina Webb,Operations Manager,South Andre,USA,Wholesale,Healthcare,2021-09-22,308647.75
KPGJF,Bean-Farmer,Jodi Lane,Accounting Manager,South Kelliemouth,USA,Corporate,Technology,2020-10-09,167297.85
YDLRT,"Rodriguez, Collins and Thomas",Angela Hoffman,Owner,St. Brittney,Australia,Small Business,Agriculture,2018-08-18,81234.34
QMRHD,Jensen-Wells,Lacey Hall,Logistics Coordinator,Kingport,USA,Small Business,Retail,2023-07-20,22248.67
XIHZJ,Bertels CommV,Sabine De Wolf,Accounting Manager,Grote-Brogel,Belgium,Corporate,Transportation,2023-08-29,454615.05
SWMHN,Gardner-Edwards,Erica Fletcher,Purchasing Manager,North Ronaldland,USA,Retail,Construction,2020-10-25,240134.94
GWMSL,Börjesson AB,Christel Schmidt,Owner,Malmö,Sweden,Small Business,Manufacturing,2024-08-20,211369.62
XQIRG,Jackson-Pratt,Dr. Joshua Ross,Order Administrator,Davidport,Australia,Corporate,Hospitality,2023-05-25,727440.84
PFLGZ,Barbe,Michelle Thibault,Logistics Coordinator,Blanchard,France,Small Business,Construction,2020-03-05,210165.95
NYJPP,Haase,Karen Schleich,VP of Purchasing,Nabburg,Germany,Retail,Construction,2021-06-20,28253.82
GPSPV,Seidl Schubert AG,Lionel Schreiner,Logistics Coordinator,Althofen,Austria,Wholesale,Education,2020-05-19,494139.14
LWAKU,Fischer GmbH & Co. KGaA,Achim Jockel,Logistics Coordinator,Finsterwalde,Germany,Wholesale,Food & Beverage,2023-03-15,181628.66
QIHKA,"Ellis, Davis and Weber",Andrea Fields,Operations Manager,West Courtney,USA,Wholesale,Manufacturing,2024-12-14,284976.98
JZHUI,渡辺電気合同会社,小林 真綾,Logistics Coordinator,川崎市幸区,Japan,Retail,Manufacturing,2019-11-29,193309.73
OWQTT,"May, Harris and Watkins",Daniel White,Sales Representative,East Laurashire,USA,Wholesale,Hospitality,2022-10-31,266978.37
TVFVC,Rivera-Ingram,Destiny Aguirre,Logistics Coordinator,Clarktown,Canada,Corporate,Technology,2023-11-15,347278.13
EJGSJ,Robin Bonneau S.A.,Émile Ollivier,Operations Manager,Sainte Denis,France,Retail,Retail,2024-09-18,240030.54
CPXSO,Khan Group,Dr Maureen Stokes,Procurement Specialist,East Yvonnefurt,UK,Small Business,Technology,2020-10-29,156525.39
CSXRW,Mccarthy-Kelly,Emily Miller,Sales Representative,East Sonia,USA,Wholesale,Agriculture,2024-03-31,281504.75
KVTWU,"Thomas, Kim and Alexander",Danielle Martinez,Supply Chain Manager,Pearsonburgh,USA,Small Business,Hospitality,2018-03-11,84339.89
VGEZA,Wyatt-Townsend,Jeff Jensen,Marketing Manager,South Neil,USA,Wholesale,Healthcare,2024-12-29,202880.01
QFAGA,Gonzalez LLC,Abigail Collins,Supply Chain Manager,West Ruthhaven,USA,Small Business,Transportation,2024-11-27,106558.83
OKWPQ,Andrade,Kamilly Ramos,Sales Associate,Gonçalves de Aparecida,Brazil,Wholesale,Education,2025-06-18,607483.91
JXYIJ,"King, Garrett and Maddox",Sharon Pennington,Logistics Coordinator,Henryfort,USA,Corporate,Healthcare,2023-08-15,805779.22
CXZSN,"Christensen, Aguirre and Johnson",Steven Hernandez,Purchasing Manager,Port Melissa,Canada,Wholesale,Construction,2018-08-15,190172.71
SZVFG,George Ltd,Robert McLean-Taylor,Owner,Gordontown,UK,Small Business,Transportation,2020-06-29,126797.57
YEOOB,Junck,Prof. Oswin Kobelt,Order Administrator,Stollberg,Germany,Small Business,Retail,2021-01-08,20625.32
YHGXA,Staude,Antonino Gröttner,Supply Chain Manager,Wetzlar,Germany,Small Business,Retail,2019-12-31,246620.62
LNRIO,Ramos LLC,Melissa Ortiz,Procurement Specialist,West Joshuastad,USA,Retail,Retail,2018-11-19,192743.56
PWZBT,Moens-Smolders CommV,Anny Verlinden,Supply Chain Manager,Gaurain-Ramecroix,Belgium,Corporate,Hospitality,2023-06-20,633157.94
STGPT,Dias Pastor e Filhos,Enzo Gabriel Viana,Sales Representative,Cunha,Brazil,Wholesale,Food & Beverage,2022-10-13,495820.08
DCYOY,Faure,Honoré Bazin-Clerc,Sales Associate,Letellier,France,Wholesale,Technology,2023-08-31,529900.92
ICJSW,Collins Group,Cassandra Taylor,Operations Manager,Robertborough,USA,Corporate,Manufacturing,2020-01-17,431356.37
ZQITN,Thompson LLC,Jeffrey Davis,Owner,Bethstad,USA,Retail,Food & Beverage,2023-10-15,245592.48
JEZNA,"Cole, Welch and Decker",Ruben Cruz,Sales Associate,Lake Ryan,USA,Small Business,Construction,2022-11-04,143024.35
YEQEF,Palm & Ekström HB,Julia Eliasson,Order Administrator,Karlskrona,Sweden,Corporate,Retail,2019-12-15,619732.39
XSWED,Moreira e Filhos,Ester Melo,Operations Manager,Martins,Brazil,Corporate,Food & Beverage,2022-05-26,938528.39
UDYYC,유한회사 코어조선그룹,김성호,VP of Purchasing,수원시,South Korea,Corporate,Agriculture,2019-03-11,209016.04
FEPIL,Cook-Wong,Thomas Torres,VP of Purchasing,Paynetown,USA,Small Business,Technology,2021-04-16,197095.35
RBGDY,"Kristiansen, Nilsen og Nguyen",Prof. Tore Johansen,Operations Manager,Gulbrandsen,Norway,Corporate,Technology,2019-11-23,89510.87
ZMVRT,Burke-Olson,Andrew Hickman,Supply Chain Manager,Port Sarah,USA,Corporate,Agriculture,2024-12-11,136405.8
XOSNT,Pérez-Polanco,Reynaldo Karla Villaseñor Anaya,VP of Purchasing,Nueva Honduras,Mexico,Corporate,Education,2024-08-23,178701.89
HQKJM,"Viswanathan, Issac and Dewan",Gauri Bhagat,Operations Manager,Tirupati,India,Corporate,Agriculture,2023-12-11,509899.26
MUHRB,Kensy GmbH & Co. KG,Centa Mies-Ackermann,Owner,Finsterwalde,Germany,Corporate,Hospitality,2024-08-13,341763.84
XOQTN,Parker-Lopez,Jessica Ramsey,Owner,Lake Angela,Canada,Retail,Technology,2023-10-24,51118.56
BVWTN,Lehto Oy,Kristiina Paananen,Sales Representative,Savukoski,Finland,Small Business,Food & Beverage,2023-01-04,228112.21
YXSBF,Mccarthy-Hines,Carl Hines,Marketing Manager,South Kerri,USA,Small Business,Construction,2024-09-23,8820.21
FRYAG,PPUH Pierchała s.c.,Mieszko Górnisiewicz,Order Administrator,Świecie,Poland,Retail,Technology,2023-07-20,207510.19
VBDGR,Bauer,Prof. Dietmar Wilmsen B.A.,Sales Associate,Karlsruhe,Germany,Government,Manufacturing,2020-07-19,489264.93
THRKK,de Vries BV,Collin van Wickerode-Lieshout,Accounting Manager,Bellingwolde,Netherlands,Wholesale,Healthcare,2019-08-02,617125.37
PQKSL,Morin,Nathalie Guibert,VP of Purchasing,Lamy,France,Government,Hospitality,2019-02-17,1311434.4
XMEIY,Hughes-Nicholson,Tyler Fisher,Accounting Manager,South Faith,USA,Retail,Technology,2024-04-02,74777.66
WGTKX,Forster-Ward,Adam Lynch-Gibbons,Marketing Manager,East Stanleyberg,UK,Retail,Agriculture,2022-04-22,212381.3
NAMCA,Parks-Smith,Meagan Henderson,Sales Associate,West Ronaldville,USA,Corporate,Hospitality,2022-07-11,279664.25
LDPBY,Shaw-Norman,Sarah Bonilla,Marketing Manager,Port Haroldchester,Canada,Wholesale,Education,2021-12-26,56724.48
DWGEM,Berg-Miller,Travis Zimmerman,VP of Purchasing,Jamesmouth,USA,Corporate,Technology,2021-04-05,195442.64
BEFRL,Bird-Blake,Bernard Owen,Operations Manager,Howardchester,UK,Corporate,Healthcare,2020-07-12,621577.05
EOICB,Perkins-Brown,Louise Harris-Fletcher,Procurement Specialist,Duncanton,UK,Small Business,Construction,2022-06-19,181518.2
IAXRA,Dennis-Schmidt,Christopher Nichols,Owner,West Cynthia,Australia,Small Business,Technology,2021-03-25,193330.38
FQOBQ,Reed-Ellis,Tamara Berger,Operations Manager,Williamsmouth,USA,Retail,Technology,2020-10-17,74204.77
LTRPI,Lynch Ltd,Sonia Reyes,VP of Purchasing,West Saraport,Canada,Small Business,Retail,2021-03-02,116284.68
FHTZK,Le Marec Groep,Nadia Erhout,Accounting Manager,Schalsum,Netherlands,Retail,Education,2025-03-26,186301.37
HBKWW,Rudolph GbR,Louise Pieper,Sales Associate,Uelzen,Germany,Corporate,Education,2023-12-27,247695.88
WLLYM,Ruppersberger Mühle AG & Co. OHG,Ing. Nathalie Stroh,Order Administrator,Göppingen,Germany,Small Business,Technology,2021-10-04,37613.1
GSOYS,Pereira - ME,João Miguel da Mata,Supply Chain Manager,Jesus,Brazil,Small Business,Transportation,2019-07-21,139310.35
KQFDC,Dayal-Maharaj,Turvi Nadkarni,VP of Purchasing,Korba,India,Small Business,Construction,2019-09-08,105968.87
IXRYL,"Nguyen, Brown and Roberts",Samantha Matthews,Operations Manager,Amberfort,USA,Corporate,Healthcare,2024-12-20,416672.14
HTOEK,Montalvo S.A. de C.V.,Javier María Coronado Ríos,Marketing Manager,San Enrique los altos,Mexico,Corporate,Education,2023-03-25,495150.78
DYIYP,Apollo Vredestein,Amira Emmen,Logistics Coordinator,Tijnje,Netherlands,Small Business,Food & Beverage,2022-03-17,170666.41
CAWBW,Brambilla-Foletti Group,Lamberto Mengolo-Salvini,Order Administrator,Prati,Italy,Retail,Education,2018-03-22,54736.73
FVJXP,"Richards, Weber and Cunningham",Phillip Potter,Operations Manager,Angelafort,USA,Small Business,Retail,2025-06-01,75986.56
OXDKN,Morse-Anderson,Sarah Davis,Supply Chain Manager,East Victoria,USA,Small Business,Agriculture,2022-04-12,140318.7
ZRXZR,Leroux Gosselin et Fils,Odette Benard,Sales Representative,Humbert,France,Retail,Hospitality,2024-09-30,190140.01
JJEAR,Flores-Cox,Stephen Horne,Order Administrator,Wayneside,USA,Retail,Construction,2020-12-09,145118.01
AMRII,Costa,Louise Lebreton,Purchasing Manager,Schmitt,France,Retail,Hospitality,2020-12-30,48422.69
RXCYY,Patel LLC,Mary Vega,Marketing Manager,South Bettychester,Canada,Retail,Education,2025-04-20,76625.62
UJZMQ,Farnese-Badoer e figli,Tiziano Botticelli,Supply Chain Manager,San Donato Di Ninea,Italy,Small Business,Retail,2025-01-31,94477.91
NZXAI,Bishop-Jackson,Melinda Crane,Sales Representative,Lake Carolynfurt,USA,Corporate,Healthcare,2022-02-19,715489.14
ZIHZR,Jefferson and Sons,Nathan Allen,VP of Purchasing,Gilesborough,USA,Corporate,Agriculture,2020-06-02,79805.12
YAOHF,Stichting Boogaerts,Max van Leeuwen-van Laar,Operations Manager,Kallenkote,Netherlands,Small Business,Food & Beverage,2023-02-15,175345.63
JJNZL,Scott-Roberts,Tony Hart,Logistics Coordinator,Sambury,UK,Small Business,Education,2021-06-19,181183.69
MGXXC,Abreu e Filhos,Nicolas Moreira,VP of Purchasing,Gomes de Barbosa,Brazil,Retail,Agriculture,2023-11-14,224475.69
DTGEB,Ware-Medina,Lisa Hays,Supply Chain Manager,South Timothyton,USA,Wholesale,Hospitality,2020-03-12,651175.54
AUWQE,Clayton-Hardy,James Ho,VP of Purchasing,Pattersonville,USA,Retail,Transportation,2018-10-11,159595.71
RPBDX,Reed-Jackson,Mr Graham Owen,Purchasing Manager,Patrickbury,UK,Corporate,Hospitality,2023-12-18,53649.08
GBCIN,Iannucci SPA,Dott. Roman Strangio,Operations Manager,Collecchio,Italy,Wholesale,Transportation,2023-09-03,463956.92
HRWBE,Phillips-Wallace,Melissa Carroll,Owner,Port Donaldhaven,USA,Corporate,Healthcare,2020-02-29,300098.52
OEDTE,d' Heripon & Woudenberg,Féline Klerks,Order Administrator,Woudsend,Netherlands,Wholesale,Healthcare,2022-10-01,142757.09
PPNHL,Quiñónez y Lozano S.A.,Concepción Sandra Loya,Order Administrator,San Francisco los altos,Mexico,Wholesale,Agriculture,2019-09-16,30062.73
RHEBM,(유) 나루개발,오정호,Logistics Coordinator,인제군,South Korea,Corporate,Technology,2021-01-15,125954.03
SATCP,"Garde, Padmanabhan and Dugal",Kavya Radhakrishnan,Order Administrator,Gulbarga,India,Government,Construction,2024-07-11,1388571.55
GVLTM,Thompson-Prince,Travis Peterson,Operations Manager,Jamieberg,USA,Small Business,Transportation,2020-02-01,81801.3
EPBJM,"Dinneen, Grahams and McCourt",Jolene Behan,Operations Manager,Stacey Ville,Ireland,Small Business,Technology,2020-09-22,118587.85
LDTKA,유한회사 첨단네트워크,박수민,Sales Representative,양양군,South Korea,Wholesale,Technology,2024-05-06,742577.55
KAURE,Badillo-Ramón,Ing. Fernando Guevara,Supply Chain Manager,San Dulce los altos,Mexico,Retail,Healthcare,2025-01-06,28237.32
DIAKH,Heidrich Stiftung & Co. KG,Cilli Benthin B.Eng.,Procurement Specialist,Bremen,Germany,Corporate,Healthcare,2023-07-27,512208.03
LYEZB,"Rivas, Brown and Leach",Amy Perez,Purchasing Manager,Marshallside,Australia,Corporate,Education,2024-08-10,720722.9
DNMFM,Flores Ltd,John Ramos,Accounting Manager,Gonzalezside,Canada,Small Business,Education,2022-06-02,159462.46
LDDHS,山本水産合同会社,石井 加奈,Logistics Coordinator,利島村,Japan,Retail,Education,2024-08-23,143505.28
AJGYR,Pruvost Bousquet S.A.S.,Adélaïde Deschamps,Order Administrator,Brunel-la-Forêt,France,Small Business,Transportation,2021-09-10,197767.5
PIFDI,Farias Montenegro - ME,Larissa Ramos,VP of Purchasing,da Luz da Prata,Brazil,Small Business,Healthcare,2019-11-13,178485.7
VGOXI,Byrd-Gordon,Ashley Sherman,Purchasing Manager,South Adam,Canada,Small Business,Retail,2024-09-11,157783.71
MPXYG,"Ruiz, Martin and Jones",Eric Schaefer,Operations Manager,Petersonside,USA,Small Business,Healthcare,2024-03-01,198863.99
DWBGQ,Marsh and Sons,Natasha Knight,Order Administrator,Melaniefort,UK,Small Business,Construction,2018-10-09,123225.51
HIZPN,Pennington-Clark,Erica Lee,VP of Purchasing,Floydburgh,USA,Corporate,Construction,2022-07-28,624827.34
BXNNG,Rose PLC,Toby Wright,Sales Associate,Marshview,UK,Small Business,Food & Beverage,2019-09-19,78053.37
HAQKJ,Kennedy-Chase,Charles Cook,Sales Representative,Mariamouth,USA,Small Business,Technology,2021-05-15,141039.77
TCHHS,Elliott-Farmer,Todd Brown,Operations Manager,Gomezberg,Canada,Corporate,Construction,2025-04-22,172108.9
DWOJI,Ahonen Parviainen Tmi,Helmi Koskela-Kivelä,Logistics Coordinator,Mynämäki,Finland,Small Business,Food & Beverage,2022-03-08,159078.13
KIVAH,Proyectos Galván y Santacruz,Gerardo Carbajal,Supply Chain Manager,Nueva Costa Rica,Mexico,Wholesale,Food & Beverage,2020-06-09,665363.22
SDBBD,David-Watkins,Theresa Harrington,Procurement Specialist,Wattsfort,USA,Corporate,Healthcare,2019-11-15,137266.44
JCIBK,Schaaf,Anna-Luise Ditschlerin-Blümel,Owner,Göppingen,Germany,Small Business,Technology,2022-01-12,175173.72
CFETW,da Paz,Ravy Carvalho,Marketing Manager,Duarte,Brazil,Corporate,Agriculture,2025-04-28,73013.94
SMBTY,"Coronado, Corona y Villalpando",Renato Elvira Valenzuela Bueno,Sales Representative,San Felipe los bajos,Mexico,Small Business,Education,2022-04-17,99943.69
KNHAS,"Industrias Tamez, Lovato y Alonzo",Ángel Humberto Muro,Sales Associate,San Ernesto de la Montaña,Mexico,Small Business,Food & Beverage,2020-05-29,54030.48
FMJCW,Murray LLC,Wesley Green,Procurement Specialist,East Davidchester,USA,Retail,Retail,2021-03-15,102309.47
AQQGJ,Yates-Decker,William Brooks,Sales Associate,Forbeshaven,USA,Corporate,Healthcare,2024-07-17,766462.9
FXKQL,Tyler-Vasquez,Madison Navarro,Operations Manager,New Kimberlyside,USA,Small Business,Agriculture,2019-03-10,193654.08
CKCYF,"Mathis, Miller and Nielsen",Wendy Walton,Supply Chain Manager,Meyersmouth,USA,Wholesale,Manufacturing,2021-05-20,628874.03
XVJBQ,合同会社中村鉱業,山田 舞,Supply Chain Manager,横浜市瀬谷区,Japan,Retail,Manufacturing,2018-02-28,58117.48
AVWFY,"Carter, Hanson and Price",Frank Hernandez,Sales Associate,New Emily,USA,Wholesale,Transportation,2020-06-12,738566.38
EMOHZ,Valdez-Gonzalez,Tammy Barry,Marketing Manager,East Kendra,Canada,Corporate,Hospitality,2019-07-19,890191.74
QWYYH,Berg AB,Katarina Vesterlund,Sales Associate,Sundsvall,Sweden,Wholesale,Retail,2024-12-16,95493.69
QZTJH,Hänel,Gereon Fröhlich MBA.,VP of Purchasing,Genthin,Germany,Corporate,Food & Beverage,2025-01-06,903595.61
GYXUF,Clements Inc,Beverley Lees,VP of Purchasing,Payneborough,UK,Wholesale,Food & Beverage,2020-11-07,663210.66
ECSLX,Lutz Küng GmbH,Lilli Kessler,Logistics Coordinator,Buchs,Switzerland,Small Business,Manufacturing,2025-04-06,10526.94
BRFKJ,Castro S.A.,Samuel Sousa,Owner,Souza Alegre,Brazil,Small Business,Transportation,2021-02-10,106043.94
OBBUH,Doppler KG,Dipl.-Ing. Filip Nagel,Accounting Manager,Oberndorf bei Salzburg,Austria,Wholesale,Healthcare,2018-02-14,606407.24
HWGLA,Lara-Ross,Heather Bautista,VP of Purchasing,South Sonyaport,USA,Corporate,Construction,2019-09-20,843622.86
YMGWB,Caspar,Stilla Mude-Bachmann,Order Administrator,Wetzlar,Germany,Corporate,Education,2022-11-07,483444.61
ERJOD,Lambert,Gérard Schmitt,Logistics Coordinator,Petit-sur-Rodriguez,France,Small Business,Technology,2021-11-20,47620.87
MJHVT,Täsche GmbH & Co. KGaA,Ante Schenk,Operations Manager,Wittstock,Germany,Government,Technology,2022-12-15,784624.82
PXIJM,Schönland Liebelt AG & Co. KGaA,Dr. Christina Pohl,Procurement Specialist,Witzenhausen,Germany,Retail,Retail,2024-01-25,222986.52
XZDIQ,"Clayton, Shaw and Griffiths",Lauren Stephenson,Logistics Coordinator,Sophiestad,UK,Corporate,Construction,2024-10-23,182545.24
FSCKC,Logística Andrade & Asociados S.Com.,Alexandra Cobos Ramón,Procurement Specialist,Murcia,Spain,Small Business,Agriculture,2020-10-28,30434.75
YREFS,"Sharp, Jackson and Garcia",Daniel Barnes,Order Administrator,North Tanyamouth,USA,Small Business,Education,2025-05-15,184304.4
OKRKP,"Rossellini, Chindamo e Abate Group",Marta Guarneri,Logistics Coordinator,Poggio Picenze,Italy,Small Business,Hospitality,2020-06-02,60324.63
ESTSX,Caldera-Romo S.C.,Dr. Carmen Gaona,Procurement Specialist,Nueva Estonia,Mexico,Wholesale,Transportation,2022-12-10,129657.77
YGKVO,"Davis, Powell and Eaton",Darrell Lopez,Purchasing Manager,Markmouth,USA,Retail,Healthcare,2023-01-04,10758.88
DEUBG,"Black, Huerta and Adams",Erin Brooks,Purchasing Manager,New Jill,USA,Small Business,Education,2024-05-17,167088.34
PIJHQ,"Bullock, Cruz and Williams",Christopher Thomas,Operations Manager,Port Lauraburgh,USA,Small Business,Construction,2020-12-21,15259.35
AIASW,Masse S.A.R.L.,Marie Roche,Sales Associate,Lebon-sur-Sauvage,France,Wholesale,Hospitality,2025-06-10,331458.71
WYRZJ,Howell-Gardner,Douglas Mack,Operations Manager,Matthewburgh,Canada,Wholesale,Hospitality,2019-11-30,369282.05
CSSXL,Vargas,Mirella Ribeiro,Logistics Coordinator,Rios,Brazil,Small Business,Construction,2024-06-01,246080.06
IUWFK,"Baker, Casey and Simmons",Joshua Davis,Owner,Greerville,USA,Government,Construction,2022-02-15,1739161.71
YLNMS,Ceci-Napolitano Group,Marcella Visconti,Sales Associate,Casaleggio Boiro,Italy,Wholesale,Agriculture,2025-03-29,498934.18
PSMXH,"White, Wilkins and Blackwell",Brenda Becker,Sales Representative,East Jessicastad,USA,Corporate,Construction,2021-12-09,364844.82
EVFMA,Hart PLC,Rebecca Cox,Logistics Coordinator,Lake Stacey,USA,Wholesale,Retail,2021-12-23,585035.43
EIRVF,Moore-Becker,Shannon Perez,Operations Manager,New Sheri,USA,Wholesale,Hospitality,2022-07-27,98614.85
TYOLJ,Ramirez Group,Steven Stanton,Logistics Coordinator,Mcdonaldberg,USA,Small Business,Agriculture,2023-05-29,224933.92
OKALS,Ackermann Bruder GbR,Deborah Wagner,Purchasing Manager,Beeskow,Germany,Corporate,Manufacturing,2023-08-29,883891.97
MNGYD,Grupo Rosales-Cruz,Julio César Cristobal Perea,Owner,San Rosa de la Montaña,Mexico,Corporate,Construction,2019-11-12,227451.18
ROOMZ,Jones-Richmond,Steven Martinez,VP of Purchasing,East Scott,USA,Corporate,Technology,2023-01-14,160057.34
FHTKJ,Smith-Wilson,Brian Fuller,Procurement Specialist,Hallmouth,USA,Wholesale,Hospitality,2020-03-28,405308.26
NHVIG,Henderson PLC,Martin Bruce,Operations Manager,Abdulton,UK,Wholesale,Healthcare,2020-11-10,506426.36
FEOQW,Marie,Pénélope Mary,Purchasing Manager,Lacombe,France,Corporate,Retail,2023-03-08,864953.35
TMZBE,Blake-Walker,Zachary Morrison,VP of Purchasing,Johnfort,USA,Wholesale,Education,2024-04-09,704766.2
KTBIK,Robles y Barberá S.L.,Tadeo Llorens-Infante,Marketing Manager,La Rioja,Spain,Government,Education,2022-12-31,842474.83
WTDPU,Bird-Miller,Robert Sanchez,Sales Associate,Walkerchester,Canada,Small Business,Retail,2022-12-27,64128.45
MBPKO,Vasconcelos e Filhos,Maria Flor Pereira,Logistics Coordinator,Aparecida do Campo,Brazil,Retail,Retail,2022-06-04,194364.93
HHQZI,"Finley, Johnston and Wilson",Heather Chambers,Procurement Specialist,Ochoaton,USA,Small Business,Manufacturing,2020-08-08,214567.83
MTVPO,Jacques,Alex-Noémi Techer,VP of Purchasing,LarocheVille,France,Small Business,Construction,2019-08-15,38630.5
RZNQB,Jennings LLC,Donna Wall,VP of Purchasing,Lake Carolineview,UK,Corporate,Manufacturing,2020-09-08,881013.94
FYIGE,"Cooper, Beltran and Wright",Anthony Ellis,Accounting Manager,Kaylaburgh,Canada,Corporate,Education,2019-07-28,541788.17
GLRTX,Seifert,Natali Kühnert,Sales Representative,Einbeck,Germany,Wholesale,Manufacturing,2024-04-30,162725.39
SOFMN,有限会社中村情報,山本 聡太郎,Purchasing Manager,富里市,Japan,Wholesale,Manufacturing,2024-11-07,487981.64
UVEQM,Fowler LLC,Margaret Sherman,Marketing Manager,West Melissa,USA,Small Business,Manufacturing,2021-08-21,233458.56
IGBDJ,Navarro,Constance Roy,Procurement Specialist,Durand,France,Retail,Food & Beverage,2018-11-02,21303.87
GMYOV,Instalaciones Enríquez y asociados S.Coop.,Conrado Bueno Botella,Procurement Specialist,Córdoba,Spain,Small Business,Healthcare,2019-02-03,70096.8
QMCLI,Martens-Herman VOF,Wilfried Van den Bergh,Sales Representative,Koningshooikt,Belgium,Corporate,Education,2022-08-06,772118.2
BBCND,MacNeela and Sons,Simone Capples,Purchasing Manager,Jodie Ville,Ireland,Retail,Technology,2023-01-02,55198.72
OAIQH,(주) 월드마루센터,김재호,Sales Associate,고양시 일산동구,South Korea,Corporate,Healthcare,2019-02-02,637396.31
GOVDO,da Cruz,Rodrigo Macedo,Order Administrator,Novais da Prata,Brazil,Wholesale,Retail,2025-06-25,609139.97
FQYCT,Soluciones Iberia S.L.L.,Gloria Pombo-Jurado,Accounting Manager,Zaragoza,Spain,Wholesale,Hospitality,2024-01-04,94370.65
FLEEF,Torres-Mendoza,Juan Cruz Benicio Campos,Purchasing Manager,San Ferando del Valle de Catamarca,Argentina,Corporate,Manufacturing,2020-05-30,463433.62
WLGWK,Eriksson & Knutsson AB,Viola Olsson,Operations Manager,Landskrona,Sweden,Small Business,Technology,2020-05-08,213393.66
ATFRL,"Kari, Pall and Kapur",Amruta Bera,Procurement Specialist,Tadipatri,India,Small Business,Food & Beverage,2021-04-13,127262.88
VPJSP,"Graham, Benton and Jackson",Kristin Brown,Logistics Coordinator,Thomasberg,Canada,Government,Retail,2018-06-24,1597332.91
IKGHG,Jones-Higgins,Theresa Luna,Supply Chain Manager,Jordanberg,USA,Retail,Food & Beverage,2025-05-23,173190.58
QBSAO,Ribeiro Machado Ltda.,Liz Farias,Order Administrator,Nunes,Brazil,Small Business,Transportation,2023-12-26,111891.5
LLJGX,Meunier,Margaux Robert-Bourdon,Accounting Manager,Sainte Jacqueline,France,Small Business,Retail,2018-11-24,58688.51
NNFAJ,Austin PLC,Christopher Lee,Owner,Port Howard,Canada,Wholesale,Hospitality,2022-11-13,537650.8
QOGNG,Chandler-Rivera,Jamie Haynes,Sales Representative,Ballardfurt,USA,Corporate,Technology,2023-03-22,314587.79
FINGC,数字100网络有限公司,陈东,Owner,娟县,China,Small Business,Retail,2018-09-06,75619.53
LEAYP,Maréchal,Gabriel Le Jourdan,Purchasing Manager,Sainte CatherineBourg,France,Corporate,Hospitality,2021-12-04,305591.92
NUOJE,Bignardi SPA,Licia Caetani-Disdero,Procurement Specialist,Costa Valle Imagna,Italy,Retail,Healthcare,2025-03-22,197792.55
EHVNX,"Brown, Mills and Rogers",Dr Joshua Andrews,Sales Associate,Lake Jasmine,UK,Corporate,Food & Beverage,2021-09-25,495613.54
GPJUM,"Diaz, Romero and Hernandez",Matias Dante Paez,Operations Manager,San Luis,Argentina,Corporate,Hospitality,2024-05-04,727758.21
PBZDH,Romero Group,Andrew Medina,Procurement Specialist,Port Sarahport,USA,Wholesale,Technology,2018-10-22,423978.92
XMQNU,"White, Stone and Mccullough",Mr. Zachary Mora DVM,Supply Chain Manager,Bowersville,Australia,Wholesale,Technology,2023-01-05,569932.66
KNMUF,Fernandes S.A.,Sr. Isaque Mendonça,Supply Chain Manager,Vieira,Brazil,Retail,Manufacturing,2021-01-11,33306.37
JHAMT,创联世纪传媒有限公司,毛俊,Marketing Manager,秀荣市,China,Small Business,Retail,2020-02-13,115235.41
TDUKD,West and Sons,Mark Powell,Marketing Manager,Millertown,Canada,Retail,Manufacturing,2021-09-06,124260.08
MWMKB,Guilbert,Nath Schneider,Sales Representative,Pires-la-Forêt,France,Retail,Hospitality,2023-10-11,77377.43
MKQLP,"Brown, Guerra and Lopez",Steven Adkins,Order Administrator,Lake Lee,USA,Wholesale,Agriculture,2018-05-12,370903.37
WMJFX,Baumgartner GmbH,António Kägi,Sales Representative,Rheinfelden,Switzerland,Corporate,Hospitality,2023-07-15,188642.08
HAFNA,"Sweeney, Hicks and Maldonado",Daniel Bryant,Sales Associate,South Jennifer,Australia,Small Business,Construction,2018-07-19,117771.29
HBNDL,Simpson PLC,Alexis Weeks,Operations Manager,Lake Darren,Canada,Small Business,Agriculture,2020-03-05,13858.2
SOBZY,Montalti e figli,Federica Palazzo,Sales Associate,Fagare',Italy,Small Business,Transportation,2018-05-03,184205.21
DTFQH,Industrias Gurule-Holguín,Reina Marín,Marketing Manager,Vieja Madagascar,Mexico,Corporate,Manufacturing,2023-03-05,61509.0
KFUWL,Colon-Bennett,Chelsey Maxwell,Supply Chain Manager,Carolfurt,USA,Corporate,Healthcare,2018-04-25,50538.63
WGMBM,Anderson-Norris,Brian Moore,Sales Representative,Jonesside,USA,Retail,Transportation,2020-06-15,32988.07
VISJM,"Laboratorios Otero, Linares y Terán",Gloria Rebeca Ibarra Cardona,Accounting Manager,Vieja Emiratos Árabes Unidos,Mexico,Small Business,Agriculture,2025-02-13,222846.72
IRNRV,Herberto Castejón Villegas S.L.U.,Julia Canales Cantón,Supply Chain Manager,Alicante,Spain,Small Business,Manufacturing,2024-03-30,202516.3
GVLHY,Chacko Ltd,Wyatt Sarin,Accounting Manager,Bahraich,India,Small Business,Technology,2023-07-14,17565.21
UGVOV,Harper-Williams,Pamela Lopez,Marketing Manager,Lake Louis,Canada,Retail,Healthcare,2022-04-06,118765.16
COJTK,Peterson LLC,Hayley Gonzalez,Order Administrator,South Normanport,USA,Corporate,Healthcare,2021-10-15,204323.2
YBIXL,Gonzalez Techer S.A.,Sabine Laurent,Sales Associate,Muller-sur-Mer,France,Corporate,Transportation,2022-07-05,979440.69
JIMZY,Randall-Wilkins,Mrs Victoria Richardson,Sales Associate,Westontown,UK,Small Business,Technology,2022-08-21,110375.88
GUIPP,Ramsey LLC,Charles Garcia,Purchasing Manager,North Patrick,USA,Corporate,Hospitality,2022-03-21,806384.58
OMCZV,Mack-Wilson,Mark Elliott,VP of Purchasing,North Deborahfort,USA,Corporate,Food & Beverage,2025-01-09,51982.9
DZJRV,"Hughes, Jennings and Hughes",Cynthia Henry,Order Administrator,Michaelmouth,USA,Government,Hospitality,2021-08-04,176816.68
IBPZP,유한회사 이노연구소,이정웅,Marketing Manager,의정부시,South Korea,Wholesale,Technology,2025-06-27,622538.42
GHVBP,Tessier Rousset SA,Lucy Meunier,Sales Representative,Sainte Antoinette,France,Corporate,Construction,2023-04-30,859775.67
UNMFH,"Christian, Archer and Martinez",Christine Sullivan,Sales Associate,Murraymouth,USA,Retail,Retail,2021-04-29,175252.65
JNHSK,Silva y Parra S.Com.,Benita Fuster Hoyos,Marketing Manager,Teruel,Spain,Wholesale,Manufacturing,2019-06-07,508035.14
LSABW,Gould Ltd,Lisa Mccullough,Sales Representative,Brooksport,USA,Corporate,Transportation,2019-08-08,169804.26
HIIGM,Harrison PLC,Elizabeth Wall,Sales Associate,Williamsborough,Australia,Corporate,Agriculture,2020-07-13,742911.43
SXRJK,Knowles PLC,Ms Melissa Jennings,Order Administrator,South Kirsty,UK,Corporate,Food & Beverage,2022-12-31,849065.28
KVMZU,Zanzi-Crespi s.r.l.,Emma Contrafatto,Order Administrator,Mareto,Italy,Small Business,Education,2020-05-16,187593.91
RYTWE,合同会社高橋ガス,斎藤 陽子,Sales Representative,昭島市,Japan,Retail,Technology,2023-07-06,27838.0
IBDNM,Gerritsen BV,Alexander Arent,Accounting Manager,Beugen,Netherlands,Retail,Retail,2020-06-26,107378.2
QSUJA,Munshi LLC,Matthew Kala,Operations Manager,Amritsar,India,Wholesale,Agriculture,2020-09-20,171242.09
RWTHK,Silva-Clayton,Michael Roberts,Procurement Specialist,Port Annaberg,USA,Retail,Construction,2019-03-23,232011.67
UTBZP,Patel PLC,Justin Fuller,Accounting Manager,Hannahbury,USA,Small Business,Transportation,2025-04-25,15905.85
KQUMW,"Harding, Walker and Glover",Mary Shaw,Operations Manager,Lambburgh,UK,Retail,Construction,2023-10-01,145114.92
VFGXW,FPUH Filusz-Kranc Sp.j.,Adrianna Kott,Marketing Manager,Gdańsk,Poland,Government,Construction,2025-04-09,582869.64
NBYLK,"Knight, Blackwell and Huerta",Andrea Taylor,Sales Associate,Ericaberg,USA,Corporate,Hospitality,2018-10-31,812271.62
VOKNY,"Chapman, Thomson and Harris",Mr Edward Gibbs,VP of Purchasing,Brownshire,UK,Wholesale,Construction,2021-02-17,505902.79
PNOUW,Marchal Fleury S.A.,Laurence de Camus,Sales Associate,Brun,France,Small Business,Education,2018-05-23,48423.0
ALIGM,Laboratorios Malave y Irizarry,Magdalena Miranda,Purchasing Manager,Vieja Zambia,Mexico,Corporate,Manufacturing,2025-06-16,210571.5
GELSJ,"Murphy, Francis and Fisher",Dorothy Boyle,Accounting Manager,West Jessicaborough,UK,Small Business,Agriculture,2024-10-11,174431.59
BEDYY,"Oquendo, Aranda y Jimínez",Israel Navarro,Purchasing Manager,San Lorenzo los altos,Mexico,Wholesale,Manufacturing,2020-07-25,724729.16
LDTUM,Ball-Tran,Derek Gentry DVM,Purchasing Manager,Port Elizabethmouth,USA,Small Business,Construction,2024-06-15,73183.64
UJKEY,Johnson and Sons,Ashley Jones,Logistics Coordinator,Calvinshire,USA,Corporate,Construction,2024-01-03,814156.57
CBDEV,Borromini SPA,Dott. Isa Bonaventura,Procurement Specialist,Filogaso,Italy,Corporate,Education,2022-05-15,78299.65
ULUUK,Lundberg Hansson AB,Birger Nilsson-Ekholm,Sales Representative,Umeå,Sweden,Corporate,Transportation,2018-09-08,784790.21
BZFRX,Aggarwal Group,Shivansh Bedi,Operations Manager,Munger,India,Small Business,Transportation,2020-05-26,99882.52
FBLAJ,Club Fajardo y Saldivar,Dr. Mariano Loera,VP of Purchasing,Vieja Dominicana,Mexico,Retail,Education,2021-10-21,106805.75
ZWCVP,Lopez and Sons,Felipe Juan Pablo Valdez Quiroga,Procurement Specialist,San Luis,Argentina,Wholesale,Construction,2023-09-16,123433.47
ZSIQA,Lemoine Lebrun S.A.,Louis Bousquet,VP of Purchasing,Collet-sur-Brunel,France,Small Business,Manufacturing,2021-02-02,136584.98
BCYRZ,Hörle,Heino Hermann B.Eng.,Logistics Coordinator,Peine,Germany,Corporate,Technology,2018-01-20,999316.71
WZZJM,"Smith, Mitchell and Collins",Mandy Ward,Logistics Coordinator,New Sharonland,UK,Corporate,Food & Beverage,2023-01-19,74840.39
ECDNP,"Williams, Stewart and Davies",Miss Geraldine Davies,Purchasing Manager,New Marcusmouth,UK,Small Business,Hospitality,2021-05-18,243786.58
IDOPC,"Srinivasan, Prabhakar and Tata",Vrinda Munshi,Owner,Ambattur,India,Corporate,Agriculture,2022-05-27,767098.6
CSYWO,立信电子传媒有限公司,施晶,Procurement Specialist,丽华县,China,Government,Hospitality,2021-05-22,1801119.04
BXKRG,Rajan Group,Liam Nadig,Owner,Jalgaon,India,Corporate,Hospitality,2020-12-29,951534.63
CMMJO,Hamilton Ltd,Brittany Shah,Accounting Manager,North Allen,Canada,Corporate,Agriculture,2021-07-16,900273.3
IEXSC,Rogers-Smith,Eric Moses,Owner,Jeremyfort,USA,Small Business,Retail,2022-07-19,46495.55
WNZAN,Laine,Kristina Nyman,Accounting Manager,Imatra,Finland,Small Business,Healthcare,2018-07-03,125699.94
LPKVH,Mccarthy-Franklin,Joseph Snyder,Sales Representative,South Tracy,USA,Small Business,Construction,2025-03-03,105828.04
HQXSG,"Moore, Mccoy and Sutton",Bryan Anderson,Supply Chain Manager,Matthewstad,Canada,Small Business,Hospitality,2024-01-19,104358.52
GDEQD,Wood Group,Jeremy Butler,VP of Purchasing,West Haley,USA,Corporate,Food & Beverage,2024-10-27,269312.87
BBKZH,Schultz-Winters,Douglas Peterson,Purchasing Manager,Hollyberg,USA,Small Business,Healthcare,2025-03-27,180722.94
ACFDS,Industrias Ibéricos S.Coop.,Vilma Aliaga Millán,Purchasing Manager,Jaén,Spain,Retail,Education,2023-08-16,244426.25
NHRWD,Jungfer,Josef Noack,Sales Associate,Scheinfeld,Germany,Small Business,Healthcare,2024-09-30,125028.77
LGLEU,Simonsen & Søn A/S,Janne Frederiksen,Owner,Gudbjerg,Denmark,Wholesale,Agriculture,2020-09-22,234577.85
WDHLA,Mühle GbR,Univ.Prof. Abraham Junken B.Eng.,Procurement Specialist,Regen,Germany,Corporate,Transportation,2019-02-04,380450.83
LRHMK,"Corporacin Rubio, Martínez y Zedillo",Dr. Verónica Escobedo,Sales Representative,Vieja Vanuatu,Mexico,Small Business,Transportation,2018-06-15,226677.6
GMFYN,Mills PLC,Richard Henderson,Sales Representative,West Joseberg,USA,Corporate,Education,2020-03-21,545926.82
HRUTA,合同会社山崎電気,小林 康弘,Supply Chain Manager,横浜市青葉区,Japan,Retail,Hospitality,2025-06-10,64100.31
VTROP,Johnson-Duffy,Ross Reed,Procurement Specialist,West Carolineview,UK,Retail,Transportation,2019-06-26,244475.68
YIROO,"Chavez, Martin and Anderson",Becky Parrish,Owner,Woodmouth,USA,Small Business,Retail,2024-03-26,31574.23
TGUPQ,Walton-Johnson,Shaun Byrne,VP of Purchasing,Mollyton,UK,Wholesale,Construction,2022-10-28,434781.36
JQXIW,Rosemann Wernecke KG,Thomas Pergande,Order Administrator,Wernigerode,Germany,Small Business,Healthcare,2023-05-18,135459.07
LORCX,Mahe Andre SA,Denis Henry,Marketing Manager,Goncalves-sur-Mer,France,Small Business,Food & Beverage,2018-09-09,55215.04
ZBRZL,Klemm Kambs AG,Ing. Nevenka Bohnbach,Sales Representative,Lobenstein,Germany,Corporate,Healthcare,2022-01-31,257546.93
GXKZQ,"Butler, Clarke and Neal",Ann Clark,Operations Manager,North Kathryn,USA,Retail,Hospitality,2024-07-05,88499.5
DUUNQ,Allen Ltd,Allison Day,Marketing Manager,South Bobby,USA,Corporate,Manufacturing,2019-08-23,564021.38
SAVVF,Grupo Chapa y Sanches,Irene Julia Ortiz Almaraz,Sales Associate,San Miguel de la Montaña,Mexico,Retail,Hospitality,2023-01-07,26734.0
YHLJJ,"Perry, Jones and Gonzalez",Dave Henry,Operations Manager,Jacquelineshire,Canada,Small Business,Retail,2024-08-10,11590.35
QAHEE,"Roach, Martin and Lewis",Suzanne Garner,Logistics Coordinator,Josephstad,USA,Corporate,Retail,2021-10-30,236063.25
DLRFD,Davenport PLC,Craig Hurst,Purchasing Manager,Wilsonport,USA,Wholesale,Healthcare,2021-05-21,290815.75
TVLRV,Vala-Ravi,Qasim Chowdhury,Sales Representative,Munger,India,Small Business,Food & Beverage,2024-01-12,46986.91
EVKCE,"Fitzpatrick, Harris and Wolf",Elizabeth Norris,Purchasing Manager,New Lisa,USA,Corporate,Hospitality,2020-09-14,462887.54
ESSWN,合同会社清水通信,伊藤 明美,Supply Chain Manager,中央区,Japan,Retail,Construction,2018-02-03,246179.84
EZNOY,(유) 라온코스메틱,이순옥,Sales Associate,여주시,South Korea,Corporate,Transportation,2022-07-06,315216.62
FTUAK,Mccall Group,Dominique Hatfield,Sales Associate,North Christina,USA,Wholesale,Transportation,2024-08-17,697254.49
CSXFS,Cadefau BV,Valerie 's Gravensande,Purchasing Manager,Made,Netherlands,Small Business,Technology,2021-05-03,227786.58
TDNOG,"Carroll, Moore and Brown",Connor Henderson,Sales Representative,Charleschester,Canada,Corporate,Food & Beverage,2022-11-24,532995.18
WGOIN,Townsend-Roach,Dennis Conrad,Accounting Manager,North Samantha,Canada,Corporate,Agriculture,2023-07-31,179370.95
LWFUF,"Mcguire, Beard and Frederick",Brian Hardy,VP of Purchasing,Kaneshire,USA,Corporate,Retail,2023-03-17,643598.04
SOTIE,Nelson-Warner,Nicholas Hernandez,Accounting Manager,South Ericatown,USA,Retail,Education,2018-04-12,12340.23
UURWS,Shroff-Sachar,Agastya Basu,Purchasing Manager,Parbhani,India,Small Business,Construction,2023-04-28,24860.48
MULXQ,田中食品株式会社,藤原 知実,Owner,長生郡睦沢町,Japan,Wholesale,Construction,2023-03-03,43734.92
JJCXQ,Forbes Inc,Sara Graham,Accounting Manager,Connerton,USA,Corporate,Hospitality,2020-02-24,568486.47
ROHNT,George Group,Kimberly Brooks,Sales Representative,Jessicaside,USA,Corporate,Manufacturing,2019-02-03,526344.65
IMNMB,"Nadi, Pisaroni e Draghi s.r.l.",Sig. Mattia Maggioli,Owner,Piazzola Sul Brenta,Italy,Corporate,Manufacturing,2024-02-07,891503.13
QCSHD,Steuer Riehl GmbH & Co. KG,Wenke Löwer,Sales Associate,Scheinfeld,Germany,Small Business,Healthcare,2019-11-25,106178.24
NZJBI,Monte Group,Marissa Salvemini-Vattimo,Sales Representative,Villaggi,Italy,Wholesale,Technology,2024-09-01,553959.77
BMKGP,Montenegro,Clara Peixoto,Supply Chain Manager,Nogueira da Serra,Brazil,Small Business,Construction,2024-05-18,91993.88
UUYWN,"Dwane, Hagan and McMurrough",Liam Dermody,Sales Representative,Helena Ville,Ireland,Corporate,Manufacturing,2022-04-25,811894.03
WGNXX,PPUH Kopała,Olaf Maron,Logistics Coordinator,Lubliniec,Poland,Corporate,Manufacturing,2023-11-27,964044.45
OMWGF,Carrión y Melgar e Hijos,Pascual Leonardo Solorzano Orozco,Logistics Coordinator,Vieja Zambia,Mexico,Wholesale,Agriculture,2021-01-21,494613.36
GRDKR,Hecker KGaA,Carolin Täsche B.A.,Logistics Coordinator,Oberviechtach,Germany,Corporate,Construction,2023-12-30,662926.78
HHAWT,Colón y Becerra e Hijos,Fabiola Leticia Madrigal Fuentes,Sales Representative,Nueva Arabia Saudita,Mexico,Small Business,Agriculture,2018-02-14,110567.82
YGMBK,Martinez-Lopez,Andrea King,VP of Purchasing,South Shirleyfurt,USA,Small Business,Education,2018-01-29,236804.72
HWEUS,Jacob,Harriet Köster,Order Administrator,Hansestadttralsund,Germany,Small Business,Retail,2021-03-18,76989.11
XACJK,Nieminen,Antero Leinonen-Anttila,Accounting Manager,Orimattila,Finland,Retail,Agriculture,2018-03-26,146048.81
NXUTJ,Rosalinda Pla Cabañas S.Com.,María Teresa Orozco-Trujillo,Procurement Specialist,Jaén,Spain,Government,Agriculture,2018-04-16,439063.79
IZMVB,Van Dessel-Casteleyn CV,Annie Thijs,Logistics Coordinator,Wavreille,Belgium,Small Business,Manufacturing,2024-11-29,173272.73
WGXFT,James-Rogers,Julie Morris,Order Administrator,Robinsonchester,USA,Corporate,Agriculture,2018-09-17,294831.24
SKFDC,"Clarke, Taylor and Porter",Ross Rees,Purchasing Manager,South Henry,UK,Wholesale,Transportation,2023-03-24,406503.28
UOPFP,Solis-Nichols,Dawn Wilson,VP of Purchasing,Thompsonmouth,Australia,Government,Transportation,2020-03-14,511886.29
IFWWS,Benthin GmbH,Hilma Dörschner,Purchasing Manager,Bischofswerda,Germany,Retail,Construction,2019-06-29,191531.63
ZZCYW,Menard,Léon Diallo,Procurement Specialist,Leleu,France,Wholesale,Agriculture,2020-10-28,671572.32
EVZAC,White-Peterson,Sarah Perez,Sales Associate,Stokesville,USA,Corporate,Retail,2018-10-05,845716.92
ARIQM,Cardoso Sousa - EI,Amanda Macedo,Logistics Coordinator,Fonseca de Vieira,Brazil,Corporate,Construction,2023-03-28,163715.9
KAQFJ,Erickson Ltd,Joshua Barnes,Order Administrator,New Samuelchester,Australia,Corporate,Food & Beverage,2018-07-03,122439.34
VWQOC,Baker Ltd,James Calhoun,Accounting Manager,North Andrew,Canada,Corporate,Technology,2018-08-25,553394.1
ADZFV,King Group,Abdul Patel,Sales Representative,Lesleyland,UK,Retail,Construction,2025-04-11,152481.32
GHIBG,"Lopez, Gutierrez and Castro",Charles Anderson,Owner,Smithton,USA,Government,Manufacturing,2021-10-28,347099.66
YBJAU,Camargo - EI,Juliana Pacheco,Marketing Manager,da Rosa,Brazil,Small Business,Technology,2024-08-06,110024.03
TNCTL,Jung GesbR,Ines Grasser,Owner,Pinkafeld,Austria,Retail,Healthcare,2021-08-03,219333.13
XJKPV,Thompson PLC,Kimberly Lara,Owner,Lake David,USA,Small Business,Transportation,2021-10-27,22806.46
FYTGI,Lien RFH,Karen Dahl,Owner,Marenvåg,Norway,Wholesale,Agriculture,2021-02-05,423961.26
CQMTQ,Klotz,Ing. Hansjürgen Bonbach MBA.,Sales Representative,Hettstedt,Germany,Small Business,Agriculture,2023-11-07,208690.93
ZDHOU,Lucas Ltd,Dr Kimberley Jenkins,Operations Manager,Lake Scott,UK,Wholesale,Education,2021-08-05,241369.19
ROXDB,Imbert,Georges Joseph,Marketing Manager,Hervédan,France,Small Business,Construction,2023-10-17,182345.05
RLSPB,Greene-Butler,Michele Waters,Order Administrator,West Joshuaview,USA,Retail,Construction,2021-06-25,178349.07
HEAZZ,Marconi-Ungaretti Group,Ruggiero Tornatore-Squarcione,Supply Chain Manager,Torano Nuovo,Italy,Wholesale,Technology,2023-09-05,573258.57
QQTOJ,有限会社中村銀行,松田 結衣,VP of Purchasing,府中市,Japan,Corporate,Agriculture,2022-08-14,659661.85
TRTWC,Krishnamurthy Ltd,Anika Mani,Procurement Specialist,Satara,India,Corporate,Agriculture,2024-12-11,794354.22
QODOH,Solomon-Knight,Eric Petersen,Procurement Specialist,Ramirezchester,Canada,Retail,Construction,2023-01-07,156601.99
FEEEU,Van Genechten BV,Marie-Jeanne De Groof,Marketing Manager,Mechelen-Bovelingen,Belgium,Corporate,Retail,2023-05-05,787455.34
OYBQA,Jungfer,Roderich Misicher B.A.,Procurement Specialist,Wernigerode,Germany,Small Business,Technology,2023-06-02,161858.67
KXQEF,Diaz,François Joseph-Couturier,Procurement Specialist,Vidal,France,Retail,Healthcare,2024-08-25,132398.48
RPJGY,Brooks-Myers,Tara Stevens,Sales Representative,Dustinland,USA,Government,Agriculture,2019-11-23,1538323.2
ZVXYX,Correa-Velazquez,Bautista Correa Perez,Purchasing Manager,Chilecito,Argentina,Retail,Construction,2021-05-29,154451.72
OWDPJ,"Jackson, White and Swift",Wendy Bentley,VP of Purchasing,Johnsonfort,UK,Corporate,Manufacturing,2022-06-18,138822.52
OIQYF,Lopes,Luara Campos,Procurement Specialist,Cirino,Brazil,Small Business,Technology,2018-12-03,29071.93
WTUII,Familia Becerra S.C.P,Lupe del Castejón,Purchasing Manager,Valencia,Spain,Corporate,Healthcare,2023-02-23,788357.68
DPUWH,Benthin OHG mbH,Adem Dowerg,Owner,Schwäbisch Gmünd,Germany,Retail,Retail,2023-05-24,122212.25
AWLKX,Jordan-Hall,Laura Adams,Purchasing Manager,Maryberg,USA,Retail,Hospitality,2018-03-04,209259.02
NBRVI,"Nadig, Kannan and Garg",Samar Badal,Owner,Mysore,India,Corporate,Hospitality,2022-04-13,406431.87
QCQBT,"Irwin, Nelson and Tucker",Ryan Walker,Owner,Lynchburgh,USA,Small Business,Retail,2024-11-16,216410.13
WYQQB,Caldeira,Isaque Rios,Order Administrator,Lopes Verde,Brazil,Corporate,Manufacturing,2024-06-14,306615.43
LPKBY,유한회사 라온마루네트워크,이영희,Sales Representative,이천시,South Korea,Wholesale,Technology,2023-07-17,511760.23
IOCWS,Jefferson-Christensen,Phillip Harris,Operations Manager,Kimhaven,Canada,Retail,Food & Beverage,2020-07-25,245585.7
YBUAY,Monteiro - EI,Maria Julia Macedo,VP of Purchasing,Freitas,Brazil,Small Business,Hospitality,2019-01-31,242722.76
LCDYJ,Burke Ltd,Caroline Powell,Sales Representative,West Michael,USA,Corporate,Technology,2020-01-21,153277.62
CAWXE,da Conceição,Olivia Alves,Purchasing Manager,Ramos,Brazil,Corporate,Retail,2023-03-25,50441.22
TGNRD,Marquez-Johnson,Heather Smith,Operations Manager,Ramseychester,USA,Small Business,Education,2018-09-02,97115.37
LXOHP,Bailey-Adams,Debbie Moore,Logistics Coordinator,Port Brenda,USA,Retail,Construction,2021-11-16,84140.55
KNZCH,"Patrick, Singleton and Werner",Philip Davis,Owner,North Christina,USA,Corporate,Healthcare,2022-02-22,697946.3
KNYXT,Rodriguez-Soria,Felipe Fernandez,Operations Manager,Santa Rosa,Argentina,Government,Retail,2020-02-02,1838824.01
VQWXP,Perez LLC,Austin Wiggins,Sales Representative,New Diamondburgh,USA,Corporate,Healthcare,2020-02-28,298043.45
KOIVU,Leunberger Felber GmbH,Salomé Frick,VP of Purchasing,Bernex,Switzerland,Small Business,Healthcare,2023-10-17,190680.22
GVGCN,Persson Dahlgren AB,Lars Holmgren,Procurement Specialist,Norrköping,Sweden,Government,Education,2021-12-31,876007.82
OLTMS,Smith Inc,Ms Abigail Lewis,Procurement Specialist,New Leanneton,UK,Wholesale,Technology,2020-12-13,317016.51
DMBWM,Bugla-Gradek S.A.,Tadeusz Kuśmider,Sales Associate,Krotoszyn,Poland,Small Business,Retail,2024-04-02,215724.76
TJDRE,"Logan, Ford and Gibson",Michelle Martin,Marketing Manager,North Tonyaberg,USA,Small Business,Education,2018-01-02,170101.34
KWJUO,Rice-Burns,Krista Barber,Operations Manager,Haydenhaven,USA,Retail,Manufacturing,2020-08-26,104209.0
BQYBO,"Ray, Monroe and Sullivan",Timothy Jackson,Order Administrator,Martinezton,USA,Small Business,Transportation,2019-07-21,189965.94
ONRGQ,Carlsen & Søn ApS,Nicolai Christoffersen,Procurement Specialist,Sjølund,Denmark,Corporate,Agriculture,2020-03-30,874673.77
DXWUY,Jespersen ApS,Ronny Hansen,Logistics Coordinator,Søby Ærø,Denmark,Wholesale,Agriculture,2023-10-23,339034.38
SGZQH,Cole PLC,Nicole Banks,Supply Chain Manager,Randyberg,Australia,Small Business,Construction,2018-02-14,130490.38
QHLOL,Club Hernádez y Ruiz,Martha Rivero,Owner,San Emilia los bajos,Mexico,Government,Transportation,2018-12-23,274164.85
GOLMO,Ambrożewicz S.A.,Gustaw Pleśniak,VP of Purchasing,Radom,Poland,Corporate,Construction,2020-08-17,479406.1
CPSRL,Söding Löwer AG,Gislinde Peukert,Supply Chain Manager,Bad Kreuznach,Germany,Small Business,Technology,2024-12-31,137784.31
OLMVV,Andersson Hansson HB,Christer Öberg,Sales Representative,Örnsköldsvik,Sweden,Small Business,Construction,2020-01-08,53057.63
AQINK,Ryder and Sons,Dr. Alister Norry,Sales Representative,Alanis Ville,Ireland,Government,Healthcare,2020-08-07,800493.74
WRWTK,渡辺水産合同会社,斉藤 康弘,Logistics Coordinator,立川市,Japan,Small Business,Transportation,2021-04-01,144452.4
DHOUI,"Johnson, Maxwell and Chandler",Andrea Donaldson,Order Administrator,Riveramouth,USA,Corporate,Retail,2023-06-25,937519.32
PFJVH,Hethur,Christos Wiek-Gunpf,VP of Purchasing,Schwandorf,Germany,Corporate,Retail,2020-11-16,699349.31
WUVFY,Robinson-Williams,Casey Barnes,Procurement Specialist,Port Lauren,Australia,Retail,Construction,2024-08-14,233961.4
ECRIN,Kaur-Smith,Susan Scott,Order Administrator,Port Ian,UK,Wholesale,Transportation,2019-12-28,153976.47
KZEYF,Ødegård-Andresen AS,Karl Simonsen,Logistics Coordinator,Berge,Norway,Corporate,Agriculture,2018-08-07,627540.69
CWYCS,岡田印刷合同会社,近藤 直子,Order Administrator,東村山市,Japan,Small Business,Transportation,2022-03-09,132139.07
YOAIM,Nieminen Kiviniemi Tmi,Lasse Kärkkäinen-Miettinen,VP of Purchasing,Kurikka,Finland,Corporate,Manufacturing,2024-02-09,262996.37
QDRNP,Webb-Murphy,Kathleen Ramsey,Purchasing Manager,Williamsshire,USA,Retail,Construction,2020-04-02,123641.03
NSPGA,Rodriguez-Hernandez,Richard Gilmore,Order Administrator,South Rebecca,USA,Corporate,Manufacturing,2024-12-09,133796.89
CVFFE,"Freeman, Evans and Cox",Miss Leanne Francis,Supply Chain Manager,New Hayley,UK,Retail,Technology,2025-02-09,121584.63
NGLWB,"Rodriguez, Sanchez and Paez",Lola Benitez,Supply Chain Manager,Santa Rosa,Argentina,Corporate,Retail,2021-07-19,712269.62
CYUAJ,Merino S.A. de C.V.,Homero Gracia Ruiz,Operations Manager,San Leonardo los altos,Mexico,Small Business,Agriculture,2019-08-09,237253.91
PMBTD,Atkinson-Mitchell,Carmen Moore,Operations Manager,Brittneyland,USA,Corporate,Education,2018-10-03,173287.1
NWJED,Arias Inc,Juan Pablo Morena Gomez,Order Administrator,Santa Fe,Argentina,Small Business,Technology,2024-01-21,106940.36
WPKTO,Mortensen & Søn A/S,Kim Jakobsen,Accounting Manager,Glumsø,Denmark,Corporate,Retail,2020-03-08,181308.11
NZXHQ,森銀行有限会社,佐藤 涼平,Logistics Coordinator,中央区,Japan,Small Business,Education,2020-06-22,200167.6
SPEDY,Turner Inc,Cheryl Savage,Purchasing Manager,Port Ronald,UK,Retail,Technology,2024-09-21,246419.59
YABEH,Rodriguez-Watkins,Kelly Decker,VP of Purchasing,Dillonmouth,USA,Corporate,Healthcare,2022-07-18,119110.76
QVZDI,Moore-Parsons,Kathleen Walker,Order Administrator,Antoniomouth,USA,Corporate,Food & Beverage,2022-12-26,357777.76
NQLTR,Sauvage,Dominique Schneider,Accounting Manager,Guibert,France,Small Business,Agriculture,2023-04-16,133574.01
PZMMW,Lindner Heinz e.V.,Marica Junken,Marketing Manager,Gießen,Germany,Small Business,Transportation,2021-06-16,181243.39
KTDVZ,"Nash, Hooper and Fox",Anne Dean,Logistics Coordinator,Clarkeland,UK,Corporate,Education,2020-02-13,323517.6
BFVSV,Thorsen & Jespersen A/S,Univ.Prof. Justina Christoffersen,Purchasing Manager,Mørkøv,Denmark,Wholesale,Healthcare,2025-01-09,631345.53
PWQQQ,Huang Ltd,Christopher Lee,Owner,North Anthonyview,USA,Small Business,Food & Beverage,2020-12-02,221943.12
KMFOI,Martins,Maria Laura Viana,Procurement Specialist,Machado Grande,Brazil,Corporate,Transportation,2024-02-11,433824.09
REEJM,阿部保険合同会社,佐藤 陽一,Accounting Manager,印旛郡本埜村,Japan,Wholesale,Education,2025-02-24,432479.94
DEOAD,Green-Hawkins,Ms Nicola Young,Purchasing Manager,New Rachael,UK,Small Business,Transportation,2021-09-17,98691.13
GCBWS,"Grupo Dueñas, Perales y Arellano",Susana Muro Montalvo,Purchasing Manager,San Iván de la Montaña,Mexico,Small Business,Retail,2018-10-14,20513.87
FUSYR,株式会社高橋運輸,松本 桃子,Sales Representative,国立市,Japan,Retail,Food & Beverage,2022-08-04,84826.54
OOPTW,"Gonzalez, Carrillo and Simon",Victor Garza,Purchasing Manager,Ambermouth,USA,Wholesale,Education,2018-05-02,501504.15
QGOGE,Smith-Lawrence,Amy Gallegos,VP of Purchasing,Hickmanshire,Canada,Small Business,Healthcare,2019-09-25,198391.16
OIYGD,Pettersson Ericson HB,Signe Rosén-Persson,Logistics Coordinator,Falun,Sweden,Small Business,Transportation,2019-12-28,58622.18
HYOGG,Banco Ibéricos S.L.N.E,Dafne Puerta Abril,Operations Manager,Almería,Spain,Small Business,Hospitality,2025-03-08,49212.81
VWLEE,Regnier,Patricia Durand-Charrier,Purchasing Manager,Lecoq,France,Corporate,Education,2022-07-01,284164.88
MNMCM,유한회사 조선상사,최지영,Order Administrator,구리시,South Korea,Corporate,Agriculture,2024-12-08,948514.08
DARZD,Novais,Sra. Emanuelly Nogueira,Order Administrator,Albuquerque,Brazil,Small Business,Food & Beverage,2023-02-19,139254.97
WGOPY,Murphy and Sons,Alicia Anderson,Operations Manager,Garyport,USA,Small Business,Agriculture,2023-01-13,216587.64
RSSWR,Fritsch Loos AG & Co. OHG,Ing. Benedikt Wieloch,Order Administrator,Heiligenstadt,Germany,Corporate,Agriculture,2025-06-24,424628.48
VTZTF,"Dunn, Jones and Mcgrath",Sarah Smith,Accounting Manager,North Kimberly,USA,Retail,Healthcare,2023-12-15,231023.44
VWOCB,"Grupo Carrera, Razo y Miranda",Mónica Téllez Rivero,Sales Representative,Vieja Suriname,Mexico,Retail,Construction,2022-08-09,225142.24
ADPUS,Willemsen BV,Elisa de Keijzer,Supply Chain Manager,Haringhuizen,Netherlands,Wholesale,Food & Beverage,2022-02-01,92044.42
HWNBV,Swanson-Bartlett,Tracy Miranda,Owner,East Dustinburgh,USA,Small Business,Transportation,2021-11-29,25248.72
MPCKQ,有限会社中川保険,佐藤 真綾,Logistics Coordinator,横浜市神奈川区,Japan,Corporate,Healthcare,2023-09-03,199534.32
YYKTD,Persson HB,Carina Liu,Purchasing Manager,Karlskoga,Sweden,Small Business,Hospitality,2023-08-09,33403.8
CXBQA,Weinhage GbR,Prof. Patricia Mielcarek MBA.,Sales Representative,Sondershausen,Germany,Wholesale,Agriculture,2020-10-06,575965.19
FQSAO,Bättig & Partner,Michael Scherrer,Sales Associate,Aigle,Switzerland,Small Business,Healthcare,2025-05-27,136356.37
LWVUC,Mireles-Pelayo e Hijos,Ignacio Rivas Briones,Accounting Manager,Nueva Rwanda,Mexico,Corporate,Hospitality,2021-11-25,320227.91
RQDIA,Ciampi s.r.l.,Paola Villadicani,VP of Purchasing,Acquaviva Delle Fonti,Italy,Small Business,Retail,2018-11-24,41781.38
DVPSJ,Fitzgerald Ltd,Ms Denise Powell,Order Administrator,Harrisville,UK,Wholesale,Hospitality,2018-05-31,612586.84
AYSOI,Ortega-Murillo,Robyn Kidd,Logistics Coordinator,Matthewchester,Australia,Small Business,Food & Beverage,2025-05-09,195208.93
LDEYO,"Cox, Jimenez and Rodgers",Alexander Mitchell,Procurement Specialist,Lake Christopher,USA,Small Business,Manufacturing,2019-01-12,191830.17
WGBTE,"Morrison, York and Cox",Dennis Cook,Sales Representative,East Barbarashire,USA,Retail,Food & Beverage,2023-12-31,108502.65
EGMBP,Binner GbR,Sibilla Wesack,Owner,Waren,Germany,Small Business,Hospitality,2022-02-11,110649.36
AFDHQ,Selin & Larsson HB,Siv Nygren,Purchasing Manager,Växjö,Sweden,Small Business,Manufacturing,2024-11-19,238464.04
WQASW,Davis-Cook,Breanna Davis,Owner,North Patriciaton,USA,Corporate,Hospitality,2021-07-08,66017.13
XYOTL,Lachmann Riehl AG,Caterina Schäfer,Sales Associate,Bogen,Germany,Retail,Manufacturing,2020-07-03,157612.07
PUJHV,Seip KG,Mahmoud Bachmann,Marketing Manager,Fürstenwalde,Germany,Corporate,Hospitality,2023-06-18,180016.2
MABBD,Distribuciones Vergara S.A.U,Adela Zabala Llano,Procurement Specialist,Madrid,Spain,Corporate,Healthcare,2022-02-07,75313.14
UOCKT,联软网络有限公司,张桂兰,Purchasing Manager,亮县,China,Small Business,Technology,2025-04-19,131488.58
NVRLD,Pacheco,João Felipe da Cruz,Owner,Santos,Brazil,Retail,Hospitality,2021-02-24,243679.29
MFBLG,佐藤農林有限会社,中島 裕樹,Operations Manager,山武市,Japan,Wholesale,Education,2022-04-28,82787.99
WJNHH,"Carpenter, Coffey and Wright",Crystal Wright,Sales Associate,Lake Charlesfurt,USA,Corporate,Healthcare,2018-12-30,73550.64
ENNJL,da Mota Camargo - EI,Gustavo Henrique Silva,Sales Associate,Sampaio,Brazil,Small Business,Transportation,2018-02-07,12272.59
AFRWF,Peterson Group,Nathaniel Floyd,Sales Associate,Markchester,USA,Corporate,Transportation,2020-11-02,925870.79
XLDJB,"Peralta, Acosta and Diaz",Sofia Benicio Aguero,Marketing Manager,Santiago del Estero,Argentina,Wholesale,Transportation,2025-02-04,38760.94
GKCZQ,Burns LLC,David Hamilton,Owner,North Kimberly,USA,Wholesale,Hospitality,2024-03-31,61668.73
RDGAR,"Ellis, Roberts and Gutierrez",Brenda Ramirez,Supply Chain Manager,Hammondfort,Canada,Corporate,Agriculture,2023-11-21,114547.47
TWQHA,"Brown, Gibson and Turner",Curtis Shields,Marketing Manager,Stuartview,Australia,Government,Hospitality,2019-03-16,701665.23
GPAPQ,Kim and Sons,David Tucker,Supply Chain Manager,New William,USA,Wholesale,Technology,2024-12-31,592911.25
MFBML,da Mata e Filhos,Dr. Carlos Eduardo da Mata,Purchasing Manager,Souza das Flores,Brazil,Wholesale,Technology,2018-02-25,462165.56
CXYDM,"Chhabra, Khurana and Mandal",Yash Wagle,Owner,Mehsana,India,Small Business,Construction,2025-04-29,70212.66
EIETZ,Hernandez Inc,Michael Spencer,VP of Purchasing,Aaronborough,USA,Small Business,Manufacturing,2019-05-28,147801.66
ZLASX,方正科技信息有限公司,宋莹,Sales Representative,帆县,China,Retail,Retail,2021-07-15,11445.2
NVOEC,Moulin Germain SA,Martine Georges,Owner,Rossi,France,Wholesale,Food & Beverage,2020-07-01,482347.86
GWXOZ,Club Valenzuela y Alemán,Benjamín Vallejo Chapa,Purchasing Manager,Vieja Austria,Mexico,Corporate,Construction,2019-07-15,592984.34
XULDC,Nichols-Rodgers,William Dunn,Operations Manager,East Joann,Canada,Retail,Agriculture,2019-08-21,128394.13
HRAVB,Johnson Inc,Jennifer Esparza,Procurement Specialist,Orozcoland,Canada,Retail,Manufacturing,2020-07-21,79507.95
TLWJN,Carr Inc,Raven Herrera,Marketing Manager,North Thomas,USA,Small Business,Transportation,2020-01-29,243267.19
YOBAO,Sontag e.G.,Vinko Niemeier,Sales Associate,Lörrach,Germany,Small Business,Transportation,2024-08-26,168313.09
EEOHK,Compañía EWOW S.Com.,Primitiva Santamaria Córdoba,VP of Purchasing,Valencia,Spain,Government,Retail,2018-09-24,1070706.74
VHERO,Martineau SARL,Emmanuel de la Rey,Procurement Specialist,Saint Louis,France,Corporate,Technology,2024-03-14,599666.2
YMQGP,Drumm LLC,Anastasia Nyhan,Marketing Manager,Lucy Ville,Ireland,Wholesale,Manufacturing,2018-03-28,680923.1
PCLMO,"Barr, Harris and Burton",Elizabeth Mcdaniel,Marketing Manager,Lake Bryan,USA,Corporate,Manufacturing,2024-10-02,690482.83
OFSJU,Reyes Aguilera Donoso S.Com.,Carmelita del Camps,Operations Manager,Valladolid,Spain,Small Business,Technology,2019-03-08,49522.69
XYSHP,Corrales-Pelayo,Manuel Girón de la Crúz,Sales Associate,San Nicolás los altos,Mexico,Small Business,Manufacturing,2022-02-28,234211.34
GNDLD,Radisch,Svetlana Mentzel,Order Administrator,Sangerhausen,Germany,Corporate,Retail,2021-12-29,201816.88
PGQHO,Maier & Co.,Sabina Zehnder,Owner,Locarno,Switzerland,Small Business,Construction,2020-05-14,240237.75
GKSFB,"Kala, Bahri and Hayre",Chakrika Prashad,Sales Associate,Mysore,India,Corporate,Manufacturing,2024-07-22,425429.1
ZNPBA,Hogan and Sons,Crystal Graves,Purchasing Manager,New Timothyshire,USA,Corporate,Hospitality,2023-05-04,253729.21
PTSJT,Comercial Villaverde S.A.,Salomón de Hernandez,Supply Chain Manager,Málaga,Spain,Small Business,Retail,2024-06-07,249651.85
SCFSX,Peronne Groep,Jelte van den Velde,Order Administrator,Wellerlooi,Netherlands,Corporate,Healthcare,2018-09-14,91601.32
OCIVA,Rivera-Taylor,Jeffrey Horn,Sales Representative,East Leah,USA,Small Business,Manufacturing,2019-08-27,188866.73
GQLQW,Paul S.A.,Simone Guérin du Mace,Logistics Coordinator,Faureboeuf,France,Corporate,Food & Beverage,2021-06-15,798313.07
VMTXY,Hofmann,Almut Beckmann,Purchasing Manager,Auerbach,Germany,Wholesale,Retail,2023-10-24,532641.09
OOBOX,"Johnson, Pacheco and Johnson",Peter Morton,Owner,North Haileyfort,Canada,Retail,Transportation,2025-02-21,209165.34
HLKWC,Gonzales PLC,Amy Mccoy,Marketing Manager,Lake Edwardstad,USA,Wholesale,Construction,2020-05-06,158913.28
JGKRQ,Drewes,Nina Hornich,Marketing Manager,Ebern,Germany,Government,Construction,2018-08-21,852072.38
LYJIX,Burke PLC,Donna Boyd,Purchasing Manager,East Gregoryport,Canada,Small Business,Construction,2021-10-04,68998.62
RCPSR,McLean Group,Tina Williams,Owner,North Juneton,UK,Wholesale,Transportation,2018-01-08,746145.92
YXBCM,Blackwell-Gray,Ann Ramsey,Sales Associate,Alyssafurt,USA,Government,Food & Beverage,2020-10-30,531431.53
TOKKG,Young and Sons,Kayla Ewing,Logistics Coordinator,Donnastad,Canada,Small Business,Hospitality,2020-04-28,131093.61
JBMBP,Glover Group,Kristen Williams,VP of Purchasing,Brownborough,USA,Small Business,Retail,2019-10-20,78184.78
GBXZR,Walter & Reicher KG,Ylvie Kitzler,Accounting Manager,Ternitz,Austria,Wholesale,Agriculture,2023-11-02,469708.09
KILEV,Gorlitz,Antonino Bolander-Heuser,Accounting Manager,Cottbus,Germany,Small Business,Education,2024-06-26,125057.18
NALYT,Evrard,Roger Evrard,Marketing Manager,Sainte Lorraine,France,Corporate,Agriculture,2023-07-01,815001.4
DWJUW,"Thompson, Fry and Jimenez",Kelli Gray,Sales Representative,New Deborah,USA,Retail,Retail,2020-12-30,193754.05
HCQPJ,Nash Inc,Geraldine Matthews,Owner,Ronaldhaven,UK,Corporate,Technology,2022-04-13,202250.93
EHZUL,"Estrada, Parker and Evans",Shawn Avila,Operations Manager,West Jennifer,USA,Government,Transportation,2024-05-01,690170.9
IBACH,Lewis-Collins,Angela Marks,Purchasing Manager,Carterfurt,USA,Corporate,Agriculture,2019-03-05,824521.24
UQZAX,Todd-Cline,Jamie Perez,Procurement Specialist,Matthewburgh,USA,Corporate,Transportation,2020-03-15,609369.43
MMOFC,"Baeyens, Carlier en Goossens VOF",Rosa Maes,Supply Chain Manager,Sint-Joris-Weert,Belgium,Small Business,Education,2021-10-14,113801.64
AULZK,Gelli SPA,Dott. Temistocle Travaglio,Accounting Manager,Serramazzoni,Italy,Retail,Technology,2024-03-22,23654.22
XBNFT,Rivera-Compton,Ronald Brown,Operations Manager,Benjaminton,Australia,Small Business,Technology,2025-06-11,89701.21
KTBOZ,Allen-Hendricks,Phillip Kelly,VP of Purchasing,Brendaville,Canada,Corporate,Manufacturing,2020-12-16,950588.6
DRSGI,Roman Inc,Michael Gibson,Accounting Manager,Griffithville,USA,Small Business,Manufacturing,2022-01-29,16551.52
LHJQI,株式会社林運輸,佐々木 京助,Sales Representative,中野区,Japan,Retail,Hospitality,2022-10-29,32293.9
ESLUP,Amundsen BA,Sofie Antonsen,Logistics Coordinator,Torillstrand,Norway,Wholesale,Transportation,2023-09-15,519574.77
VCLUT,Chang-Murphy,Joel Mason,Marketing Manager,Maxwellhaven,Canada,Government,Retail,2024-09-06,1029641.9
WOJEB,Buck and Sons,Yolanda Johnson,Operations Manager,West Kimberlyville,USA,Small Business,Food & Beverage,2022-02-13,165488.43
WPKGB,"Warren, Smith and Barker",Mark Jimenez,Order Administrator,Mackenzieville,USA,Wholesale,Healthcare,2025-03-13,49070.1
UFSND,Rangel-Khan,Jenna Lynch,Supply Chain Manager,Denniston,Canada,Retail,Education,2018-07-28,212703.76
AWWUT,Hoeks Groep,Catharina van der Meer,Procurement Specialist,Lomm,Netherlands,Corporate,Technology,2019-09-11,468514.51
NBLZH,Laporte,Marianne Michel,Accounting Manager,Joly-sur-Boulay,France,Retail,Education,2025-06-21,69104.93
VFNJB,Geißler Stiftung & Co. KGaA,Dr. Laurenz Schleich,Supply Chain Manager,Bersenbrück,Germany,Small Business,Transportation,2019-10-20,177621.32
ARTUR,Farias,Dr. Breno Borges,Marketing Manager,Andrade da Mata,Brazil,Small Business,Hospitality,2018-12-22,41035.47
NRWTU,Letellier,Jules Lombard,Supply Chain Manager,Sainte Noël,France,Small Business,Construction,2021-09-09,134284.98
XTPHZ,Sangha-Saran,Zilmil Char,Operations Manager,Warangal,India,Small Business,Retail,2021-03-13,210190.06
VRGGV,Mcmillan and Sons,Amy Dyer,Logistics Coordinator,Peterland,USA,Retail,Agriculture,2024-02-18,188186.25
GGXVQ,Krause AG & Co. KG,Anneke Jungfer B.A.,Supply Chain Manager,Eisenach,Germany,Small Business,Agriculture,2023-10-02,62689.13
CZZRM,Fernandes,Sr. Pedro Moraes,Sales Associate,Lopes,Brazil,Retail,Retail,2022-04-15,236206.86
ZNNBP,Pires,Mariana Teixeira,Marketing Manager,Pinto,Brazil,Corporate,Hospitality,2019-08-01,92543.0
EEABN,"Guerra, Roberts and Mccarty",Eric Spencer,Operations Manager,Deleonmouth,USA,Small Business,Hospitality,2020-03-27,16100.85
VPWXR,Roy-Durham,Kelsey Russell,Logistics Coordinator,East Deanna,USA,Small Business,Food & Beverage,2022-08-09,139196.55
EJCBS,Comercial IX S.L.,Samanta Amanda Vera Pedrosa,Procurement Specialist,Zaragoza,Spain,Corporate,Education,2020-03-02,667381.86
CNBMK,Despacho Regalado-Herrera,Dr. Karina Zamora,Procurement Specialist,San Sofía los altos,Mexico,Small Business,Healthcare,2024-01-21,82141.15
ZIRCA,Hübel,Anny Preiß B.Eng.,Logistics Coordinator,Pinneberg,Germany,Wholesale,Food & Beverage,2023-11-15,356356.95
XAVHI,"Rajagopalan, Kothari and Din",Harshil Menon,Logistics Coordinator,Orai,India,Small Business,Transportation,2024-08-25,209352.33
XBLXK,"Hurst, Simpson and Chamberlain",Barbara Griffiths,Accounting Manager,West Patrick,UK,Corporate,Food & Beverage,2023-10-26,909737.74
JWSSX,Kusch Rose KG,Hanspeter Scholtz,Marketing Manager,Ravensburg,Germany,Retail,Food & Beverage,2021-07-18,202901.9
CPXPU,Porto,Raul Teixeira,Operations Manager,Alves dos Dourados,Brazil,Corporate,Construction,2019-04-22,64292.17
TLOHD,More PLC,Zinal Kannan,Procurement Specialist,Madanapalle,India,Wholesale,Construction,2024-10-20,475826.81
PUNOO,"Sanchez, Dodson and Taylor",Nicole Huff,Procurement Specialist,Mariastad,USA,Retail,Construction,2025-03-12,33986.75
RQUBA,Casa Grande e Filhos,Maya Fernandes,Supply Chain Manager,Novaes,Brazil,Small Business,Education,2024-01-12,116115.9
LJSGA,Sullivan LLC,Bridget Guerrero,Purchasing Manager,Port Andreashire,USA,Corporate,Education,2020-11-01,481824.52
NOWJH,Niemi,Airi Lehtonen,Purchasing Manager,Inari,Finland,Small Business,Food & Beverage,2023-01-14,191457.85
OYYUJ,"Vercammen, Van Dyck en Van de Velde CV",Viviane Van Campenhout,Procurement Specialist,Hogne,Belgium,Small Business,Hospitality,2024-04-27,117839.81
SRDHP,Alexandre,Clémence Guillot-Coste,Purchasing Manager,Grégoire,France,Corporate,Agriculture,2020-01-15,187420.76
SKDGE,Bond and Sons,Danny Smith,Supply Chain Manager,Burkefurt,USA,Retail,Education,2018-06-21,130495.56
BSZWS,Wilson Group,Angela Barnett,Order Administrator,Madisontown,USA,Corporate,Retail,2018-05-12,149974.0
RJVBL,Garcia - EI,João Lucas Barros,Procurement Specialist,Pires de Minas,Brazil,Corporate,Construction,2024-06-05,184459.14
JVSAT,Rodriguez-Ramirez,Morena Jazmin Maximo Hernandez,Purchasing Manager,La Rioja,Argentina,Small Business,Healthcare,2022-10-24,231708.49
KYLFD,주식회사 겨레,김수빈,Operations Manager,수원시 권선구,South Korea,Retail,Agriculture,2024-09-17,44923.98
ISUAC,Macedo,Larissa Gonçalves,Procurement Specialist,Araújo,Brazil,Government,Agriculture,2023-05-10,447259.62
SGDKK,斉藤銀行有限会社,森 陽子,Procurement Specialist,いすみ市,Japan,Retail,Education,2020-08-01,6530.51
UYQTB,"Lindsey, Reese and Vasquez",Kara Cruz,Purchasing Manager,East Arianaland,USA,Small Business,Food & Beverage,2023-10-07,154552.51
XCVCE,Gonzalez-Maidana,Dr(a). Bautista Diaz,Purchasing Manager,Rawson,Argentina,Wholesale,Food & Beverage,2021-05-27,564304.43
VUBOF,Pineda LLC,Timothy Harris,Owner,Rodriguezside,USA,Small Business,Technology,2024-12-12,150443.87
AMXVQ,佐藤鉱業合同会社,鈴木 健一,Procurement Specialist,八千代市,Japan,Small Business,Manufacturing,2020-11-05,142634.72
HVDOM,Banks and Sons,Dr Gary Jones,Supply Chain Manager,Nicolaville,UK,Small Business,Healthcare,2019-06-06,216975.11
DGYTK,Bruder Stahr KG,Florentine Hettner,Logistics Coordinator,Wertingen,Germany,Corporate,Construction,2025-03-15,803379.96
DMUVC,Aragão,Miguel da Rocha,Logistics Coordinator,Brito,Brazil,Wholesale,Food & Beverage,2021-03-26,211917.27
JOPFE,Cooley-Young,David Garcia,Operations Manager,Fergusonberg,USA,Retail,Healthcare,2024-10-13,242850.95
SLNWG,"Tartaglia, Toselli e Donati e figli",Alberto Cusano,Sales Representative,Borgata Corviale,Italy,Small Business,Food & Beverage,2024-07-31,104379.73
OBLFO,"Wilkinson, Clayton and Johnson",Jayne Begum-Burton,Logistics Coordinator,Abigailmouth,UK,Retail,Manufacturing,2019-10-03,233082.49
OZIFX,Grondin,Jacqueline Noël-Buisson,VP of Purchasing,Devaux,France,Retail,Manufacturing,2023-02-09,104443.59
BILLH,Ortiz-Morgan,Joanna Rodgers,Owner,Floydshire,USA,Small Business,Transportation,2022-01-30,156869.28
JKFEV,"Rowe, Davies and Turner",Shane Harrison,Supply Chain Manager,Taylorfort,UK,Corporate,Education,2019-10-08,907197.68
BQIAZ,Joyce-Mann,Mr Justin Miller,Purchasing Manager,Hendersonland,UK,Retail,Hospitality,2022-12-09,238005.29
MNKPR,Geany and Sons,Dr. Jackson Finneran,Sales Representative,Carla Ville,Ireland,Small Business,Manufacturing,2018-02-10,177519.1
KREQK,Gimenez,Caroline Torres,Supply Chain Manager,Lebon,France,Small Business,Healthcare,2022-04-08,82206.13
GYRZX,群英网络有限公司,鞠成,VP of Purchasing,桂珍县,China,Corporate,Transportation,2023-08-29,906061.07
XJZAW,Volterra Group,Puccio Venditti,Logistics Coordinator,Monte Porzio Catone,Italy,Retail,Hospitality,2023-11-15,83279.35
WYXJU,Watson and Sons,Maria Roberts,VP of Purchasing,Lake Joanna,UK,Government,Manufacturing,2021-03-31,936293.64
ILBVC,(유) 윈드,윤수진,Operations Manager,당진시,South Korea,Wholesale,Retail,2020-07-13,361179.3
YSPJA,Ramos S/A,Luiz Felipe Machado,Marketing Manager,Sá de Andrade,Brazil,Government,Hospitality,2023-03-18,191474.54
HRFHS,Baptista,Constança Faria,Marketing Manager,Seia,Portugal,Government,Construction,2020-12-04,325183.23
DAFBP,Powell Ltd,Laura McDonald,Accounting Manager,Whiteland,UK,Corporate,Agriculture,2025-03-22,334897.3
CFRWQ,Ball Ltd,Kathleen Patel,Sales Representative,Weavershire,Canada,Retail,Education,2024-11-10,89796.5
XRIBK,"Tank, Dube and Dayal",Zaitra Hayre,Owner,Agra,India,Corporate,Transportation,2023-12-04,590924.76
QKLXV,"Flores, Warren and Ross",Mario Young,Owner,Lake Josephtown,Canada,Corporate,Technology,2022-12-22,731272.38
BSGMG,Faivre,Monique Petitjean,VP of Purchasing,Rémy-sur-Torres,France,Corporate,Healthcare,2021-06-03,679101.74
HPZJF,Alves e Filhos,Enzo da Mota,Owner,Vasconcelos,Brazil,Small Business,Transportation,2023-08-06,97359.35
EIFQV,Perez-Lopez,Dr(a). Malena Ruiz,Purchasing Manager,San Ferando del Valle de Catamarca,Argentina,Small Business,Technology,2020-08-24,81710.38
KHLGP,"Phillips, Little and Walters",Joseph Johnston,VP of Purchasing,Kristinebury,USA,Corporate,Construction,2024-06-29,717333.63
UIWBT,Payne PLC,Gina Martin,Owner,Lake Erinmouth,USA,Small Business,Technology,2019-05-26,210537.91
GQYOK,Bowen-Randolph,Tony Price,Accounting Manager,South Sophia,USA,Corporate,Retail,2019-08-30,892078.53
JLUQA,"Walker, Moreno and Harrington",Danny Esparza,VP of Purchasing,New Jenniferstad,USA,Small Business,Transportation,2020-09-28,86850.33
OUOIO,Siemens,Yasmine de Jonge,Sales Representative,Winterswijk Henxel,Netherlands,Corporate,Construction,2020-06-06,750099.31
IKGVK,"Nagi, Sura and Mani",Udarsh Amble,Sales Representative,Farrukhabad,India,Wholesale,Retail,2022-09-16,356740.52
EGZXS,Shaw PLC,Mr William Johnston,Sales Representative,O'Brienborough,UK,Corporate,Transportation,2021-11-28,158807.72
VFTAE,"Montesano, Gilardoni e Jacuzzi SPA",Mirco Foà,Logistics Coordinator,Tarmassia,Italy,Retail,Hospitality,2020-04-21,163523.56
RBXND,Carter-Rodriguez,Christina Robinson,Supply Chain Manager,West Christine,Canada,Retail,Food & Beverage,2019-08-10,173166.89
LUNFJ,Melo,Dra. Aylla da Costa,Procurement Specialist,Machado Alegre,Brazil,Small Business,Construction,2018-05-06,220777.52
MZERJ,Cassiano,Dra. Bianca da Paz,Procurement Specialist,Andrade,Brazil,Corporate,Food & Beverage,2023-10-26,762891.83
XMTSW,Shan Group,Urvashi Bhasin,Purchasing Manager,Morena,India,Small Business,Technology,2018-01-19,154120.84
XMENI,Anderson-Kirk,Selena Bailey,Accounting Manager,East Savannah,USA,Retail,Hospitality,2022-03-06,248880.09
SMAEF,Butler-Sosa,Lauren Perry,Accounting Manager,Ryanview,USA,Small Business,Healthcare,2020-03-28,38141.22
BCHZR,Bøe BA,Prof. Per Holm,Logistics Coordinator,Moen,Norway,Corporate,Agriculture,2022-09-27,760384.02
ZYPSS,"Chapman, Oconnell and Hogan",Micheal Austin,VP of Purchasing,New David,USA,Corporate,Food & Beverage,2025-03-07,171201.64
ZHSDW,Borrego-Porras,Aldonza Celia Aguayo Arenas,Sales Representative,Nueva India,Mexico,Wholesale,Transportation,2020-10-16,285402.06
SCJFX,Schneider GmbH,Teodora Graf,Sales Representative,Chêne-Bougeries,Switzerland,Small Business,Technology,2023-12-28,87188.96
GFRVI,Jones-Smith,Andrew Harris,Supply Chain Manager,Petersburgh,USA,Corporate,Transportation,2023-02-10,484072.15
XCNDB,Jähn Hölzenbecher GmbH & Co. OHG,Hannelore Schaaf-Scholl,Owner,Dinkelsbühl,Germany,Government,Construction,2021-09-29,270351.8
VZBHW,有限会社山田運輸,山下 七夏,Owner,多摩市,Japan,Retail,Retail,2021-02-05,147599.87
FYAGZ,Heikkinen ry,Vilho Parviainen,Procurement Specialist,Lumijoki,Finland,Wholesale,Hospitality,2019-07-27,474564.34
DCWYK,Putz AG & Co. OHG,Univ.Prof. Jörg-Peter Döring,Owner,Erkelenz,Germany,Small Business,Education,2024-04-08,104436.39
ZKZKY,Mansvelt & Janssens,Mohamed Strijker,Owner,De Heurne,Netherlands,Small Business,Technology,2018-06-11,232816.08
NKJHH,"Smith, Davis and Sanchez",Christopher Robbins,Accounting Manager,Cooperside,USA,Small Business,Food & Beverage,2019-03-28,113038.94
ZRPEF,Kusch Pohl Stiftung & Co. KG,Meik Meyer,Sales Associate,Eisleben,Germany,Small Business,Manufacturing,2024-09-28,163569.69
LDEDW,Mitschke Jungfer GbR,Krystyna Schottin,Purchasing Manager,Neuruppin,Germany,Corporate,Retail,2019-01-07,292940.1
RXTYO,Balbo Group,Carlo Torlonia,Order Administrator,Dinami,Italy,Corporate,Retail,2020-11-12,146341.27
NXBTY,Siqueira Caldeira - ME,Yan Cirino,Supply Chain Manager,Campos de Ramos,Brazil,Retail,Construction,2021-07-07,29031.1
KQSXS,Bryant and Sons,Richard Chandler,VP of Purchasing,Port Sara,Canada,Small Business,Technology,2020-06-10,69599.08
IGDZZ,Moore PLC,Cindy Jenkins,Operations Manager,North Jessica,USA,Retail,Retail,2023-12-28,222796.04
JGGYY,Madrigal-Gracia,Ing. Claudio Granado,Owner,Vieja Sudán,Mexico,Wholesale,Healthcare,2020-09-22,81222.54
JRMAZ,合同会社石井情報,山本 聡太郎,Accounting Manager,長生郡長南町,Japan,Small Business,Transportation,2021-02-17,195698.69
RRMUK,van der Dussen Seidel GmbH & Co. KG,Dr. Cathleen Kreusel B.Eng.,Logistics Coordinator,Artern,Germany,Retail,Manufacturing,2022-04-12,181827.69
XIFZL,Gundersen RFH,Linn Sæther,Supply Chain Manager,Kjetilnes,Norway,Small Business,Manufacturing,2022-07-11,101291.73
PNZBF,Ackermann Forster & Söhne,Zeno Bernasconi,Accounting Manager,Bellinzona,Switzerland,Corporate,Retail,2020-06-25,376094.67
NXOYY,Schenk,Oda Putz MBA.,Accounting Manager,Fulda,Germany,Small Business,Education,2021-09-04,50414.37
DUJJH,Etzler Sager KG,Dr. Clemens Baum B.Sc.,Operations Manager,Kassel,Germany,Corporate,Healthcare,2020-12-22,62868.93
HGUPD,van der Veen BV,Arie Brouwer,Sales Representative,Kring van Dorth,Netherlands,Small Business,Manufacturing,2023-09-14,17896.59
GOFUE,Zepeda y Rivero S. R.L. de C.V.,Ing. Rebeca Quezada,Sales Associate,San Enrique los altos,Mexico,Wholesale,Manufacturing,2023-07-19,588144.87
FVLKR,(유) 코어,김은주,Operations Manager,여주시,South Korea,Corporate,Food & Beverage,2024-12-04,78488.29
TMNJE,Ferrer A.C.,Hermelinda Eugenio Oquendo Bonilla,Purchasing Manager,San Blanca los bajos,Mexico,Corporate,Agriculture,2018-07-01,474302.43
OIFVR,易动力科技有限公司,戴志强,Logistics Coordinator,杰市,China,Retail,Technology,2020-04-08,222849.14
LGRXM,Baron,Élise de Raymond,Purchasing Manager,Thomas,France,Small Business,Retail,2022-04-28,218074.94
RRKIT,Blaser Furrer & Söhne,Carlo Schürch-Bühler,Sales Representative,Payerne,Switzerland,Corporate,Transportation,2018-05-13,489659.14
LRKFA,Dennis Inc,Bruce Mcdaniel,Accounting Manager,Ortizberg,USA,Retail,Food & Beverage,2018-05-27,231625.09
JDLNA,Carrillo-Carreón,Karina Cantú,Order Administrator,Nueva Australia,Mexico,Small Business,Agriculture,2018-11-28,166279.9
ADWED,"Johnson, Taylor and Cooper",Kendra Kim,Accounting Manager,East Sara,USA,Corporate,Transportation,2023-08-06,679439.67
DAHZR,Ali ASA,Gerd-Line Jensen,Purchasing Manager,Ellingsen,Norway,Wholesale,Healthcare,2022-01-07,578221.28
QCZXF,Marques Rezende e Filhos,Vicente Caldeira,Marketing Manager,Teixeira,Brazil,Small Business,Education,2023-11-19,91010.78
UESPE,Garcia LLC,Justin Foster,Logistics Coordinator,West Michelle,USA,Small Business,Transportation,2022-04-27,197102.79
SZJXR,Robinson-Hayes,Paige Clarke-Gray,Marketing Manager,Lake Claire,UK,Retail,Retail,2025-06-15,46399.11
ULSEN,Olivares-Barraza y Asociados,Ernesto Varela Ybarra,Supply Chain Manager,San Carolina los altos,Mexico,Corporate,Manufacturing,2022-05-16,395411.05
SXVUF,Diallo SA,Michel Lemaire-Blanchard,Marketing Manager,Aubert,France,Small Business,Hospitality,2021-03-06,129282.6
MCBZB,Payer Kaindl KG,Dipl.-Ing. Heinrich Sorger,Sales Representative,Gmünd,Austria,Small Business,Transportation,2024-05-05,198038.49
NEWJC,David-Beasley,Allison Branch,Operations Manager,South Davidburgh,USA,Corporate,Technology,2021-08-04,144787.85
YZFZR,Ledesma y Balderas S.A.,Ing. Anel Quintero,VP of Purchasing,Vieja Malta,Mexico,Retail,Hospitality,2024-06-17,241096.09
UQXTN,Pasquier S.A.,Christophe Carre,Accounting Manager,DelahayeBourg,France,Wholesale,Transportation,2020-07-26,170220.48
GDZZZ,Leroux,Frédéric Boutin,Sales Representative,David,France,Corporate,Retail,2019-11-15,923660.52
QTHZI,Durand S.A.S.,Océane Mahe,VP of Purchasing,Lecoq-sur-Riou,France,Retail,Construction,2021-05-20,42799.33
ZQETJ,Mendez y Barón S.Com.,Nicolasa Oliveras-Peral,Owner,Las Palmas,Spain,Small Business,Construction,2024-04-27,248261.18
JBKVQ,Smith Inc,Hayley Hall,Logistics Coordinator,North Samuelside,UK,Small Business,Healthcare,2018-06-12,21333.93
NHRMC,Serrano-Casillas,Emilio Amador Paz,Marketing Manager,Nueva Mónaco,Mexico,Corporate,Education,2020-12-27,267659.42
HDODX,Mendonça S.A.,Stella Aparecida,Purchasing Manager,Moreira,Brazil,Corporate,Technology,2018-09-24,215789.04
NHKOS,Ramos-Carbajal S.A.,Sr(a). Bianca Monroy,VP of Purchasing,Vieja Bhután,Mexico,Small Business,Hospitality,2019-06-20,81888.59
MJGBE,Hanson Inc,Margaret Hall,VP of Purchasing,West Jason,UK,Government,Education,2025-04-05,264308.11
GCTRI,Geudens-Martens CV,Emiel Hermans Claus,Accounting Manager,Goetsenhoven,Belgium,Corporate,Hospitality,2018-03-09,597420.38
ZPLMU,Lübs,Ing. Jost Rädel,Owner,Mellrichstadt,Germany,Small Business,Food & Beverage,2021-03-11,203744.85
EZRBW,Carlson-Crawford,Justin Cook,Operations Manager,New Richard,USA,Corporate,Hospitality,2024-03-01,192187.58
FGSXQ,Weeks-Massey,Jessica Hernandez,Operations Manager,Brendahaven,USA,Small Business,Transportation,2019-10-21,104465.94
NFEMM,Sampaio Melo S/A,Benjamin da Mata,Purchasing Manager,Leão das Pedras,Brazil,Wholesale,Retail,2018-10-02,120592.42
RAYSZ,Villalpando-Alvarado y Asociados,Camilo Arteaga Ramón,Procurement Specialist,San Yeni los bajos,Mexico,Small Business,Agriculture,2018-12-07,107987.37
QFQOX,Johnson-Curry,David Tate,Logistics Coordinator,Port Jenniferview,USA,Small Business,Hospitality,2022-04-21,152641.39
JIANS,Haro-Barraza S.A. de C.V.,Alma Florencia Sánchez,Supply Chain Manager,Vieja Sri Lanka,Mexico,Small Business,Retail,2024-03-22,62127.84
EPJAJ,Noble-Foster,Wanda Fowler,Sales Associate,East Stevenmouth,USA,Corporate,Manufacturing,2023-02-19,584888.34
XMSAK,Weber,Luce Henry du Weber,Procurement Specialist,Saint Martindan,France,Small Business,Manufacturing,2020-02-24,80750.77
LKOPY,Rubio S.C.,Mtro. Felix Gonzales,Purchasing Manager,Vieja Mauricio,Mexico,Small Business,Healthcare,2019-05-16,99485.95
RAWAK,"Holmes, Lewis and Wright",Eileen Pearce-Clark,Order Administrator,Goughland,UK,Small Business,Healthcare,2023-05-02,120213.64
TZOQZ,Martin-Jordan,Mary Johnson DDS,Operations Manager,Weissside,USA,Corporate,Construction,2024-04-29,667570.17
SFFSP,Davis Inc,Mary Hopkins,Logistics Coordinator,Codyside,USA,Corporate,Education,2025-01-26,382276.34
EKFHZ,Young Ltd,Lisa Palmer,Order Administrator,Lesterville,USA,Small Business,Agriculture,2018-08-17,157087.41
OIKXK,Almeida,Dra. Sarah Pires,Sales Associate,Ribeiro do Galho,Brazil,Corporate,Education,2018-03-25,766033.29
YHFSU,van der Stael de Jonge NV,Frederique van der Laarse,Accounting Manager,Elshout,Netherlands,Small Business,Technology,2019-03-16,144499.44
GPVYG,Hayes LLC,Nancy Hall,Supply Chain Manager,Comptonstad,Canada,Small Business,Healthcare,2021-04-12,145855.38
KATVS,Powell Inc,Mr Callum Powell,Sales Representative,Jonesfort,UK,Corporate,Food & Beverage,2022-12-30,613654.93
DSSFO,Roche Gillet S.A.S.,Henri Valentin,Procurement Specialist,RobinBourg,France,Small Business,Agriculture,2024-12-31,147746.04
CEZZT,Steinmann Schnyder GmbH,Teresa Steiner,Operations Manager,Veyrier,Switzerland,Corporate,Retail,2024-10-09,159386.35
BIXNF,Barthelemy Pages S.A.R.L.,Valentine-Anaïs Da Costa,VP of Purchasing,Sainte Michel,France,Wholesale,Technology,2023-05-07,293644.42
PWDGB,Blanc,Pauline-Cécile Monnier,Accounting Manager,Bertranddan,France,Small Business,Manufacturing,2024-09-28,98467.86
SFBAX,"Wright, Freeman and Craig",Kristen Walker,Order Administrator,Gomezmouth,USA,Corporate,Hospitality,2022-05-10,243838.15
IKJSK,Mattsson & Jafari HB,Sara Svensson,Order Administrator,Trelleborg,Sweden,Small Business,Transportation,2020-10-26,241141.38
LUXPY,Silveira da Luz - EI,Amanda da Mata,Accounting Manager,Moraes de das Neves,Brazil,Wholesale,Agriculture,2019-02-20,241299.86
IKCFO,Smith-Hoffman,Charles Zavala,Order Administrator,Bethanybury,USA,Corporate,Healthcare,2024-03-09,331792.24
VERDW,Hill-Payne,Walter Choi,Marketing Manager,West Amanda,USA,Small Business,Manufacturing,2021-12-29,49862.34
RAGLP,Heidrich,Theodoros Mälzer,Procurement Specialist,Grevesmühlen,Germany,Wholesale,Technology,2020-12-17,591537.44
AOXYI,Sá Moura - ME,Ana Lívia Lima,Logistics Coordinator,Pinto,Brazil,Retail,Construction,2024-03-29,215787.08
PBXQQ,Jacob AG,Sedat Dowerg B.A.,Operations Manager,Stendal,Germany,Small Business,Manufacturing,2023-08-30,20780.77
ZHVBF,"Bowman, Martin and Hoover",Jason Hall,Order Administrator,Corteztown,USA,Retail,Retail,2020-07-24,44686.82
YKILI,Aparecida da Cunha Ltda.,Sophia Brito,Sales Representative,Farias do Sul,Brazil,Corporate,Retail,2024-10-26,544298.27
UAAIO,Knox-Ramirez,Charles Martinez,Purchasing Manager,South Louiston,USA,Corporate,Food & Beverage,2024-07-17,268235.73
GMBRR,"Roberts, Johnson and Bradley",Arthur Campos,Sales Associate,Mosleyland,USA,Wholesale,Education,2023-10-16,701290.64
WDMPT,Graves PLC,Nicole Mccoy,Order Administrator,Port Richardside,USA,Corporate,Food & Beverage,2019-02-03,214882.74
FCXXT,"Despacho Quintero, Juárez y Pedraza",Sr(a). Espartaco Mena,Procurement Specialist,Vieja Serbia,Mexico,Wholesale,Transportation,2020-10-27,148704.81
HXUBO,Gardner-Jensen,Regina Wright,Operations Manager,Hortonside,USA,Corporate,Construction,2021-04-20,819024.45
XALEE,"Parri, Zola e Mazzanti SPA",Sig. Giulio Mazzini,Sales Representative,Cassinetta Di Lugagnano,Italy,Corporate,Education,2018-10-30,105565.21
SXGWM,Farmaceútica Barragán S.L.L.,Fernanda Hoz Pizarro,Purchasing Manager,Huelva,Spain,Wholesale,Transportation,2018-11-07,490590.01
IGCUP,鈴木運輸合同会社,伊藤 学,Sales Representative,調布市,Japan,Retail,Food & Beverage,2023-08-23,99647.75
FWLUM,"Franco, Pérez y Martínez",Lilia Vicente Castillo,Sales Representative,Vieja Islandia,Mexico,Small Business,Hospitality,2020-10-16,49070.28
BYUIK,Lamb Inc,Laura Wright,Procurement Specialist,Barryport,UK,Corporate,Manufacturing,2021-12-22,919115.19
DGGEO,"Wright, Williams and Knapp",Miss Denise Leach DVM,Purchasing Manager,Reynoldschester,Australia,Wholesale,Hospitality,2018-05-17,119243.28
BNZBS,Baker-Smith,Emily Henderson,Logistics Coordinator,Tracymouth,USA,Small Business,Construction,2020-07-19,17249.17
ZBWWM,鸿睿思博传媒有限公司,陆建平,Logistics Coordinator,东莞市,China,Corporate,Healthcare,2021-03-09,618351.02
PQGJP,Baxter LLC,Nicole Hawkins-Gill,Logistics Coordinator,Port Samantha,UK,Retail,Hospitality,2020-07-10,126027.98
DMKGF,Brown-Sanders,Lee Perez,Operations Manager,North Heatherchester,USA,Corporate,Food & Beverage,2019-03-15,392680.73
DJJIV,Iqbal and Sons,Katie Robson-Roberts,Supply Chain Manager,Arnoldfort,UK,Retail,Technology,2023-03-15,213249.36
FTSVF,Collins-Taylor,Austin Johnson,Accounting Manager,East Juanville,USA,Corporate,Transportation,2018-09-10,883348.63
HVMPX,"Maldonado, Martinez and Figueroa",Priscila Gonzalez,Owner,Ushuaia,Argentina,Corporate,Food & Beverage,2025-05-04,814217.51
JRTRB,Rodriguez PLC,Jennifer Dawson,Order Administrator,East Nancy,USA,Corporate,Transportation,2019-04-19,521993.44
XKQFY,"Khan, Howard and Galvan",Tara Nelson,Supply Chain Manager,Lake Ricky,Canada,Wholesale,Technology,2019-12-22,194049.31
XMUEJ,Little Group,Nicholas Calhoun,Sales Representative,East Allisonbury,USA,Corporate,Hospitality,2023-07-06,891531.14
CVDRO,Cook-Sykes,Billy Elliott-Taylor,Sales Representative,South Andreastad,UK,Corporate,Manufacturing,2025-04-19,161174.33
WYKBP,"Thompson, Robinson and Wells",Denise Clarke,Order Administrator,New Victor,UK,Wholesale,Construction,2024-08-01,316611.82
MSEKV,Weller Heuser AG,Mijo Lorch,Logistics Coordinator,Havelberg,Germany,Corporate,Retail,2022-11-22,90608.13
IGNQO,Siering Mosemann GmbH,Sylvio Gunpf-Buchholz,Purchasing Manager,Dieburg,Germany,Corporate,Hospitality,2025-01-28,261883.53
WBOWF,Silva Machado Ltda.,Rebeca Rodrigues,Sales Representative,Machado,Brazil,Corporate,Hospitality,2021-04-14,217941.21
YEBTN,Duran-Sanchez,Martin Newton,Purchasing Manager,Jacksonborough,USA,Wholesale,Agriculture,2024-07-02,136398.93
KMKXC,Renner,Marjan Geisler-Briemer,Supply Chain Manager,Jülich,Germany,Corporate,Education,2023-05-09,299036.68
KZTVR,Azevedo - EI,Isadora Aparecida,Owner,Farias do Oeste,Brazil,Wholesale,Retail,2018-04-01,438262.52
YLNGI,Germain Fouquet S.A.S.,Claudine Le Ferrand,Order Administrator,Rémy,France,Wholesale,Technology,2024-05-09,487409.26
WTUDL,Brown-Taylor,Mr Douglas Rees,Sales Representative,Williamshaven,UK,Corporate,Retail,2020-02-24,156203.41
YVEFA,Kirby LLC,Diana King DDS,Logistics Coordinator,Josechester,USA,Corporate,Manufacturing,2018-05-27,204940.39
FZHMN,"Clark, Nichols and Ward",Lance Robinson,Supply Chain Manager,North Darlenemouth,USA,Wholesale,Hospitality,2019-10-22,90284.51
LVKPZ,Bergström & Klasson HB,Olle Persson,Accounting Manager,Karlskoga,Sweden,Small Business,Agriculture,2021-12-15,28651.09
SCOBW,Dyer Ltd,Elizabeth Galloway,Sales Associate,Rileyberg,USA,Small Business,Retail,2024-04-11,178026.44
JFEIO,Hill Group,Dawn Hall,Marketing Manager,Port Jessicaside,USA,Retail,Food & Beverage,2023-08-09,83832.54
VHXXO,Page-Thompson,Dalton Hawkins,Owner,New Shannon,USA,Retail,Agriculture,2021-11-28,173832.55
VQROP,Sykała-Honkisz Sp. z o.o.,Kamil Zięciak,Owner,Biłgoraj,Poland,Small Business,Agriculture,2022-02-13,175889.09
LLGFV,Myers and Sons,Lacey Lucero,Marketing Manager,Lake Belindaborough,USA,Retail,Agriculture,2019-04-05,154306.38
UYFMX,Beyer AG,Dittmar Hein,Purchasing Manager,Ahaus,Germany,Small Business,Hospitality,2018-02-14,221401.84
XTTEL,Laurila,Eelis Timonen,Marketing Manager,Pihtipudas,Finland,Small Business,Manufacturing,2018-11-30,241457.4
ZERUF,"Miller, Phillips and Watson",Donna Lowery,Marketing Manager,New Keith,USA,Wholesale,Retail,2020-05-23,96883.28
NZJET,Ramos Barros - EI,Ana Julia Viana,Logistics Coordinator,da Mota de Leão,Brazil,Retail,Agriculture,2023-11-14,121833.33
TYAYM,"May, Lee and Parker",Leah Collier,Sales Associate,North Adamtown,Australia,Corporate,Food & Beverage,2021-06-04,451367.34
JPAXN,"Echeverría, Acosta y Negrón",Isaac Rolando Ojeda Quezada,Purchasing Manager,Vieja Antigua y Barbuda,Mexico,Retail,Manufacturing,2024-10-07,65603.76
DPYDX,Graham Ltd,Derrick Jones,Logistics Coordinator,Hendricksport,USA,Corporate,Construction,2024-07-02,448049.29
QOHRE,Axelsson & Pettersson AB,Agnes Johansson-Hanna,VP of Purchasing,Trelleborg,Sweden,Corporate,Retail,2024-02-17,716420.44
SVNTP,Heuser,Frau Karola Schmiedecke B.Sc.,Order Administrator,Regen,Germany,Small Business,Hospitality,2023-09-12,38899.62
INOYI,Humbert,Émilie Cousin-Lenoir,Marketing Manager,Hoareau,France,Small Business,Technology,2022-01-02,158927.27
LHDWA,"Cunningham, Sullivan and Price",Alan Young,Accounting Manager,Granthaven,USA,Small Business,Retail,2024-09-23,192383.88
PZBLQ,Drubin,Prof. Marit Speer MBA.,Operations Manager,Kassel,Germany,Corporate,Food & Beverage,2018-03-25,575583.51
HRGJQ,"Patterson, Cox and Anthony",Stephanie Johnson,Supply Chain Manager,East Andrew,Canada,Corporate,Manufacturing,2018-08-27,121504.57
UUWCM,Boutin,Susanne Lefort,Accounting Manager,Verdier-les-Bains,France,Wholesale,Agriculture,2020-11-06,709199.82
KPVCJ,Stewart-Fisher,Jemma Connolly,Supply Chain Manager,North Bethany,UK,Small Business,Manufacturing,2020-09-15,76053.86
PRNKA,"Edwards, Bernard and Murray",Michael Lambert,Sales Representative,South Kenneth,USA,Corporate,Food & Beverage,2022-07-07,205825.08
LKHPB,Davis Ltd,Maria Thomas,Procurement Specialist,New Jenniferfurt,USA,Corporate,Agriculture,2025-01-16,841885.63
CFOOO,Hethur Gierschner AG & Co. KGaA,Ladislaus Müller-Käster,VP of Purchasing,Meppen,Germany,Wholesale,Education,2018-05-27,374789.02
OGPMV,"Laboratorios Navarro, Jáquez y Centeno",Perla Montemayor Lozada,Logistics Coordinator,San Mercedes de la Montaña,Mexico,Retail,Agriculture,2020-05-22,90170.08
GDYUX,Abreu Pereira S.A.,Joaquim Mota,Owner,Vizela,Portugal,Corporate,Food & Beverage,2018-02-19,695674.19
TKPWP,"Williams, Chen and Robinson",Gloria Hill,VP of Purchasing,St. Georgeberg,Australia,Corporate,Education,2020-02-02,418032.44
GOVZR,Braun-Gordon,Lisa Clay,Accounting Manager,Adamland,USA,Small Business,Construction,2021-08-21,17687.65
XXQNE,"Varughese, Goswami and Dyal",Sneha Khosla,VP of Purchasing,Bhavnagar,India,Wholesale,Food & Beverage,2025-06-12,106923.97
LXDGX,Ramachandran PLC,Abeer Subramaniam,Accounting Manager,Allahabad,India,Retail,Manufacturing,2023-11-23,37224.04
BMRYO,"May, Mullins and Brown",Jacob Smith,Sales Associate,Port Steven,Canada,Wholesale,Education,2024-01-19,144505.15
JUDII,Aune-Haug,Berit Arnesen,Supply Chain Manager,Tonehavn,Norway,Small Business,Transportation,2019-09-15,38547.12
TEWDA,Baur Schenk AG,Jörg Bär,Marketing Manager,Biel/Bienne,Switzerland,Corporate,Manufacturing,2024-01-26,467597.98
MMKOR,"Edwards, Smith and Krueger",Michael Travis,Order Administrator,New Audreyport,USA,Small Business,Healthcare,2022-03-18,152191.66
CVGFA,Harrison-Wilson,Steven Roberts,Purchasing Manager,Aliside,UK,Retail,Manufacturing,2022-04-18,86589.15
CSWPA,Ward-Wright,Marie Miller-Ali,Marketing Manager,New Katherineberg,UK,Small Business,Retail,2025-04-29,236893.69
BSMYQ,Zingg GmbH,Tamara Gasser Wirth,VP of Purchasing,Arth,Switzerland,Retail,Transportation,2019-12-07,43477.97
NOGJI,Dube LLC,Tristan Goswami,VP of Purchasing,Bhind,India,Small Business,Education,2024-09-08,46887.45
HRJSI,Arellano Ltd,David Gallagher,Sales Associate,West Monica,Canada,Corporate,Agriculture,2019-02-19,361307.15
CBIBW,Bonbach,Sofia Heydrich-Ritter,Owner,Bad Kissingen,Germany,Small Business,Construction,2023-08-02,27722.8
HMTQJ,Leclercq,Geneviève-Jeannine Ribeiro,Sales Representative,Gaudin-sur-Mer,France,Corporate,Agriculture,2022-02-06,745210.13
HVVDP,Hallberg AB,Thomas Palm,Logistics Coordinator,Falun,Sweden,Wholesale,Construction,2024-11-09,358110.19
WPAGN,"Williams, Cook and Griffin",Donald Williams,Owner,Shanemouth,USA,Corporate,Hospitality,2020-08-22,553358.58
WBFVN,Kruschwitz Freudenberger AG & Co. OHG,Univ.Prof. Samuel Anders,Supply Chain Manager,Plauen,Germany,Retail,Technology,2025-01-08,234403.08
NXVOJ,Gautier,Paul Lombard,Sales Representative,Foucher,France,Small Business,Transportation,2018-03-17,53093.32
OERID,"Warner, Barnes and Watson",Kate Marsh,Logistics Coordinator,Greentown,UK,Small Business,Education,2019-01-25,208774.4
IFVUB,Padilla-Wallace,Michael Thompson,Procurement Specialist,South Jenniferstad,USA,Small Business,Hospitality,2024-11-21,92278.91
EHJCM,長谷川食品合同会社,池田 晃,Logistics Coordinator,横浜市栄区,Japan,Small Business,Retail,2018-08-15,150160.02
YZFVD,Gnatz GmbH & Co. KG,Raisa Rosemann,Supply Chain Manager,Beeskow,Germany,Small Business,Technology,2018-01-29,159130.72
ZIPOU,Werner Thies AG,Giuseppe Dörschner,Logistics Coordinator,Fulda,Germany,Corporate,Food & Beverage,2024-06-19,555652.68
MPNGY,Ferreira Rezende e Filhos,Joana Macedo,Logistics Coordinator,Andrade dos Dourados,Brazil,Small Business,Hospitality,2020-02-13,177546.58
KNXEH,Brito,Esther Cardoso,Accounting Manager,Peixoto de Novaes,Brazil,Wholesale,Agriculture,2018-05-16,587947.27
TXRSP,Walters-Wright,Mrs Megan King,Operations Manager,North Johnfurt,UK,Corporate,Education,2020-02-27,832690.95
ISJNY,주식회사 백제,김정순,Logistics Coordinator,서산시,South Korea,Corporate,Construction,2018-11-21,98775.02
LPTPX,Bailey-Pace,Jessica Hunter,VP of Purchasing,Calebside,USA,Wholesale,Retail,2020-03-31,241948.8
QXLCA,Câmara e Filhos,Sr. Yago Fogaça,Order Administrator,Teixeira de Goiás,Brazil,Wholesale,Agriculture,2024-10-24,241955.31
YVUUF,Pilz & Kaspar AG,Jan Kral,Operations Manager,Bad Ischl,Austria,Wholesale,Retail,2018-06-12,404227.41
NCSQF,Roskoth Rust AG,Hans-Uwe Rudolph,Procurement Specialist,Pößneck,Germany,Small Business,Technology,2018-06-10,212985.71
CGZMO,"Hughes, Gonzales and Baker",Stephanie Ferrell,Accounting Manager,Heatherberg,USA,Retail,Education,2023-05-16,146227.25
AURWV,주식회사 제나시스템즈,한현준,Supply Chain Manager,고양시 일산서구,South Korea,Small Business,Retail,2018-02-26,209181.66
PJDWY,Marin,Michelle Thierry,Supply Chain Manager,Daniel,France,Corporate,Education,2020-06-16,134958.76
INTTM,Distribuciones del Levante S.L.L.,Jose Manuel Garcia Pino,Logistics Coordinator,Córdoba,Spain,Corporate,Education,2018-12-22,235400.93
ATDGP,田中農林有限会社,田中 あすか,Owner,東久留米市,Japan,Corporate,Agriculture,2019-05-27,169367.71
MDWJG,Câmara Vieira S.A.,Lucas Brito,Sales Associate,Albuquerque,Brazil,Corporate,Food & Beverage,2023-07-11,705580.22
NCNDH,Bradshaw Ltd,Mrs Eleanor Smith,Owner,Dennisbury,UK,Retail,Manufacturing,2018-02-08,56983.47
KXYUN,Blanc S.A.R.L.,Simone Vasseur,Marketing Manager,Chauvet,France,Small Business,Technology,2024-12-13,39265.92
FJSKG,Stiebitz Käster GmbH & Co. KG,Norma Rose,Order Administrator,Hildburghausen,Germany,Corporate,Construction,2024-06-04,107335.96
IIWTZ,Miller PLC,Patricia Collins,Purchasing Manager,Williamsbury,USA,Small Business,Manufacturing,2021-02-21,115338.88
QWVGM,Salinas Ltd,Jacob Meyer,Sales Representative,West Stevenmouth,USA,Small Business,Hospitality,2024-09-01,29809.19
KRBDN,"Wright, Winter and Williams",Debra Gray,Marketing Manager,Lake Georgina,UK,Small Business,Retail,2018-01-17,116949.25
OKTJA,Johansson AB,Lova Lindquist,Marketing Manager,Västerås,Sweden,Corporate,Agriculture,2020-08-22,128096.46
GVRBX,Transportes ATEF S.A.,Cloe Pera Márquez,Supply Chain Manager,Toledo,Spain,Retail,Transportation,2022-05-30,239930.41
XIWQH,Pearce-Hall,Jake Campbell,Accounting Manager,South Suzannehaven,UK,Corporate,Education,2018-05-02,965167.83
RODZA,Christensen LLC,Karen Cannon,Sales Representative,North Amy,USA,Small Business,Healthcare,2020-10-24,108444.07
NCQRL,Peter & Söhne,Ela Ferrari-Zimmermann,Procurement Specialist,Montreux,Switzerland,Wholesale,Healthcare,2025-03-16,454183.81
YOOBM,Bernetti-Cafarchia e figli,Sandro Cutuli,Accounting Manager,San Valentino Della Collina,Italy,Government,Construction,2018-05-28,1290722.74
AENTH,合同会社山本鉱業,高橋 京助,Supply Chain Manager,四街道市,Japan,Small Business,Manufacturing,2019-11-21,218436.35
JWGVI,Mallick-Sur,Siddharth Deep,Logistics Coordinator,Amritsar,India,Retail,Retail,2021-02-27,212235.28
GFQLO,Ray-Page,Megan Fitzgerald,Procurement Specialist,East Barryborough,USA,Retail,Hospitality,2025-05-02,190601.95
VUTAH,Maidana-Ledesma,Elena Valentino Benitez,Marketing Manager,Formosa,Argentina,Small Business,Agriculture,2024-05-16,225780.74
FMQJN,Grenier Henry S.A.,Élise Dupont,Logistics Coordinator,Gaudin,France,Corporate,Technology,2018-09-14,319766.45
AGGAA,Rousseau,Jeannine Delaunay,Purchasing Manager,Bernard,France,Retail,Education,2023-02-11,52285.34
WZEDD,Hermanos Gual S.L.N.E,Jessica Segura Pagès,Accounting Manager,Palencia,Spain,Wholesale,Food & Beverage,2018-09-20,694776.53
WWGCA,"Walker, Tate and Sutton",Wanda Davis,VP of Purchasing,South Kennethton,USA,Small Business,Transportation,2024-06-13,37817.87
HASMP,Jackson PLC,Elizabeth Curtis,Logistics Coordinator,West Louisside,UK,Corporate,Construction,2024-02-26,254336.9
ZGOBQ,Bibi Group,Sharon Swift,Logistics Coordinator,North Samantha,UK,Small Business,Hospitality,2021-08-25,238914.12
DHYAS,Grupa Bazylewicz-Kacperek s.c.,pani Marika Kudłacik,Procurement Specialist,Ostrów Mazowiecka,Poland,Small Business,Technology,2024-07-28,245826.08
OFECM,Håkansson HB,Anna Karlsson,Accounting Manager,Östersund,Sweden,Wholesale,Retail,2020-09-16,234969.14
XQFKC,Perkins-Maxwell,Elizabeth Johnson,Supply Chain Manager,Myersborough,USA,Corporate,Healthcare,2023-02-18,340204.82
CJBAO,Silva Câmara - EI,Manuella Albuquerque,Operations Manager,Ramos das Flores,Brazil,Government,Retail,2019-04-03,206572.04
UAIUK,Egger AG,Harald Lüthi,Sales Associate,Brugg,Switzerland,Wholesale,Hospitality,2020-03-19,439149.9
YPAMP,Scott Group,Tamara Rodgers,Owner,Josephberg,USA,Corporate,Transportation,2018-10-05,281225.26
UZALP,"Baker, Woods and Nolan",Louis Wells,Purchasing Manager,Lake Brendachester,UK,Corporate,Food & Beverage,2019-02-08,671631.07
CFVOT,Ramsey Ltd,Kyle Fleming,Operations Manager,Jeffreyside,USA,Retail,Technology,2020-07-16,126425.49
AVIXU,Clay Ltd,Virginia Valentine,Logistics Coordinator,West Elizabeth,USA,Small Business,Hospitality,2020-09-25,249704.44
EVZMA,Walker LLC,Tiffany Johnson,Accounting Manager,North Christian,USA,Small Business,Technology,2024-04-02,18179.43
VTHUX,"Mariën, Heylen en Goossens CV",Jozef Thys,Sales Representative,Tertre,Belgium,Small Business,Hospitality,2023-01-22,163746.72
IFPTD,Rivera-Chavez,Stephanie Salinas,Logistics Coordinator,Jennifermouth,USA,Retail,Food & Beverage,2025-02-04,147918.56
VUMEQ,Morgan-Williams,Damian Scott,Marketing Manager,Lisafurt,UK,Government,Technology,2024-12-23,1318950.31
CXMCM,"O'Donnell, Palmer and Gough",Ms Olivia Clarke,Accounting Manager,West Mitchell,UK,Wholesale,Food & Beverage,2020-10-09,728620.72
HIRPJ,合同会社中村通信,山口 花子,Sales Associate,香取郡神崎町,Japan,Corporate,Hospitality,2023-09-13,150985.6
IYPVE,Corporacin Nieto-Velásquez,Leonel Madrid,Sales Associate,San Dulce de la Montaña,Mexico,Small Business,Technology,2024-05-24,248375.09
TUXGO,株式会社山田食品,伊藤 康弘,Procurement Specialist,大島町,Japan,Government,Retail,2022-05-30,506398.43
BANIG,Hethur AG & Co. KGaA,Betti Hörle-Birnbaum,Procurement Specialist,Stadtsteinach,Germany,Wholesale,Transportation,2022-01-30,620126.67
COOMQ,da Cruz Vieira S.A.,Bruna da Rosa,Supply Chain Manager,das Neves do Oeste,Brazil,Corporate,Technology,2023-05-21,335736.76
OSNVX,Chavez Group,Randy Perez,Marketing Manager,North Amandaville,USA,Small Business,Retail,2021-09-18,209233.4
ZHGLL,"Nosiglia, Desio e Civaschi SPA",Nanni Vezzali,Owner,Andreotta,Italy,Small Business,Hospitality,2018-09-10,59880.35
KHESA,Hollaus & Jovanovic AG,Jan Sulzer,Purchasing Manager,Frohnleiten,Austria,Retail,Healthcare,2021-03-30,187152.68
YDAXA,Poirier,Zacharie-Victor Potier,Marketing Manager,RousseauBourg,France,Wholesale,Food & Beverage,2021-09-22,69195.64
NGHSK,"Hanna, Kane and Peck",Melissa Jenkins,Marketing Manager,Nancyberg,USA,Small Business,Construction,2019-09-02,6183.17
OUZDD,Martins,Caroline Oliveira,Owner,Guerra Alegre,Brazil,Corporate,Hospitality,2021-01-18,415258.94
QVDMY,Sidhu Inc,Arya Bhatia,Logistics Coordinator,Raurkela Industrial Township,India,Wholesale,Agriculture,2024-02-10,710176.44
LSBAU,Randolph-Brown,Holly Banks,Order Administrator,North Anthonyberg,Canada,Small Business,Hospitality,2021-08-17,235986.67
OMGGB,Dahlgren & Björk HB,Erika Malm,Supply Chain Manager,Helsingborg,Sweden,Wholesale,Construction,2021-03-10,398411.24
GDCVY,伊藤通信合同会社,藤田 修平,Purchasing Manager,八丈島八丈町,Japan,Retail,Agriculture,2020-12-25,221183.22
ROJGN,"Garner, Hughes and O'Brien",Sandra Blake,Supply Chain Manager,Johnsonstad,UK,Retail,Manufacturing,2023-04-26,41769.9
QURBF,"Rowe, Thompson and Le",Charlotte Barber,Marketing Manager,Bowersstad,USA,Corporate,Technology,2018-12-16,78472.76
YPGPS,Morgan-Parsons,Mr Terence Bray,Sales Associate,Lake Hazel,UK,Small Business,Retail,2023-10-11,180447.94
OGQAD,Perez-Gilbert,Lindsey Thompson,Procurement Specialist,Michaelfort,USA,Retail,Agriculture,2023-03-07,42290.85
FLXHA,Casey and Sons,Jay Miller,Sales Associate,Teresafort,USA,Corporate,Agriculture,2020-12-22,379318.09
MRXMU,유한회사 가온테크,조주원,Order Administrator,부천시 소사구,South Korea,Small Business,Healthcare,2023-09-24,105838.53
YILAC,Gallegos and Sons,Brett Henry,Supply Chain Manager,South Cory,USA,Corporate,Agriculture,2022-10-31,952896.88
IORYQ,Novais Rocha - EI,Emilly Santos,VP of Purchasing,Monteiro,Brazil,Retail,Education,2022-12-29,143292.9
WKWBP,"Williams, Goddard and Smith",Dr Reece Jones,Marketing Manager,Angelaview,UK,Corporate,Technology,2018-12-25,437978.58
DGDCC,Petty and Sons,Dr. Brenda Martin,Logistics Coordinator,Lake Danielport,USA,Retail,Healthcare,2019-11-26,245984.25
TYLJD,Reed Ltd,Kylie Love,VP of Purchasing,East Jessica,USA,Retail,Agriculture,2020-08-26,180255.88
TLIYU,Bennett PLC,Gail Watson MD,Logistics Coordinator,Allenfort,USA,Retail,Manufacturing,2024-06-24,81453.86
ZHEDL,Jones Ltd,Anthony Sanders,Marketing Manager,Hillbury,Australia,Retail,Manufacturing,2018-01-18,98790.74
CCGJS,Jauk & Hammer KG,Philip Falkner-Rottensteiner,VP of Purchasing,Feldkirchen,Austria,Retail,Manufacturing,2018-02-07,125495.43
GOKMK,"Jones, Hampton and Thompson",Katie Mitchell,Sales Representative,Perezfort,USA,Corporate,Education,2022-12-03,769019.18
DLYKZ,Bhatnagar-Murthy,Vamakshi Bath,Procurement Specialist,Imphal,India,Small Business,Technology,2019-11-20,177380.13
JSKDD,Gertz KGaA,Hans-Erich Christoph,Purchasing Manager,Weißwasser,Germany,Retail,Construction,2020-01-03,220433.66
KONVU,Waardeloo NV,Femke Bekbergen,Accounting Manager,Yde,Netherlands,Small Business,Hospitality,2024-12-29,167285.91
QJAZC,Johnston Group,Christine Morris,Procurement Specialist,Howardburgh,Canada,Small Business,Construction,2018-06-14,123426.29
DGWVH,Barker Inc,Chloe Williams-Steele,Accounting Manager,North Brendafort,UK,Wholesale,Technology,2018-09-21,422070.72
DIQVP,Klausen & Søn A/S,Hjalte Petersen,Order Administrator,Kettinge,Denmark,Corporate,Manufacturing,2023-08-20,596090.45
ZRHHV,Bullock-Oliver,Keith Gibson,Purchasing Manager,New Stephaniefort,USA,Corporate,Construction,2019-08-14,518404.74
ONMAR,Simmons Group,Robert Galloway,Marketing Manager,East Samuel,USA,Small Business,Education,2020-12-01,170906.21
NWUSN,Sbarbaro Group,Sig.ra Sonia Verdi,Accounting Manager,Segariu,Italy,Small Business,Technology,2020-08-22,136525.88
KWAWV,"Hallissey, MacCarthy and Guilfoyle",Tiernan Cuddihy,Owner,Ailis Ville,Ireland,Corporate,Retail,2019-05-31,824418.66
FTCSG,Steinberg,Clarissa Heintze,Owner,Dinslaken,Germany,Corporate,Technology,2018-05-06,98409.82
YLVGD,Willis LLC,Patricia Tucker,Logistics Coordinator,Nelsonport,Canada,Wholesale,Agriculture,2022-03-22,304161.65
FBSCL,Garcia,Adriana Torres,Supply Chain Manager,Abrantes,Portugal,Small Business,Food & Beverage,2019-01-19,24644.57
AAHYV,Ruy Medina Mendoza S.Coop.,Leonor Quero Martorell,Marketing Manager,Palencia,Spain,Corporate,Transportation,2021-05-17,760161.61
MQKUC,Dyer-Davis,Janice Bailey,VP of Purchasing,West Michaelaton,Canada,Wholesale,Retail,2018-03-05,576405.72
RQTBN,Iversen ASA,Dr. Nils Eliassen,Purchasing Manager,Kristinevær,Norway,Small Business,Manufacturing,2020-11-22,212123.25
VIJAD,"Industrias Polanco, Escamilla y Rivera",Arcelia Carmona,Marketing Manager,San Citlali los altos,Mexico,Retail,Education,2023-03-20,59746.93
SAXOR,Duarte Costela S/A,Sra. Nina Silveira,Operations Manager,Cavalcanti,Brazil,Small Business,Food & Beverage,2020-10-04,120560.09
PBFCK,Cusano e figli,Lucia Foa,Sales Associate,Torino Di Sangro Stazione,Italy,Corporate,Agriculture,2020-03-31,155514.79
ZEXRW,Castaneda PLC,Joseph Horn,Supply Chain Manager,Cherylstad,Canada,Small Business,Technology,2024-11-30,66571.98
DFIFL,Descamps,Jeanne Léger,Sales Associate,Chrétien,France,Small Business,Hospitality,2019-12-18,225419.22
UORSJ,Mcgee-Parker,Benjamin Mosley,Order Administrator,South Ashleyshire,USA,Small Business,Agriculture,2019-11-01,12712.07
GWFTF,"Sanchez, Thornton and Hodge",Jerry Perez,Sales Associate,Natalieview,USA,Retail,Retail,2018-02-17,242718.08
PUJRJ,"Copeland, Lyons and Jackson",Kevin Mason,Order Administrator,New Jennifer,USA,Wholesale,Manufacturing,2023-06-04,313847.82
KLRBQ,Bruneau Laroche S.A.S.,Laetitia de Menard,Purchasing Manager,Duval,France,Corporate,Education,2025-04-01,712132.39
YCBDK,"Kristensen, Berntsen og Andreassen",Dr. Eirik Lien,Accounting Manager,Emmahamn,Norway,Wholesale,Technology,2020-04-04,77707.23
AFBYV,Olivier,Thomas Lacombe du Lemaître,Procurement Specialist,Georges,France,Wholesale,Retail,2023-12-31,229500.24
TCNFD,Villarreal and Sons,Adam Turner,Procurement Specialist,Charlesfurt,USA,Retail,Agriculture,2024-12-17,21159.81
HCLVB,Cummings and Sons,Samantha Thomas,Owner,Danielville,USA,Small Business,Healthcare,2019-07-13,16478.43
XJSTS,Cook-Long,Michael Myers,Sales Associate,Brandifort,USA,Government,Technology,2025-03-23,1454538.76
RYWGO,"Case, Arellano and Miller",Colleen Jones,Purchasing Manager,Angelaborough,USA,Corporate,Food & Beverage,2019-12-11,829176.11
HMGZM,Koninklijke de Keijzer,Berend Dubois-Nedermeijer,Supply Chain Manager,Westerbork,Netherlands,Wholesale,Hospitality,2022-02-16,257041.54
ITXCO,Dyer LLC,Cheryl Russell,Purchasing Manager,North Michaela,USA,Retail,Transportation,2019-06-18,85731.37
GJONI,Carter-Baker,Brian Turner,Accounting Manager,Kleinchester,USA,Corporate,Food & Beverage,2021-10-12,774305.87
MFJDU,Anaya y Antúnez S.Coop.,Olimpia Chico Lozano,Sales Associate,Valladolid,Spain,Wholesale,Education,2022-05-14,584483.86
MDJLA,Fliegner e.V.,Marko Spieß,Marketing Manager,Mayen,Germany,Corporate,Agriculture,2024-08-30,490653.01
UTMZT,Mohaupt GbR,Alfredo Jacobi Jäckel B.A.,Operations Manager,Bayreuth,Germany,Government,Food & Beverage,2019-03-01,511374.76
HFAEL,Rousseau,Édouard Vaillant,Purchasing Manager,Guyot-sur-Briand,France,Wholesale,Agriculture,2020-12-05,638840.21
RJEEG,有限会社前田銀行,田中 京助,Sales Associate,府中市,Japan,Government,Technology,2025-06-13,1964403.83
ENHBK,주식회사 가람,김승민,Accounting Manager,부천시,South Korea,Corporate,Transportation,2019-08-13,670067.52
FMBVF,Hein AG,Dr. Ferdi Lange MBA.,Order Administrator,Bergzabern,Germany,Corporate,Agriculture,2023-07-03,968550.38
KDPFN,Steckel GmbH & Co. KG,Gretel Atzler MBA.,Logistics Coordinator,Diepholz,Germany,Small Business,Transportation,2023-10-25,153808.46
RAGXN,Schmidt,Nevenka Jopich,Sales Associate,Wolgast,Germany,Small Business,Healthcare,2018-06-05,48209.4
UUGJA,山崎建設株式会社,太田 健一,Procurement Specialist,横浜市青葉区,Japan,Retail,Construction,2019-09-24,194140.7
PTYIW,Coulon,Georges Leroy,Sales Associate,Dupuy,France,Retail,Food & Beverage,2023-05-16,81996.3
TKBMP,株式会社高橋食品,鈴木 裕美子,Operations Manager,横浜市中区,Japan,Small Business,Education,2023-07-23,89344.17
WPWGU,Davis Ltd,Christopher Robles,Accounting Manager,Brettstad,USA,Corporate,Retail,2018-06-10,503014.03
TDSES,Jensen & Pettersson HB,Nadja Jonsson,Sales Representative,Sundsvall,Sweden,Retail,Retail,2024-03-07,123125.61
BMJXL,Rodriguez-Buchanan,Shannon Frost,Purchasing Manager,South Michaelside,USA,Retail,Hospitality,2019-09-15,108618.92
HQOCG,Moore-Byrd,Gina Brennan,Procurement Specialist,East Ericton,USA,Small Business,Agriculture,2024-01-06,62008.79
YVYAP,Zänker,Hanne-Lore Kreusel,Sales Representative,Waren,Germany,Corporate,Retail,2019-11-29,759533.49
ZUAZX,"Fannon, Jackman and Purcell",Vincent Gilmartin,Sales Representative,Katie-Louise Ville,Ireland,Government,Manufacturing,2023-12-15,1041365.75
KABMX,Anderson Inc,Barbara Ellis,Owner,East Heidiside,USA,Retail,Hospitality,2021-02-12,103015.22
XBIAA,"Mendez, Caldwell and Macdonald",Jordan Williams,Supply Chain Manager,Carterton,USA,Corporate,Retail,2023-12-24,442605.38
GHPWW,Joseph Fernandes SARL,Théodore Legendre,Operations Manager,Deschamps-sur-Lemonnier,France,Corporate,Manufacturing,2020-08-29,793393.76
GOOYA,Junck,Istvan Dobes,Sales Associate,Eisenach,Germany,Wholesale,Education,2019-01-24,213579.43
JSVOC,Dougherty-Goodman,Justin White,Supply Chain Manager,West Mercedesberg,USA,Corporate,Construction,2019-01-31,263623.01
ETEWE,Schmitt,Margot Pottier,Supply Chain Manager,Maury,France,Corporate,Technology,2024-08-03,261098.24
HUVBV,"Espinosa, Esquivel y Abreu",Dr. Eloy Longoria,Logistics Coordinator,San Hermelinda los bajos,Mexico,Small Business,Technology,2024-07-28,163241.01
LEQJF,Hermanos Vallés S.L.L.,Liliana Muro Albero,Operations Manager,Lleida,Spain,Corporate,Construction,2018-02-26,404953.01
AWLVK,Dubois Besson S.A.S.,Claude Pottier,Operations Manager,Guérin,France,Retail,Technology,2022-08-03,212389.44
BASCY,Lopez-Maldonado,Marcus Mckee MD,Sales Representative,East Stacey,USA,Small Business,Retail,2022-06-24,50611.84
JVHVQ,Gutierrez-Adams,Jonathan Flores,Accounting Manager,East Rhonda,USA,Corporate,Construction,2022-04-02,918176.25
EEYGE,Barnes Group,Bradley Pacheco,Sales Representative,North Destiny,Canada,Corporate,Hospitality,2022-04-17,88700.15
XUIZC,Despacho Macias S.A.,Ángela Reguera Gil,Logistics Coordinator,Burgos,Spain,Corporate,Education,2022-06-07,319495.91
RAWPV,Pignatti-Giannini s.r.l.,Ronaldo Cossiga,Procurement Specialist,Savogna,Italy,Corporate,Healthcare,2019-04-17,642592.55
GWHGX,"Minhas, Gole and Basak",Krishna Borra,Supply Chain Manager,Rampur,India,Small Business,Food & Beverage,2022-09-03,203902.2
OTZFD,Lucas PLC,Cory Cummings,Accounting Manager,Lake Amanda,USA,Wholesale,Hospitality,2024-05-19,142226.92
LIPIW,Nelson PLC,Courtney Foley,Supply Chain Manager,Port Dawnburgh,Canada,Small Business,Food & Beverage,2024-05-16,33886.58
MFMIJ,Herring and Sons,Jacqueline Phillips,Sales Representative,Lake Nathanberg,USA,Corporate,Food & Beverage,2024-07-08,414734.24
WQOXI,"Butler, Porter and Morales",Ashley Aguilar,Purchasing Manager,Joseside,Canada,Small Business,Retail,2018-06-10,101903.19
FMGKY,Zhang-Brady,Megan Williams,Accounting Manager,Thompsonhaven,USA,Small Business,Retail,2024-11-10,168606.05
XGCXS,Pichon,Valentine de la Bouvier,Supply Chain Manager,Milletnec,France,Small Business,Transportation,2022-10-12,203119.63
APRWX,Bautista-Ross,Patrick Larson,Order Administrator,East Kenneth,USA,Retail,Manufacturing,2019-05-09,19965.68
CJFIA,"Thomas, Conrad and Stokes",Corey Smith,Purchasing Manager,North Justinview,USA,Corporate,Retail,2021-12-26,145349.14
HRBWM,Lerma-Ruelas,Ing. Bruno Bustamante,Supply Chain Manager,San Sessa los bajos,Mexico,Small Business,Retail,2019-02-24,68927.44
DSGDZ,Chapman-Wheeler,Laura Rose,Procurement Specialist,New Holly,Canada,Small Business,Manufacturing,2018-10-31,158929.23
SOCEY,株式会社伊藤電気,加藤 さゆり,Owner,西多摩郡奥多摩町,Japan,Small Business,Agriculture,2018-01-06,123360.12
MJOZW,Bailey and Sons,Kimberly Lee,Sales Representative,Lopezville,USA,Small Business,Agriculture,2018-01-11,110349.6
WYEMO,"Williams, Pacheco and Nelson",Stephanie Pierce,Accounting Manager,West Angelaburgh,USA,Retail,Manufacturing,2024-12-06,19045.86
QUJNE,Ribeiro Vasconcelos - EI,Ana Liz Araújo,Logistics Coordinator,Gonçalves de Nascimento,Brazil,Small Business,Education,2023-03-25,176370.33
MKETG,Carson Group,Shannon Thompson,Operations Manager,Port Emily,Australia,Corporate,Construction,2024-08-13,789972.71
YWQIJ,Hamann GmbH & Co. KGaA,Univ.Prof. Annett Pärtzelt,Supply Chain Manager,Sigmaringen,Germany,Small Business,Agriculture,2018-11-09,43960.87
JTNJU,"Richmond, Gentry and Brady",Cassandra Gibson,VP of Purchasing,South Andrea,USA,Small Business,Manufacturing,2025-03-26,114569.42
ETWQC,Abreu S/A,Eduardo Ribeiro,Sales Representative,Costa,Brazil,Wholesale,Healthcare,2024-09-29,693492.14
OEAAS,"Lynch, Garcia and Fernandez",Tricia Bailey,Sales Associate,South Jillian,USA,Small Business,Transportation,2023-06-17,14740.58
AXXVB,Rädel GmbH & Co. KGaA,Mercedes Wieloch,Supply Chain Manager,Luckenwalde,Germany,Small Business,Healthcare,2025-02-20,50352.33
HBSPB,Teixeira,Brigitte Gilles,Purchasing Manager,Sainte Olivie,France,Small Business,Healthcare,2022-09-18,95830.21
QDHMC,Petersen-Jackson,Taylor Mills,Supply Chain Manager,Johnland,USA,Corporate,Food & Beverage,2022-08-28,710086.44
ANLRI,auch Schlauchin Martin GmbH & Co. KG,Hermann-Josef Paffrath,Accounting Manager,Jessen,Germany,Small Business,Technology,2025-04-08,208583.6
ZWKFN,Riley-Ferguson,Michael Bell,Order Administrator,Thompsontown,USA,Corporate,Construction,2025-06-04,359286.2
FLLLD,Boutin Michaud S.A.R.L.,Noémi Joubert,Marketing Manager,Salmon-les-Bains,France,Government,Healthcare,2022-08-02,1967773.7
UCQUG,(주) 글로벌보람정보통신,강예준,Logistics Coordinator,동두천시,South Korea,Corporate,Technology,2020-07-28,334686.77
SKHVD,Nygård ASA,Britt Pedersen-Pettersen,Logistics Coordinator,Turidnes,Norway,Corporate,Retail,2023-07-14,490725.91
KJYXT,Industrias Zúñiga-Altamirano,Gabriel Roldán,Sales Associate,Vieja Mali,Mexico,Retail,Healthcare,2022-06-04,198559.58
EZVWV,Brown-Kim,Kari Hart,Operations Manager,Parkerfort,Canada,Small Business,Education,2019-11-29,29521.26
ACWQO,Rodrigues,Larissa Guerra,Sales Representative,Barbosa do Galho,Brazil,Corporate,Retail,2019-06-14,89117.55
OLGGT,"Pham, Boone and Rodriguez",Dylan Ellis,Sales Representative,Jamieshire,USA,Corporate,Education,2022-01-08,456980.61
FVOLT,"Dean, Palmer and Russell",Stephen Pritchard,Owner,Markburgh,UK,Corporate,Manufacturing,2022-12-20,784075.33
FVDOB,Kreusel,Gottlieb Geißler,Logistics Coordinator,Backnang,Germany,Small Business,Healthcare,2019-03-25,131350.84
GQZAI,Woodward Inc,Dylan Guzman,Procurement Specialist,North Maryburgh,Australia,Retail,Education,2020-01-11,123018.65
EKHIP,Iversen RFH,Vilde Eriksen,Owner,Jorunnsjøen,Norway,Wholesale,Food & Beverage,2022-04-18,446624.51
NGLHW,Golden Inc,Eric Briggs,VP of Purchasing,New Brooke,USA,Small Business,Hospitality,2021-07-20,76932.0
YNHLK,Lenoir SARL,Inès Garcia,Sales Associate,Cohen,France,Corporate,Transportation,2023-11-28,851079.28
JKXWD,Blomqvist Tmi,Marjatta Peltoniemi,Sales Associate,Isojoki,Finland,Wholesale,Technology,2022-06-09,426253.2
ZBRWC,Frutos & Asociados S.L.N.E,Gala Marco Caballero,Order Administrator,Vizcaya,Spain,Wholesale,Construction,2022-03-28,439158.7
DMSOC,Moen-Sandvik & co.,Bjørg Kristensen,Procurement Specialist,Gunnvåg,Norway,Small Business,Food & Beverage,2021-08-06,175888.56
VKHGK,Casanova S. R.L. de C.V.,Cynthia Pedroza,Sales Associate,Nueva Burkina Faso,Mexico,Corporate,Food & Beverage,2022-09-24,266498.94
GLNFK,Patterson Ltd,David Ellison,VP of Purchasing,Stephanieview,USA,Small Business,Healthcare,2018-12-26,10452.03
SXDYE,Beyer,Janett Höfig-Stadelmann,Sales Representative,Lüneburg,Germany,Small Business,Transportation,2022-03-09,228250.02
UPULQ,"Noriega, de Anda y Madera",José María Collado Castro,Sales Associate,Vieja Jamaica,Mexico,Small Business,Agriculture,2022-08-01,191182.24
VBMFK,遠藤鉱業有限会社,藤田 さゆり,Accounting Manager,川崎市中原区,Japan,Government,Retail,2024-05-29,1423113.61
WNMKT,合同会社佐藤建設,福田 充,Order Administrator,羽村市,Japan,Wholesale,Education,2020-03-18,639916.38
QODDL,Perez LLC,Santino Nicolas Sanchez,Accounting Manager,Corrientes,Argentina,Small Business,Agriculture,2023-02-18,108533.92
CWRLK,小林建設合同会社,中村 加奈,Marketing Manager,横浜市港北区,Japan,Corporate,Food & Beverage,2024-03-05,774409.77
EYRWM,Reinhardt GbR,Adolfine Niemeier,Supply Chain Manager,Dessau,Germany,Small Business,Agriculture,2020-02-26,210629.82
ZVYMO,"Bailey, Garcia and Miles",Linda Smith,Sales Associate,South David,USA,Wholesale,Healthcare,2019-05-21,585145.89
CTXNV,Arias Inc,Peggy Young,Accounting Manager,Lake Tara,USA,Small Business,Retail,2021-09-15,104280.16
ASPRR,Clements-Wilkinson,Harry Richards,Purchasing Manager,Francesmouth,UK,Government,Healthcare,2022-02-25,1919518.42
ZPAHU,Farrell Ltd,Chloe Davies-Ward,Supply Chain Manager,Oliverfurt,UK,Retail,Transportation,2018-11-13,11562.09
EQVLA,Junken,Ing. Lotti Caspar MBA.,Accounting Manager,Bautzen,Germany,Retail,Agriculture,2020-07-08,44789.49
GXTHU,Smythe Ltd,Jonathan MacCartan,Owner,Phillip Ville,Ireland,Government,Hospitality,2021-05-27,985225.99
KNYKJ,Melo,Luiz Otávio Porto,VP of Purchasing,Fogaça,Brazil,Corporate,Healthcare,2023-10-15,693910.79
QPTXB,Williams-Hill,Sean Clark-Pearson,Sales Associate,Baldwinshire,UK,Government,Manufacturing,2020-04-01,1776720.26
SDWNI,"Stevens, Green and Boone",Amanda Hall,Marketing Manager,East Jameshaven,Canada,Retail,Food & Beverage,2019-08-20,33037.22
PEQBW,Russo Inc,Cynthia Newman,Marketing Manager,South Sharon,USA,Corporate,Agriculture,2021-11-05,79873.2
WWLKN,Proyectos Valdés-Barreto,Delia Mauro Tórrez Roldán,Supply Chain Manager,Nueva Guinea Ecuatorial,Mexico,Retail,Agriculture,2024-03-14,47594.05
HHNTA,YoungCapital,Merle Dekker,Owner,Melderslo,Netherlands,Small Business,Agriculture,2019-05-12,129372.38
IOQMH,Holt-Ortiz,Christy Murphy,Purchasing Manager,South Lisa,Canada,Small Business,Food & Beverage,2023-11-17,108630.68
CPXWE,Garcia PLC,Heather Jennings,Operations Manager,West Joshua,Canada,Small Business,Retail,2020-11-10,8811.22
DAQLQ,Moss Group,Taylor Vargas,Sales Representative,Chapmanland,USA,Retail,Technology,2025-05-25,52681.49
GHIPQ,주식회사 신라랩스,최춘자,Sales Representative,서천군,South Korea,Small Business,Education,2023-12-13,249588.36
WXCAT,松田印刷株式会社,池田 和也,VP of Purchasing,浦安市,Japan,Retail,Retail,2021-12-27,78072.87
JKACY,Rosado-Gil S. R.L. de C.V.,Óscar González Molina,Marketing Manager,Nueva Turkmenistán,Mexico,Small Business,Healthcare,2018-08-21,7193.96
GLVYB,Ribeiro,Lavínia da Paz,Supply Chain Manager,Rezende,Brazil,Small Business,Transportation,2020-03-17,5188.44
HJDTR,太极信息有限公司,谢丽丽,Owner,张家港县,China,Small Business,Healthcare,2020-06-18,176108.29
NCNLJ,Rudolph,Norma Pölitz,Accounting Manager,Paderborn,Germany,Government,Healthcare,2023-07-24,1760037.52
HWNDJ,Grupo Clemente S.A.,Joaquina Benavent-Cervantes,Logistics Coordinator,Melilla,Spain,Small Business,Transportation,2022-01-19,65948.57
YKDFD,Schlosser,Tanja Butte MBA.,Sales Associate,Hohenmölsen,Germany,Corporate,Technology,2023-08-17,816457.32
QNHBJ,"Evans, Sheppard and Schaefer",Rachel Norton,Accounting Manager,South Tyler,Canada,Small Business,Transportation,2024-07-19,242108.7
RETYE,Öhman & Zhang AB,Cecilia Engman,Procurement Specialist,Borås,Sweden,Small Business,Retail,2021-12-16,240505.27
DJKZY,Sá,Zoe Camargo,Supply Chain Manager,Oliveira,Brazil,Small Business,Retail,2019-11-04,51340.23
PPXPV,Lee-Francis,Mrs Claire Rahman,Supply Chain Manager,Port Stuart,UK,Retail,Construction,2021-05-03,198825.75
GIOMZ,"Williams, Stewart and Castro",Jay Clark,Procurement Specialist,Christophermouth,Australia,Small Business,Transportation,2023-07-31,115480.25
XLHGN,"Potter, Webster and Marshall",Patricia Caldwell,Owner,East Emily,USA,Small Business,Manufacturing,2018-02-24,224327.14
CFNET,Consultoría MEAX S.Coop.,Juana Meléndez-Cañizares,Purchasing Manager,Huelva,Spain,Corporate,Retail,2018-11-28,432328.39
XHBZS,"Simmons, Berry and Vaughn",Joseph Garcia,Sales Associate,North Justinton,USA,Corporate,Construction,2024-08-03,738157.86
YHQFA,Engen og Sønner,Leif Johansen,Accounting Manager,Thomasvik,Norway,Wholesale,Construction,2023-12-17,76269.8
ANOIX,"Hughes, Lamb and Ahmed",Simon Brennan,Procurement Specialist,Natashafurt,UK,Small Business,Food & Beverage,2022-04-05,149902.0
QVJEU,Fogaça da Costa - EI,André Pires,Logistics Coordinator,Nogueira Alegre,Brazil,Corporate,Food & Beverage,2025-04-23,363031.2
QBEIG,Doppler Knapp OG,Konstantin Sattler-Heger,Supply Chain Manager,Villach,Austria,Retail,Technology,2020-07-04,109886.25
CYOQD,Jensen-Fredriksen RFH,Karin Edvardsen,Supply Chain Manager,Isaksen,Norway,Retail,Agriculture,2023-12-02,230698.16
AZJNW,Claes CV,Wilfried Peeters,Purchasing Manager,Zevekote,Belgium,Small Business,Education,2019-01-02,65271.2
LKCNO,Meili & Partner,Aldin Bader,Operations Manager,Val-de-Travers,Switzerland,Corporate,Manufacturing,2022-06-16,857095.4
GYMDE,"Gray, Smith and Sloan",Joseph Gray,Marketing Manager,Jonathanchester,USA,Retail,Healthcare,2018-07-29,123129.66
WCBMF,Hanson Ltd,Travis Walters,Sales Representative,West Amanda,Canada,Corporate,Education,2024-02-18,109004.38
TTEBS,Lange Hettner AG,Wibke Ebert,Supply Chain Manager,Erfurt,Germany,Wholesale,Construction,2023-01-06,458274.67
FMFBH,"Smith, Henry and Lewis",John Clark,Sales Representative,Port William,USA,Wholesale,Manufacturing,2018-10-08,224419.71
OAHLL,Labbé,Michel-Bertrand Evrard,Procurement Specialist,Rolland-sur-Allain,France,Small Business,Retail,2020-05-17,194744.38
BZAVK,Bennett PLC,Mrs Anna Hughes,Purchasing Manager,Annettetown,UK,Wholesale,Construction,2022-04-09,76687.02
AXOUJ,Bodin Regnier SARL,Dominique De Sousa Le Julien,Operations Manager,Marie,France,Government,Retail,2024-05-30,1741368.17
CJFGP,Guerra LLC,Stephanie Taylor,Purchasing Manager,Martinezview,Canada,Small Business,Education,2024-08-28,129676.45
OCTCX,Graham Group,Mr Alexander Reed,Operations Manager,Joshuaborough,UK,Corporate,Construction,2020-04-14,422780.58
PDKQV,Schäfer GmbH & Co. OHG,Janusz Nohlmans,Owner,Pößneck,Germany,Corporate,Food & Beverage,2021-07-10,608440.6
USIIO,(유) 윈드,김승민,Owner,음성군,South Korea,Retail,Healthcare,2021-07-23,153030.71
OEUAF,Gregorio SPA,Agnolo Anastasi,Sales Associate,Piazzano,Italy,Small Business,Retail,2025-01-22,192959.14
BNXOK,Lee-Petersen,Tracy Lopez,Accounting Manager,Port Dean,Australia,Small Business,Food & Beverage,2019-12-25,166717.51
AKESC,Aparecida da Luz S/A,Eloá da Conceição,Sales Associate,Pimenta,Brazil,Corporate,Technology,2018-04-06,723829.28
FGSDB,"Kelly, Murray and Smith",Andrea Brown,Marketing Manager,Norrisview,USA,Small Business,Transportation,2018-09-30,78495.36
NNBTL,Bäckström HB,Nora Lundkvist,Owner,Trelleborg,Sweden,Small Business,Construction,2021-08-14,141805.34
BEZSP,"MacCole, Daiken and Fadden",Gareth Toolin,Supply Chain Manager,Bernard Ville,Ireland,Corporate,Manufacturing,2019-02-18,872370.08
FWDKC,Bird-Glenn,Christine Thompson,Order Administrator,South Meganberg,USA,Small Business,Agriculture,2019-05-23,87933.32
EKEDP,Baker Ltd,Cindy Barnes,Sales Associate,New Mariaton,USA,Corporate,Transportation,2018-04-08,808784.37
EAFXR,"Club Sotelo, Prado y Camacho",Esmeralda Arteaga,Operations Manager,San Adán de la Montaña,Mexico,Small Business,Manufacturing,2022-02-03,94022.82
MSUWR,Garner-Thompson,Christine Higgins,VP of Purchasing,Frankfurt,UK,Wholesale,Healthcare,2024-09-10,82947.99
HTVOS,Deshmukh-Boase,Ronith Rout,Supply Chain Manager,Hyderabad,India,Corporate,Transportation,2020-07-16,813711.17
DKGSO,MacDyer-Bruton,Caoimhin Redmond,Owner,Frazer Ville,Ireland,Small Business,Food & Beverage,2025-02-27,38777.63
THDMO,Aumann,Roderich Misicher,Operations Manager,Schwandorf,Germany,Corporate,Technology,2021-06-17,541089.77
YBGKG,Goodwin Inc,Carolyn Davis,Owner,New Lisa,USA,Small Business,Retail,2022-03-31,184078.84
CQGAO,유한회사 고구려,박서연,Purchasing Manager,수원시 팔달구,South Korea,Corporate,Healthcare,2024-01-11,607309.58
ZBTQD,Stewart-Weeks,Natalie Sparks,Sales Representative,Rodriguezburgh,Canada,Corporate,Manufacturing,2022-02-06,372018.09
TLJMP,有限会社村上ガス,山本 舞,Marketing Manager,浦安市,Japan,Retail,Construction,2025-05-15,164070.48
KBSLD,Bryan LLC,Richard Barrera,Operations Manager,West Douglas,USA,Small Business,Transportation,2022-11-09,233938.97
GHQYB,Colón S.A. de C.V.,Ernesto Rodrigo Jimínez,Accounting Manager,Nueva Vanuatu,Mexico,Wholesale,Construction,2024-11-06,229099.02
INDAO,"Elliott, Jackson and Rogers",Dr Frank Young,Logistics Coordinator,Richardsborough,UK,Small Business,Technology,2023-01-20,90225.89
FXVTK,Hart-Ingram,Jade Preston,Sales Associate,Hansonmouth,UK,Corporate,Retail,2022-07-08,617262.07
DMMIK,山下水産合同会社,渡辺 太郎,Owner,横浜市保土ケ谷区,Japan,Corporate,Technology,2023-03-10,147421.48
DOAAL,Reuter,Beate Kranz,VP of Purchasing,Deggendorf,Germany,Corporate,Technology,2018-10-17,906707.74
DJZJJ,Stahr,Giuseppe Reising,Purchasing Manager,Eilenburg,Germany,Small Business,Healthcare,2024-01-14,171819.34
FSYLV,"Gilmore, Holder and Warner",Rebekah Dyer,Order Administrator,Timothychester,USA,Small Business,Education,2023-12-06,134007.03
JEHFP,Cardoso,Ravi Garcia,Accounting Manager,Albuquerque,Brazil,Small Business,Manufacturing,2021-10-01,18870.53
GTFRI,Jockel Meyer GbR,Jens-Peter Weiß,Operations Manager,Mayen,Germany,Small Business,Education,2024-02-25,182057.07
YCQNO,"Bray, Davila and Rodriguez",Eddie Mathis,Sales Associate,North Samuel,USA,Small Business,Manufacturing,2018-04-30,212665.04
FIXOF,Rudolph Walter Stiftung & Co. KGaA,Hans-Peter Schlosser B.A.,Order Administrator,Hildesheim,Germany,Wholesale,Transportation,2025-05-05,216286.29
LOARB,"Industrias Jiménez, Segovia y Quesada",Marisol Alfredo Santana Cotto,Sales Representative,Nueva República Democrática Popular Lao,Mexico,Retail,Transportation,2025-03-27,212653.42
CGWUC,Metella-Leonardi s.r.l.,Enrico Aloisio,Sales Representative,Guastalla,Italy,Corporate,Construction,2018-06-30,391886.67
FWDSS,Bourgeois Bernier et Fils,Claudine Garcia,Marketing Manager,Boulanger,France,Wholesale,Retail,2018-01-05,177491.65
KGEOD,Hassett Inc,Alexander Bohan,Marketing Manager,Padraic Ville,Ireland,Wholesale,Technology,2023-07-29,702709.21
LQPEE,유한회사 마음조선네트웍스,김옥순,Operations Manager,단양군,South Korea,Retail,Construction,2023-10-31,233597.75
SWQBG,Martinez Inc,Aaron Riley,Sales Representative,South Ashleyberg,USA,Corporate,Hospitality,2024-02-24,288794.08
BQFUN,Reddy and Sons,Rhiannon Steed,Accounting Manager,Sophie-Louise Ville,Ireland,Corporate,Manufacturing,2020-11-28,519911.82
PDPUM,"Pope, Rogers and Daniels",Angela Bond,Order Administrator,Castilloview,USA,Retail,Education,2020-11-29,211471.58
DKXLL,株式会社佐藤通信,池田 千代,Logistics Coordinator,荒川区,Japan,Small Business,Hospitality,2018-11-21,54426.18
DAVUZ,Penttilä Tmi,Ari Hämäläinen,Marketing Manager,Multia,Finland,Government,Retail,2018-09-11,1569567.95
QUXMM,Röhricht,Martina Heser,Marketing Manager,Nördlingen,Germany,Corporate,Hospitality,2019-01-23,443459.1
SAKYS,"Mccarty, Parker and Kaufman",David Abbott,Owner,East Michaelmouth,Australia,Retail,Transportation,2023-09-19,5845.01
BJAPE,Jesus,Ana Machado,Procurement Specialist,Garcia Verde,Brazil,Wholesale,Retail,2022-07-20,481876.51
VQUHB,Campbell-Zamora,Jared Alexander,Operations Manager,North Brianberg,USA,Corporate,Technology,2020-01-01,499580.69
NLKJY,"Babu, Dewan and Zacharia",Yashica Doshi,Sales Associate,Korba,India,Wholesale,Food & Beverage,2021-11-06,636007.98
KURJW,"Nielsen, Roberts and Smith",Jeanne Johnson,Sales Associate,Vincentland,USA,Retail,Manufacturing,2021-09-21,236736.74
HLIMP,"Nguyen, Taylor and Perez",Mandy Lee,Purchasing Manager,Ernestbury,Australia,Small Business,Healthcare,2020-07-31,245330.34
OMOOH,佐藤食品株式会社,清水 康弘,Supply Chain Manager,小平市,Japan,Wholesale,Manufacturing,2025-02-14,459088.02
LPQII,鈴木農林合同会社,福田 里佳,Accounting Manager,印旛郡栄町,Japan,Small Business,Healthcare,2023-11-23,40016.0
WHDTZ,Kensy Rosemann AG,Marianne Kruschwitz,Accounting Manager,Backnang,Germany,Retail,Hospitality,2018-06-16,37036.76
OSWUB,"Thompson, Brown and Simmons",Bradley Hoffman,Purchasing Manager,South Christopher,USA,Small Business,Manufacturing,2018-09-03,142784.3
GABRL,"Walker, Thorpe and Cooke",Terry Pugh,Logistics Coordinator,Craigberg,UK,Retail,Retail,2018-03-22,38680.31
PNXYH,Potts-Espinoza,Nicolas Graham,VP of Purchasing,Jeffreyview,USA,Corporate,Technology,2020-05-04,729375.81
SBNND,"Batra, Mody and Goel",Ria Saini,Sales Representative,Dewas,India,Corporate,Agriculture,2020-11-13,660812.02
BRZHK,Carbajal S. R.L. de C.V.,Isabela Granado Aguilar,Owner,San Modesto los altos,Mexico,Small Business,Hospitality,2023-07-29,246925.16
SOJHT,"Bird, Maynard and Parker",Debbie Bailey,Supply Chain Manager,Millerchester,USA,Small Business,Manufacturing,2022-01-03,100896.68
ILLHU,Nadkarni Inc,Tara Goswami,Sales Associate,Bidhannagar,India,Corporate,Agriculture,2025-05-25,279369.78
QXEKD,"Myers, Barnes and Lamb",Tara Logan,Procurement Specialist,Port David,USA,Corporate,Retail,2025-05-16,446321.79
DCIXT,Margraf,Prof. Inga Pergande,VP of Purchasing,Schwäbisch Gmünd,Germany,Small Business,Manufacturing,2020-03-14,85983.27
NKITX,Blanco y Crespo S. R.L. de C.V.,Timoteo Franco Nájera,Order Administrator,Nueva Malasia,Mexico,Corporate,Retail,2025-04-22,292027.42
ABNIU,Pergande GmbH,Ing. Yvonne Fiebig B.A.,Sales Associate,Helmstedt,Germany,Wholesale,Retail,2024-06-23,236098.35
BJGCE,Parker LLC,Sherry Molina,Accounting Manager,North Edward,USA,Retail,Manufacturing,2020-07-09,21834.22
PYAUV,Fleury,Martine Goncalves Le Boucher,Marketing Manager,Giraud-sur-Durand,France,Small Business,Agriculture,2025-04-08,249537.33
UVVWS,"Vazquez, Owen and Day",Caleb Lambert,Operations Manager,Schroederside,USA,Corporate,Healthcare,2022-02-15,437798.8
QVGXN,"Thomas, Wright and Vincent",Eric Rogers,Sales Associate,Vincenthaven,USA,Corporate,Food & Beverage,2024-01-16,807447.93
BPNAP,"Collins, Lewis and Grant",Mrs Nicole Gibbons,Accounting Manager,West Nigelville,UK,Wholesale,Healthcare,2025-06-10,220108.24
PLBPP,Davis LLC,Matthew Ramirez,Supply Chain Manager,East Michelle,Canada,Retail,Retail,2018-11-21,210971.41
DGFKH,Bentley-Talbot,Phillip Burgess,Owner,South Patrick,UK,Corporate,Food & Beverage,2018-10-03,490836.76
UTMZZ,"Graham, Lowe and Manning",Caroline Humphries,Owner,North Marilyn,UK,Small Business,Transportation,2021-05-07,161853.85
ORXPQ,Berg & Søn A/S,Bo Svendsen,Procurement Specialist,Aulum,Denmark,Corporate,Technology,2019-07-29,51035.27
GDWWU,Li-Allen,Kathleen Garcia,Purchasing Manager,Gillside,Australia,Small Business,Agriculture,2021-02-09,152113.83
IHVAE,"Cheema, Rama and Dugal",Charan Tripathi,Accounting Manager,Navi Mumbai,India,Corporate,Healthcare,2022-05-12,141550.59
RMNLP,Shukla-Viswanathan,Janya Andra,Purchasing Manager,Solapur,India,Government,Hospitality,2019-07-18,1075622.08
GXNEA,Karge Hauffer GmbH,Univ.Prof. Bruno Barkholz,Procurement Specialist,Eggenfelden,Germany,Wholesale,Retail,2022-03-08,633346.82
QWSUH,"Taylor, Williams and Morris",Brian Marsh,Supply Chain Manager,Lake Julianmouth,UK,Small Business,Healthcare,2018-11-03,163442.2
ZLTJO,Rodriguez-Johnson,Ashley Gilbert,Logistics Coordinator,East Patricia,USA,Small Business,Manufacturing,2023-01-27,45607.86
MYFWL,Schulz,Elif Nerger-Noack,Logistics Coordinator,Pinneberg,Germany,Corporate,Technology,2019-06-26,222703.64
RQRJZ,Monroe-Williams,Kristin Rodriguez,Procurement Specialist,East Laurenside,Canada,Retail,Hospitality,2018-02-10,119841.06
HDJJI,Benard,Camille David,Accounting Manager,Saint Manon,France,Small Business,Agriculture,2019-12-05,150461.35
KDDSF,Lee-Tate,James Lopez,Operations Manager,South Brendafurt,USA,Corporate,Construction,2022-07-07,527457.56
ZWFRO,Arnold-Bradford,Melvin Smith,Owner,Flemingstad,Canada,Wholesale,Technology,2018-07-01,254359.85
UOQBX,"Marshall, Smith and Baker",Ms Tracey Storey,Accounting Manager,Port Janeport,UK,Wholesale,Transportation,2024-03-03,446170.6
BUKIF,鈴木ガス株式会社,田中 篤司,Procurement Specialist,川崎市中原区,Japan,Corporate,Agriculture,2025-02-26,563747.57
VTMBP,坂本鉱業有限会社,橋本 裕樹,Order Administrator,匝瑳市,Japan,Small Business,Food & Beverage,2022-08-24,141667.46
NPSKK,Whitehead LLC,Jacob Heath,Procurement Specialist,North Mark,UK,Corporate,Manufacturing,2020-04-05,572969.33
FAEAM,Rousset S.A.R.L.,Astrid Garcia Le Rolland,Purchasing Manager,Saint Eugène,France,Corporate,Construction,2020-10-05,429190.71
CQRAW,Bennett Ltd,Robert Pierce,Logistics Coordinator,Wolfefurt,USA,Corporate,Agriculture,2023-05-06,144779.87
QOQWU,Janoszka-Grund i syn s.c.,pani Roksana Leśna,Purchasing Manager,Ruda Śląska,Poland,Small Business,Retail,2018-09-13,204792.44
VAKSW,Smith-Wilson,Susan Fisher,Supply Chain Manager,South William,USA,Corporate,Hospitality,2024-01-22,94721.55
FUPDO,Foley-Martinez,Juan Flores,Marketing Manager,East Amyland,Canada,Corporate,Agriculture,2024-10-15,679615.94
RPLBS,Romero-Gomez,Mia Bautista Benjamin Aguirre,Owner,Bahía Blanca,Argentina,Small Business,Education,2020-07-23,117759.21
WUWZE,Moore-Dickerson,Pamela Burnett,Order Administrator,Martinfurt,Canada,Government,Food & Beverage,2018-02-21,1620695.41
TTVRW,Zimmer Hornich GmbH & Co. KG,Patrizia Holt,Purchasing Manager,Moers,Germany,Small Business,Education,2021-07-06,159870.78
TLXJQ,有限会社佐藤農林,山田 篤司,Procurement Specialist,横浜市保土ケ谷区,Japan,Small Business,Construction,2021-09-30,170497.96
NSHBJ,Ward LLC,Karen Cooley,Procurement Specialist,St. Elizabeth,Australia,Small Business,Hospitality,2018-06-17,243105.35
IMBXC,Jones LLC,Jasmine Brown,Sales Representative,South Bryan,UK,Retail,Education,2024-02-27,213453.78
NLITV,Gordon-Nguyen,Christopher Williams,Procurement Specialist,West Jordan,USA,Small Business,Food & Beverage,2023-08-20,147780.93
WQNWD,Rädel,Caren Mende-Gotthard,VP of Purchasing,Bad Mergentheim,Germany,Retail,Manufacturing,2021-05-13,92504.32
GZOHX,Deschamps,Aimé Cohen,Marketing Manager,Normand-sur-Mer,France,Wholesale,Technology,2019-01-29,551081.19
HALYP,Trapp AG & Co. OHG,Deborah Vogt,Operations Manager,Nauen,Germany,Corporate,Transportation,2021-02-16,530730.32
DPMLX,Howard and Sons,Joseph Bowen,Supply Chain Manager,Lawsonchester,USA,Retail,Retail,2024-09-18,167323.86
NZUFA,"Johnson, Baker and Sellers",Jennifer Shelton,Supply Chain Manager,North Heather,USA,Wholesale,Education,2023-11-06,430427.68
RQZFE,Kuliberda-Kucz Sp. z o.o. Sp.k.,Anna Maria Drożdżal,Purchasing Manager,Łowicz,Poland,Small Business,Education,2023-10-14,21898.28
TNPUA,Thorpe-Fletcher,Maureen Anderson,Operations Manager,Mahmoodview,UK,Retail,Manufacturing,2023-10-27,76451.05
MGEDT,Gröttner Stoll KGaA,Henri Mende,Supply Chain Manager,Wittmund,Germany,Small Business,Manufacturing,2021-07-20,164323.93
MTYPL,Fundacja Wietecha-Palej Sp. z o.o. Sp.k.,pani Kornelia Walusiak,Operations Manager,Zabrze,Poland,Corporate,Food & Beverage,2022-05-25,950889.36
BRKOQ,주식회사 유니온솔루션,김상철,Accounting Manager,춘천시,South Korea,Retail,Hospitality,2023-08-14,60842.01
VRKXS,Shah Ltd,Pranit Bhasin,Accounting Manager,Akola,India,Wholesale,Healthcare,2025-01-26,528146.26
HTDVW,Tecnologías Calderón S.A.,Silvestre Sobrino Peláez,Procurement Specialist,Las Palmas,Spain,Small Business,Healthcare,2022-07-19,242917.89
ADZQZ,Chhabra-Sampath,Dakshesh Menon,Logistics Coordinator,Tadepalligudem,India,Corporate,Construction,2024-08-13,415247.28
DXKLD,Carbonell y asociados S.C.P,Graciana de Antúnez,Logistics Coordinator,Cádiz,Spain,Small Business,Technology,2025-01-16,106396.42
AZTXH,Mathiasen & Nielsen A/S,Sussie Jakobsen-Olesen,Owner,Herning,Denmark,Corporate,Retail,2023-08-07,176957.54
FPOBZ,株式会社中川食品,森 淳,Logistics Coordinator,武蔵野市,Japan,Small Business,Technology,2024-03-18,140663.05
MQAML,유한회사 이노개발공사,박춘자,Purchasing Manager,음성군,South Korea,Small Business,Manufacturing,2018-02-22,72639.15
HAEGW,Butte GmbH,Hellmut Wulff B.Sc.,Purchasing Manager,Tirschenreuth,Germany,Small Business,Technology,2018-01-30,227451.59
HWJBO,Hornich KG,Egbert Gorlitz MBA.,Marketing Manager,Emmendingen,Germany,Small Business,Retail,2019-11-26,98004.46
PTTQX,Bennett-Walker,Robert Moore,VP of Purchasing,Kimberlychester,USA,Small Business,Construction,2025-05-03,190693.73
MLWGC,Tirado S.A.,Sr(a). Leonel Meléndez,Supply Chain Manager,San Anel de la Montaña,Mexico,Corporate,Healthcare,2024-08-08,930929.34
XOAEU,Schwarz & Reichel KG,Herr Nicolas Ramsauer,Order Administrator,Stadtschlaining,Austria,Corporate,Healthcare,2019-09-08,840156.31
HHRWK,Cuda-Taccola e figli,Barbara Curatoli,Sales Representative,Pozzaglia Sabina,Italy,Corporate,Agriculture,2024-02-29,267259.13
MGGGJ,Bailey Inc,Raymond Montoya,Sales Associate,East Mariachester,USA,Wholesale,Hospitality,2021-05-23,295998.74
PFJCS,Picard,Danielle Lenoir,Supply Chain Manager,Hamon,France,Small Business,Agriculture,2025-04-28,119306.4
FDRHP,Juan Manuel Pereira Alvarado S.Coop.,José Antonio Royo Mata,Accounting Manager,La Rioja,Spain,Corporate,Transportation,2023-08-10,668099.92
NBNJB,Weller Lehmann AG,Herr Jörn Atzler,Purchasing Manager,Rehau,Germany,Wholesale,Agriculture,2025-03-12,373306.87
IPIYG,Larson and Sons,Blake Watson,Sales Associate,Nicolebury,USA,Small Business,Technology,2022-08-24,46853.41
UMOOC,Green-Armstrong,Danny Roach,Supply Chain Manager,Susanbury,USA,Government,Agriculture,2019-07-19,708158.65
ILBQQ,Andrews and Sons,Mrs Nicola Dyer,Owner,Naomimouth,UK,Corporate,Technology,2020-07-30,830869.74
GVBYE,Carrera S. R.L. de C.V.,Iván Gloria Méndez,Logistics Coordinator,Nueva Luxemburgo,Mexico,Corporate,Technology,2022-05-09,81578.35
BYLIQ,"Stokes, Mitchell and Logan",Nicole Sanchez,Order Administrator,West Melissa,USA,Retail,Food & Beverage,2020-12-14,170443.63
DHCHD,富罳传媒有限公司,王杰,Sales Associate,敏市,China,Small Business,Food & Beverage,2018-12-12,30258.71
IPDCW,Goodwin-Davis,Amy Deleon,Sales Associate,Edwardsberg,USA,Retail,Healthcare,2025-02-16,212957.11
DWHAI,Casa Grande S.A.,Maria Liz Costa,Supply Chain Manager,Mendes,Brazil,Corporate,Retail,2021-06-12,94831.96
RCRPB,Köhler,Catharina Bolzmann,Purchasing Manager,Kulmbach,Germany,Corporate,Healthcare,2019-05-14,293224.68
FCFEE,Hart-Sullivan,Ronald Johnson,Sales Associate,New Wayneburgh,UK,Retail,Hospitality,2020-12-18,200168.73
TGVKH,Warner Inc,Mr. James Raymond,Sales Representative,Thomasberg,USA,Corporate,Retail,2023-01-02,525567.44
UPLAG,"Johnson, Matthews and Cooper",Diana Payne,Procurement Specialist,O'Neillbury,UK,Small Business,Healthcare,2018-03-14,70567.56
SPJLL,"Dutt, Walia and Luthra",Laksh Madan,VP of Purchasing,Jhansi,India,Small Business,Healthcare,2019-03-31,72798.34
QJQVJ,Azevedo Ltda.,Srta. Luísa Fogaça,Purchasing Manager,Dias,Brazil,Small Business,Retail,2018-09-15,249333.31
KVOBM,Temmerman BV,Maurice Deprez,Sales Associate,Zwevezele,Belgium,Retail,Education,2024-04-21,197945.88
NQKHG,Eaton Industries,Maja Janse-Robbrechts Bruijne,Order Administrator,Starnmeer,Netherlands,Corporate,Technology,2022-07-16,856546.22
EWUYY,有限会社池田食品,高橋 治,Sales Associate,三鷹市,Japan,Small Business,Education,2022-02-01,168396.22
OSSKT,"Little, Johnson and Davies",Mathew James-Wright,Supply Chain Manager,West Joannafort,UK,Small Business,Education,2021-09-10,188244.73
FXTKY,Vasquez-Reyes,Tonya Gilmore,Sales Representative,New Brittany,USA,Corporate,Education,2022-03-08,501080.02
LQYYT,Davis-Salas,Carol Mcdonald,Procurement Specialist,Susanview,USA,Retail,Education,2018-06-06,71506.1
HONLR,"Henriksen, Pettersen og Lund",Synnøve Mathisen,Owner,Theasjøen,Norway,Small Business,Hospitality,2019-04-16,101357.61
HMQQT,Sampaio,Pietra Carvalho,Procurement Specialist,Viana da Serra,Brazil,Wholesale,Hospitality,2018-02-19,326078.41
FYCKU,Hethur,Jane Eberth-Sorgatz,VP of Purchasing,Karlsruhe,Germany,Corporate,Transportation,2020-04-15,133965.27
MFDBR,Atkins Ltd,Nancy Miller,Owner,Jacksonburgh,USA,Retail,Manufacturing,2019-04-18,136394.84
MOSOD,Anders Wende AG,Ing. Ottokar Spieß,Logistics Coordinator,Eichstätt,Germany,Corporate,Healthcare,2023-09-03,161933.4
ZKFTU,Janssens-Mertens BV,Ellen De Coninck,Operations Manager,Ans,Belgium,Small Business,Education,2018-09-06,162398.85
TZQKS,Arias and Sons,Catalina Franco Lopez Gonzalez,Order Administrator,Constitución,Argentina,Wholesale,Healthcare,2022-07-16,689941.79
CDYWP,"Butler, Jackson and Steele",Jason Smith,Accounting Manager,Mariaton,USA,Corporate,Technology,2025-03-20,829626.44
WCREK,Jordan-Lopez,Dustin Williams,Sales Associate,New Charles,USA,Wholesale,Construction,2023-07-12,358619.32
LRKXF,Andrews and Sons,Curtis Harvey,Order Administrator,East Kenneth,Canada,Corporate,Hospitality,2021-06-23,81218.41
CJUAK,Vainio Tmi,Tapani Pakarinen,Logistics Coordinator,Enontekiö,Finland,Corporate,Construction,2024-12-25,308503.22
TCFHH,Murray Ltd,James Ross,Operations Manager,Guerraton,Canada,Retail,Technology,2021-07-21,209141.54
FRNCB,"Ceballos, Ornelas y Lerma",Olivia Joaquín Alarcón,Supply Chain Manager,Vieja Etiopía,Mexico,Small Business,Manufacturing,2021-06-21,26709.67
BLPAZ,Nelson Inc,Jeffery Thomas,Procurement Specialist,Lake Daniel,USA,Corporate,Technology,2025-05-14,59900.83
RPRUB,Fitzgerald Inc,Sian Cross,Accounting Manager,Lawrenceland,UK,Government,Retail,2025-03-26,1797900.89
NVKKD,Taylor-Gonzalez,Gregory Yoder,Procurement Specialist,Darrenborough,USA,Retail,Hospitality,2021-06-12,219661.9
GDYUG,Harrison-Jacobson,Karen Fisher,Logistics Coordinator,South Micheleborough,Canada,Retail,Manufacturing,2023-12-03,140611.72
ZFFLS,(유) 넥스트,김수빈,Supply Chain Manager,동해시,South Korea,Retail,Hospitality,2024-01-23,123987.55
PFOBI,Helland-Holm Gruppen,Roger-Markus Abrahamsen,Operations Manager,Grethestrand,Norway,Corporate,Hospitality,2022-08-12,801179.91
WUCRY,Thompson Ltd,Stephen Mitchell,Owner,South Kyle,USA,Retail,Manufacturing,2023-10-13,227021.99
AZNUC,Salgado-de la Garza,Gabriel Jaime Porras,Purchasing Manager,San Elsa los altos,Mexico,Corporate,Agriculture,2024-03-05,486407.74
IXYBY,"Club Vargas, Alba y de Jesús",Guadalupe Omar Negrón Garza,Marketing Manager,San Citlali los bajos,Mexico,Retail,Transportation,2022-03-12,213037.62
JWEBO,Holt Stiftung & Co. KG,Christin Gumprich MBA.,Purchasing Manager,Belzig,Germany,Corporate,Transportation,2022-11-22,336582.19
RJUZE,Pöll GmbH,Leonhard Wiedner,VP of Purchasing,Traiskirchen,Austria,Corporate,Education,2024-08-20,319760.94
SCIIK,Harmon-Adams,Nicholas Young,VP of Purchasing,Port Laurenshire,USA,Small Business,Retail,2023-11-08,100191.33
GIEIT,Reinhardt Buchholz GbR,Frau Flora Niemeier,Operations Manager,Wittmund,Germany,Wholesale,Hospitality,2018-09-14,26462.03
HSBSP,Club Santiago y Solorzano,Gerónimo Eric Reyna Ávalos,Supply Chain Manager,San José Manuél de la Montaña,Mexico,Wholesale,Manufacturing,2022-01-24,402432.4
JKHOY,飞利信传媒有限公司,庞丹丹,Marketing Manager,六安市,China,Retail,Food & Beverage,2021-01-11,95464.84
QSLJR,Richardson LLC,Anita Watson,Sales Associate,North Edwardfort,Canada,Corporate,Education,2024-12-05,789382.09
DZLSL,Mellor Inc,Jayne Brookes,Sales Associate,Lake Sandraside,UK,Small Business,Education,2020-11-19,104247.94
JAABH,Cherry-Cox,Jessica Rogers,VP of Purchasing,East Janicemouth,USA,Retail,Hospitality,2020-01-01,210513.89
VNYKE,Vargas-Sanchez,John Alexander,Owner,North Lisa,USA,Wholesale,Agriculture,2021-07-13,347682.79
WAQVK,Desarrollo MV S.L.N.E,Zaida Lucas Bertrán,Supply Chain Manager,Vizcaya,Spain,Corporate,Manufacturing,2021-11-02,988861.69
CDDME,"Tolentino, Ricciardi e Monduzzi e figli",Imelda Belletini,Procurement Specialist,Ponte Della Priula,Italy,Wholesale,Hospitality,2021-07-12,279601.41
EFOEO,Pozzecco e figli,Fabrizio Tosto-Tencalla,Accounting Manager,Cologna Di Sotto,Italy,Corporate,Manufacturing,2025-05-26,497490.33
NJPPA,Nordström HB,Rolf Pålsson,Accounting Manager,Nyköping,Sweden,Corporate,Agriculture,2019-01-13,304577.76
DJUSY,Benson Inc,Scott Henderson,Order Administrator,New Michellemouth,Canada,Government,Education,2018-03-23,469055.84
YYEQP,Gschwandtner Grabner AG,Josef Sperl,Owner,Schladming,Austria,Wholesale,Technology,2024-12-22,234719.52
YJMZP,Rojo S.A.,Ing. Diana Saucedo,Operations Manager,Nueva Noruega,Mexico,Small Business,Food & Beverage,2018-11-25,36268.31
WAHQX,Leão Sampaio Ltda.,Igor Martins,Logistics Coordinator,Marques,Brazil,Retail,Healthcare,2023-07-12,78814.16
WDTTC,Ferguson LLC,Carolyn Matthews,VP of Purchasing,North Jamie,Canada,Corporate,Transportation,2023-03-19,577886.67
HWDAC,"Gianvecchio, Broschi e Gioberti Group",Aldo Carfagna-Lombroso,Procurement Specialist,Marnate,Italy,Government,Construction,2023-10-23,524218.04
TMXQZ,Lindner,Aline Kramer B.A.,VP of Purchasing,Schwandorf,Germany,Retail,Transportation,2020-07-19,141786.23
RCVQX,"Sarna, Gupta and Agate",Aarna Wali,Operations Manager,Darbhanga,India,Corporate,Healthcare,2019-09-27,830918.34
OIIII,Weimer,Margret Zimmer,Operations Manager,Bamberg,Germany,Wholesale,Construction,2023-03-24,439819.67
ATEXA,有限会社石川農林,山田 明美,Sales Associate,世田谷区,Japan,Small Business,Technology,2022-10-02,143777.49
HXNUL,"Nelson, Walker and Wilson",Kelsey Shields,Sales Associate,North Noahview,USA,Corporate,Food & Beverage,2024-08-12,419081.94
GLHLB,Ullrich,Tomislav Söding-Pergande,Sales Associate,Hohenmölsen,Germany,Small Business,Transportation,2018-01-05,106521.75
KOHXB,Gabinety Pochopień Sp. z o.o.,pan Radosław Herbut,Order Administrator,Świnoujście,Poland,Corporate,Food & Beverage,2022-09-23,536426.85
SQEPK,Griffin Inc,Jose Ryan,Accounting Manager,South Erikberg,USA,Small Business,Transportation,2021-12-18,215621.91
UVNRG,"Bautista, Pierce and Curtis",Sandra Kirby,Sales Representative,Karentown,USA,Retail,Retail,2022-12-13,57085.01
THLDC,Albert S.A.,Claude Le Moreno,Order Administrator,Clerc,France,Small Business,Technology,2022-11-06,152086.38
ILVPA,"White, Tucker and Powell",Mrs Abbie Young,Sales Representative,Taylorburgh,UK,Wholesale,Construction,2023-12-30,611519.74
HJBZF,Myers-Smith,Casey Smith,VP of Purchasing,South Brianburgh,USA,Corporate,Education,2025-06-14,691873.7
EFCQX,Chamberlain-Hutchinson,Olivia Phillips-Rose,Sales Representative,Yatesburgh,UK,Small Business,Healthcare,2022-10-23,16292.08
VPKXR,Murillo-Becker,Stephanie Miller,Supply Chain Manager,Lake Julieberg,USA,Corporate,Retail,2020-03-27,144248.33
EDDHK,"Hawkins, Stevens and Anderson",Jordan Singh,Procurement Specialist,East Clare,UK,Retail,Retail,2020-09-23,226767.27
GEKPM,Gnatz KG,Larissa Mentzel,Owner,Vilsbiburg,Germany,Small Business,Retail,2018-06-10,205754.64
ZDFEB,"Puri, Sen and Acharya",Chaaya Kibe,Procurement Specialist,Ratlam,India,Wholesale,Education,2018-12-30,30502.7
KRBOQ,"Parker, Bell and Walker",Dawn Molina,Marketing Manager,Clarkeview,USA,Small Business,Healthcare,2023-02-04,124905.21
PAQEP,Alexandre Boutin SARL,Claudine de Benard,Order Administrator,Sauvage-sur-Didier,France,Small Business,Technology,2019-11-12,40825.1
JSHMN,Perez-Vera,Felipe Diaz,Order Administrator,San Ferando del Valle de Catamarca,Argentina,Small Business,Construction,2019-09-24,80730.57
PQXFH,James Group,Lori Rice,Order Administrator,Brendaberg,Australia,Wholesale,Healthcare,2020-10-17,124119.41
ZQMXN,Bradley-Washington,Stacy Stein,Purchasing Manager,Lake Brent,USA,Corporate,Technology,2019-12-04,325144.04
VLUDH,"Warren, Lopez and Ali",Betty Reyes,Order Administrator,Jonesmouth,Australia,Corporate,Construction,2025-02-09,714334.63
CLMZS,"Silva, Thompson and Stafford",William Kerr,Order Administrator,New Robin,USA,Corporate,Retail,2022-07-09,675891.76
TBAOO,Grupo Mayorga y Uribe,Leonor Valadez,Logistics Coordinator,San Miguel Ángel los bajos,Mexico,Small Business,Transportation,2022-07-31,139122.79
BSBDB,Zahn Lübs AG,Betina Hentschel,Purchasing Manager,Pasewalk,Germany,Small Business,Agriculture,2019-04-18,171539.4
KVQFG,Hermann,Herr Gottlob Gute B.A.,Sales Representative,Düren,Germany,Corporate,Transportation,2025-06-05,166948.98
EWJQS,Atzler Becker AG,Friedrich-Wilhelm Huhn,VP of Purchasing,Staffelstein,Germany,Small Business,Technology,2025-05-03,59064.21
CVPFB,Alexandre,Thibault Ramos,Logistics Coordinator,Sainte Nicole-sur-Mer,France,Corporate,Education,2024-05-23,784263.68
TOSWS,Simon-Elliott,Bruce Harris,Purchasing Manager,Morrisside,USA,Corporate,Manufacturing,2021-07-10,465486.07
QWJFZ,Vargas PLC,Garrett Powers,Procurement Specialist,Ernestberg,Canada,Wholesale,Hospitality,2020-03-23,380894.35
UMIBZ,Farias - EI,Dra. Clarice Araújo,Marketing Manager,da Conceição,Brazil,Retail,Retail,2020-07-10,15104.81
HWVUE,Johnson Group,Jessica Dunlap MD,Sales Associate,Angelicafurt,USA,Small Business,Retail,2018-12-09,110615.23
WWJUM,Söderberg & Petersson AB,Isac Björklund,Accounting Manager,Örebro,Sweden,Small Business,Education,2021-07-20,59048.8
GYJKY,Hoyos & Asociados S.Coop.,Guadalupe Cabrera Zorrilla,Sales Associate,Ourense,Spain,Small Business,Technology,2020-06-30,68743.54
HLEVP,Fliegner Wernecke e.G.,Siglinde Albers,Logistics Coordinator,Gotha,Germany,Small Business,Hospitality,2023-12-18,10311.65
DAKDO,Noack Hertrampf AG,Ing. Enno Briemer,Order Administrator,Neunburg vorm Wald,Germany,Small Business,Education,2022-12-13,215393.33
RWTTW,Jefferson-Davis,John Gonzalez,Logistics Coordinator,North Tyler,USA,Small Business,Construction,2025-04-10,236441.16
SPPFR,Perez Inc,Pamela White,Accounting Manager,West Heathershire,Australia,Retail,Hospitality,2022-06-24,37092.65
LUJAD,Garza PLC,Mr. Andrew Evans,Marketing Manager,Port Kelly,USA,Corporate,Transportation,2025-06-19,488395.63
RWRSH,Melo,Marta Pires,Order Administrator,Miranda do Douro,Portugal,Retail,Construction,2021-09-12,118592.06
JWHRL,van Gent Groep,Senna Horrocks,Marketing Manager,Hoogersmilde,Netherlands,Corporate,Construction,2020-05-12,553214.79
LRYZD,Leblanc Inc,Julie Morris,Marketing Manager,Port Thomaston,USA,Corporate,Retail,2025-04-29,708744.74
SHBXM,Gabinety Panasewicz-Komisarczyk Sp. z o.o.,pan Kornel Szóstak,Logistics Coordinator,Iława,Poland,Small Business,Technology,2022-06-12,53296.94
RWUVL,Jasso-Mora,Elisa Herrera,Owner,Nueva República de Corea,Mexico,Corporate,Retail,2023-12-16,889116.81
AYBXR,Hermanos Olivares S.Coop.,Pánfilo Bustos Montesinos,Accounting Manager,Córdoba,Spain,Small Business,Manufacturing,2020-01-13,35992.55
UWFZF,Paz y Ibarra S.Coop.,Édgar Puig Arévalo,Operations Manager,Lugo,Spain,Government,Technology,2018-01-08,143587.83
EZOKS,Amato-Gozzano SPA,Sig.ra Griselda Mazzacurati,VP of Purchasing,San Giacomo Roncole,Italy,Corporate,Healthcare,2022-01-16,412131.06
QGXXW,Öhman AB,Thomas Nilsson-Boström,Supply Chain Manager,Landskrona,Sweden,Corporate,Agriculture,2018-03-08,986103.09
HSBWD,富罳传媒有限公司,陆刚,Supply Chain Manager,梧州县,China,Small Business,Hospitality,2024-11-10,227483.71
JVZWC,Stöckli Herzog AG,Hedwig Rüegg-Ammann,Order Administrator,Ostermundigen,Switzerland,Corporate,Hospitality,2020-05-30,501433.77
NRSBW,"Moretti, Buonauro e Pascarella Group",Sig.ra Veronica Foconi,Marketing Manager,Castiglione Marittimo,Italy,Retail,Agriculture,2023-06-01,146383.88
THQBB,Sahni-Deo,Christopher Gupta,Marketing Manager,Dewas,India,Corporate,Technology,2019-12-23,415713.98
BFINR,Gaudin S.A.S.,Martin Coulon,Accounting Manager,Sainte Augustin,France,Small Business,Healthcare,2022-06-21,121941.39
JBBQC,Potier et Fils,Théophile Bonnin,Sales Associate,Morin-sur-Gimenez,France,Small Business,Education,2024-04-15,98451.13
MVOAZ,Louis,Benjamin Bourgeois,Supply Chain Manager,Perrier,France,Corporate,Transportation,2020-11-02,800794.33
KPSQF,Meza-Terrazas,Perla Ivonne Valentín Arreola,Logistics Coordinator,San Dalia los bajos,Mexico,Corporate,Hospitality,2019-10-22,151367.94
KZNKC,Camargo - EI,Maria Luiza Andrade,Supply Chain Manager,Marques da Serra,Brazil,Small Business,Technology,2019-02-06,112442.48
SFFKM,Perez-Stein,Karen Crane,Owner,Jenniferport,Canada,Wholesale,Food & Beverage,2021-08-07,266308.61
FEJOP,"Vlaeminck, Boonen en Martens BV",Sarah Callens,Sales Associate,Blaton,Belgium,Small Business,Retail,2020-03-02,138630.92
YZPPT,"Jones, Williamson and Morgan",Dominic Walter,Sales Representative,Larachester,USA,Corporate,Technology,2018-12-29,430170.75
MUMOB,White-Murphy,Jamie Smith,Order Administrator,North Devin,USA,Small Business,Manufacturing,2020-11-18,232612.48
MWAWF,Reinhardt,Albertine Ehlert,Sales Representative,Neuss,Germany,Wholesale,Education,2024-02-04,173268.7
MMJPV,(주) 라온시너지플랫폼,이준서,Marketing Manager,여주시,South Korea,Corporate,Hospitality,2019-10-10,656072.78
SEDNY,Priego y Gómez S.Com.,Gil Arregui Castelló,Sales Associate,Segovia,Spain,Corporate,Healthcare,2022-09-30,54197.27
VYAXY,Albuquerque,Ísis Pastor,Sales Representative,Albuquerque,Brazil,Retail,Food & Beverage,2024-06-10,161532.6
FWVYU,"Bassi, Dani and Gala",Warjas Balakrishnan,Operations Manager,Bharatpur,India,Small Business,Hospitality,2019-01-06,34613.29
HISMN,"Lala, Nori and Dugar",Triveni Prabhakar,Sales Associate,Kavali,India,Corporate,Construction,2020-09-30,108404.59
CBVSH,Bruneau et Fils,Louis Dupont,Marketing Manager,Sainte Benjamin,France,Corporate,Manufacturing,2018-12-31,514416.83
ZJRWR,(유) 월드발해에너지,이재현,Operations Manager,광명시,South Korea,Retail,Hospitality,2018-05-01,190560.86
UXYRP,Cardozo-Soto,Juliana Gabriel Martinez Gomez,Operations Manager,Posadas,Argentina,Corporate,Education,2018-02-14,724287.85
UKLHP,Dussen van,Geza Schuchhardt-Killer,Logistics Coordinator,Güstrow,Germany,Government,Agriculture,2024-08-22,1723919.37
UAPJE,Gill-Sanders,Sean Harper,Accounting Manager,Edwardfort,USA,Retail,Technology,2022-08-15,172126.94
UQYEV,Jopich Stiftung & Co. KG,Dipl.-Ing. Agatha Heinz,Supply Chain Manager,Burglengenfeld,Germany,Corporate,Manufacturing,2024-01-29,281683.38
AASMG,Collins Group,Adam Cole,Owner,Port Robert,Canada,Wholesale,Education,2024-11-27,382310.28
CXITC,Ceja S.A.,Andrea Josefina Santana Nava,Purchasing Manager,Nueva Kuwait,Mexico,Small Business,Retail,2025-02-26,107669.46
AKOSR,"Smith, Alexander and Shelton",Ann Crawford,Operations Manager,West Rodneystad,USA,Retail,Construction,2021-12-12,116650.01
WFHNF,Freitas S.A.,José Miguel da Rosa,Operations Manager,Costela,Brazil,Retail,Construction,2019-11-03,50788.31
KOVJZ,Brookes-Sullivan,Carolyn Patel,Logistics Coordinator,Claireborough,UK,Small Business,Technology,2018-09-23,246313.04
HVVAF,Täsche Mosemann KG,Gisbert Ullrich,Operations Manager,Crailsheim,Germany,Government,Technology,2022-04-17,904236.98
NIOGX,"Miller, Day and Warren",Jennifer Brandt,Sales Representative,Melaniefurt,USA,Retail,Transportation,2022-05-09,169103.58
BAWRD,Sheppard-Young,Terence Chamberlain,Procurement Specialist,Lyndafort,UK,Small Business,Food & Beverage,2019-12-24,26158.37
JACAT,Ortiz y Trujillo A.C.,Mayte Amador Escamilla Guerra,Accounting Manager,San Mario los altos,Mexico,Corporate,Retail,2018-08-31,520731.91
YFBQS,Sanchez-Smith,Kristy Martin,Marketing Manager,Ryanbury,USA,Small Business,Technology,2019-08-17,212028.86
JSVFA,诺依曼软件传媒有限公司,韦亮,Owner,马鞍山县,China,Corporate,Food & Beverage,2019-12-11,609866.26
PGONS,Novais Carvalho Ltda.,Enrico Gonçalves,Accounting Manager,Garcia de Pinto,Brazil,Retail,Agriculture,2024-06-10,241958.25
QYIYB,"Lopez, Martin and Kennedy",Timothy Moore,Procurement Specialist,Deniseton,USA,Retail,Construction,2019-01-10,190219.55
BTBGF,"White, Johnston and King",Ana Jensen MD,Operations Manager,New Joshua,Canada,Small Business,Hospitality,2019-01-14,64398.17
EXAUC,Oderwald Sorgatz AG,Tillmann Schlosser-Anders,Sales Representative,Hohenstein-Ernstthal,Germany,Government,Technology,2024-02-23,1087834.34
ZTHLS,Mills LLC,Ronald Clarke-McCarthy,Accounting Manager,Turnbullshire,UK,Wholesale,Food & Beverage,2023-03-03,657065.83
FZWCZ,图龙信息网络有限公司,王秀荣,VP of Purchasing,丽市,China,Small Business,Healthcare,2023-01-18,170214.08
APMFL,Ayala Group,Misty Hernandez MD,Procurement Specialist,Mcdonaldborough,Australia,Corporate,Retail,2019-07-12,139931.26
DIRPM,Perry Ltd,Toni Friedman,Sales Associate,Mcfarlandfort,Canada,Wholesale,Education,2018-03-19,494538.14
CVLRC,Aggarwal-Johal,Charles Khanna,Operations Manager,Visakhapatnam,India,Small Business,Retail,2020-07-06,166259.5
YKGOX,Cavalcante,Sarah Vieira,VP of Purchasing,Carvalho da Mata,Brazil,Small Business,Hospitality,2018-08-21,183533.88
UQLKP,Schwital GmbH & Co. KGaA,Monica Bloch,Sales Representative,Norden,Germany,Small Business,Technology,2020-01-10,113744.04
NORLK,Sáenz y Pedraza S.Coop.,Jenny Rivera Cervera,Sales Associate,Ourense,Spain,Retail,Education,2024-12-09,46406.98
QRSZA,Castro,Asafe da Cruz,Accounting Manager,Correia do Galho,Brazil,Small Business,Healthcare,2022-12-18,203063.76
CIQMD,Porto,Julia Jesus,Order Administrator,da Paz,Brazil,Retail,Transportation,2022-04-20,98144.57
VXJTA,Edwards-Tucker,Ashley Schaefer,Owner,Goodmanside,USA,Retail,Manufacturing,2023-04-22,35575.62
XUIOE,Zobel,Filippo Scheuermann,Purchasing Manager,Bad Brückenau,Germany,Retail,Retail,2022-06-01,149606.67
JKUNL,Jespersen & Søn ApS,Uffe Andreasen,VP of Purchasing,Gudbjerg,Denmark,Corporate,Manufacturing,2024-03-04,549303.02
WJBSE,Phillips-Anderson,Vanessa Scott,Accounting Manager,Garciaville,USA,Small Business,Retail,2019-03-06,133098.99
VMQZQ,Peltier SA,Louise Guilbert,VP of Purchasing,Dumas,France,Corporate,Retail,2019-11-20,610168.07
CWIAQ,Lyons and Sons,Jessica Hale,Sales Associate,East Renee,USA,Wholesale,Food & Beverage,2024-02-14,382720.52
TARPD,"Warner, Torres and Jimenez",Steve Walsh,Sales Representative,Raymondmouth,USA,Corporate,Healthcare,2023-08-06,437670.59
DOJXA,"Vasquez, Boone and Schroeder",Susan Anderson,Operations Manager,Foxside,USA,Small Business,Food & Beverage,2022-11-12,235402.94
UXQLG,Hermanos Manrique S.A.,Amarilis Planas,Supply Chain Manager,Toledo,Spain,Small Business,Healthcare,2019-07-02,120045.52
QZSIW,"Guarana, Padovano e Piccio Group",Priscilla Valguarnera,Logistics Coordinator,Crescentino,Italy,Corporate,Manufacturing,2020-12-07,339821.75
YJKUM,Helland-Madsen,Randi Knutsen,Owner,Myklebust,Norway,Wholesale,Agriculture,2023-10-23,679833.13
JHYFI,Ferragamo-Venditti e figli,Renzo Cossiga,Purchasing Manager,Bonavicina,Italy,Corporate,Technology,2020-12-17,901507.27
RKYNR,Bollen CommV,Steven Huybrechts,Accounting Manager,Monceau-Imbrechies,Belgium,Small Business,Manufacturing,2021-01-01,142583.26
RYRYQ,Bengtsson HB,Sven Norberg,Sales Associate,Karlstad,Sweden,Wholesale,Healthcare,2020-06-23,339778.03
HIEWV,Preiß,Friedlinde Junken-Weitzel,Operations Manager,Niesky,Germany,Small Business,Transportation,2020-08-21,6120.98
PGUQU,Adam Lelièvre S.A.R.L.,Adrien-Adrien Roux,Supply Chain Manager,Hardydan,France,Small Business,Manufacturing,2020-07-12,78687.68
SZRWA,SDU uitgevers,Jacob Coreth von und zu Coredo und Starkenberg,Owner,Noordwijkerhout,Netherlands,Wholesale,Manufacturing,2018-07-15,256367.27
ZAEGM,Gomez-Nguyen,Steven Hensley,Logistics Coordinator,Caseyhaven,USA,Wholesale,Food & Beverage,2022-05-31,356967.09
XTTOS,Begum-Burgess,Mr Oliver Hill,Operations Manager,Brownbury,UK,Corporate,Transportation,2024-04-08,911636.19
PHUIQ,Aguero-Ojeda,Benjamin Martinez,VP of Purchasing,Rawson,Argentina,Corporate,Agriculture,2018-05-05,929107.31
DOJJR,"Evans, Zuniga and Moore",Marvin Brown,Logistics Coordinator,Port Heatherton,USA,Government,Food & Beverage,2022-01-19,669805.01
RYCFF,"Wilkinson, Holland and Jenkins",Dr Joshua Kelly,Purchasing Manager,New Annland,UK,Corporate,Transportation,2024-03-04,616793.79
RRVTQ,Sundaram-Sur,Anjali Nayar,Order Administrator,Miryalaguda,India,Corporate,Hospitality,2020-01-06,156091.56
JAZEJ,Cox PLC,Adam Stewart,Operations Manager,South Jamesfurt,USA,Wholesale,Retail,2023-08-20,424736.48
JERCB,Garcia-Gimenez,Franco Aguirre Godoy,Order Administrator,Comodoro Rivadavia,Argentina,Small Business,Agriculture,2022-04-18,52147.52
JHYGT,"Smith, Rogers and Clayton",Amber Barrett,Owner,Smithview,Australia,Wholesale,Hospitality,2020-01-10,448835.23
CRYIJ,"Carr, Baxter and Roberts",Stacey Walker,VP of Purchasing,West Maria,UK,Corporate,Transportation,2020-02-07,713610.74
KMOCL,Cyrek S.A.,Marcin Drop,Marketing Manager,Głogów,Poland,Small Business,Technology,2018-09-21,28389.75
VRVJL,"Benitez, Medina and Garcia",Malena Cabrera,Logistics Coordinator,Bahía Blanca,Argentina,Wholesale,Retail,2022-12-02,576761.65
CTAGD,Palmer Group,Wendy Mcdaniel,VP of Purchasing,East Adam,USA,Small Business,Retail,2021-11-29,8458.32
BOCVG,"Anderson, Obrien and Buchanan",Jennifer Robertson,Marketing Manager,Danielchester,Canada,Retail,Construction,2019-03-12,87326.65
TYIAI,"Miranda, Jackson and Snow",Marvin Sharp,Supply Chain Manager,Moranview,USA,Wholesale,Agriculture,2019-03-30,128558.04
XSKFU,Terrón y Marco S.L.N.E,Augusto Salcedo,Sales Representative,Tarragona,Spain,Retail,Healthcare,2018-01-07,73697.27
UXNBN,White-Garza,Maria Maldonado,Purchasing Manager,Christopherhaven,USA,Government,Retail,2024-12-02,208650.19
VKJWD,Mosemann KG,Gaetano Wulff-Finke,Sales Representative,Karlsruhe,Germany,Wholesale,Healthcare,2024-02-27,102623.55
MTLMP,"Edwards, Dean and Wheeler",Jason Hernandez,Purchasing Manager,South Jenny,USA,Corporate,Education,2019-08-26,328164.37
HGXNS,Wilson-Weber,Alyssa Hernandez,VP of Purchasing,East Thomas,USA,Corporate,Technology,2024-03-14,888785.79
XCAQE,Beier Stiftung & Co. KG,Ing. Ruth Heydrich,Supply Chain Manager,Bautzen,Germany,Small Business,Hospitality,2023-01-11,171159.9
ADPYY,"Ramirez, Owens and Griffin",David Burton,Supply Chain Manager,Fishermouth,USA,Corporate,Education,2020-05-09,818452.96
FECLR,襄樊地球村科技有限公司,崔丽华,Purchasing Manager,齐齐哈尔市,China,Wholesale,Agriculture,2020-05-26,379649.55
ECOKX,Hermanos Peiró S.Coop.,Rafaela Olivia Portero Diez,Order Administrator,Navarra,Spain,Small Business,Transportation,2019-07-30,111611.62
UJORM,Dias,Simone du Leclerc,Operations Manager,Simon-les-Bains,France,Small Business,Education,2025-03-11,213358.45
VCWBH,"Mendoza, Miller and Young",Brian Wilson,Owner,Lake Joannaside,Australia,Corporate,Retail,2024-08-01,55584.48
JUGMP,"Chaudhry, Dubey and Zacharia",Guneet Vaidya,Marketing Manager,Indore,India,Wholesale,Manufacturing,2022-11-11,487514.62
EIKTB,Ahold,Janne Brandon,VP of Purchasing,Driel,Netherlands,Wholesale,Manufacturing,2018-05-09,31168.9
UHRLJ,"Cherubini, Galilei e Sollima e figli",Paoletta Colletti,VP of Purchasing,San Giorgio Di Nogaro,Italy,Corporate,Retail,2022-02-23,278088.93
NBXVR,Hauffer GbR,Univ.Prof. Filiz Schlosser,Operations Manager,Bad Mergentheim,Germany,Corporate,Food & Beverage,2019-10-27,877780.17
GHBOE,Thomas-Hughes,Conor Flynn,Owner,East Declan,UK,Corporate,Agriculture,2020-08-27,674657.24
UEUTR,Smith-Tucker,Brian Jackson,Purchasing Manager,North Marcus,USA,Retail,Technology,2020-07-20,133128.11
QFVGO,Maldonado LLC,Taylor Howard,VP of Purchasing,St. Christinebury,Australia,Government,Transportation,2021-11-14,1981678.59
PMNSQ,"Short, Baker and Collins",Ms. Ashley Jones,Sales Associate,New Pamton,Australia,Small Business,Food & Beverage,2022-11-18,15471.73
CSCBM,"Warner, Wyatt and Wilson",Shaun Barton,Owner,South Paula,UK,Small Business,Technology,2025-06-03,64153.83
WARNP,Duarte e Filhos,Yasmin Pereira,Purchasing Manager,Souza,Brazil,Corporate,Transportation,2018-04-13,56098.77
TWPCG,Mangold,Lucie Matthäi B.Sc.,VP of Purchasing,Gelnhausen,Germany,Small Business,Manufacturing,2022-10-15,234011.33
MQIKC,Wulff Schottin GbR,Hilma Peukert,Sales Representative,Grimma,Germany,Small Business,Transportation,2021-02-01,24170.6
TVRRN,Ruppert Hornig AG,Dipl.-Ing. Ottfried Loos B.Eng.,Sales Representative,Berchtesgaden,Germany,Wholesale,Healthcare,2021-03-28,448874.38
DKVYL,Schmidtke GmbH,Dr. Nurten Ortmann B.A.,Marketing Manager,Jülich,Germany,Retail,Education,2022-05-13,94046.82
COWMH,Diaz-Mccarthy,Thomas Caldwell,Owner,Hallhaven,USA,Corporate,Retail,2020-12-13,256544.63
SYRYH,Laboratorios Archuleta y Chacón,Sr(a). Isabel Valdivia,Sales Associate,San Virginia los bajos,Mexico,Retail,Retail,2022-10-25,126088.57
FHRBL,Perez LLC,Scott Doyle,Purchasing Manager,New Michaelview,USA,Government,Retail,2022-01-11,1289797.98
ENCKN,"Reynolds, Price and Arroyo",Elizabeth Norton,Sales Associate,Fletcherfurt,USA,Corporate,Technology,2019-04-29,298835.28
GIOOP,Reed Ltd,Kimberly Santos,Operations Manager,Adamsville,USA,Retail,Healthcare,2021-03-08,97464.09
YAHFR,Abreu,Sr. Enrico Cavalcante,VP of Purchasing,Moraes,Brazil,Corporate,Healthcare,2022-12-24,705590.49
IZTDY,Cunningham-Jones,Donna Murillo,Supply Chain Manager,Port Kathryn,USA,Corporate,Retail,2024-04-11,508426.54
IFBXB,"Mendoza, Hale and Brown",Ruth Harris,Logistics Coordinator,Cochranport,USA,Retail,Retail,2018-03-12,146857.31
LDEMN,Vargas Ltd,Kimberly Roberts,Owner,East Kelli,USA,Corporate,Hospitality,2018-03-20,474032.53
ZKBVI,Coleman Ltd,Timothy Johnson,Operations Manager,Mannburgh,Canada,Small Business,Agriculture,2018-11-16,165761.38
MHPQB,Ramirez Group,Juan Ignacio Cardozo,Sales Representative,Santa Rosa,Argentina,Retail,Retail,2021-02-06,31081.61
HWUZJ,Smith LLC,Suzanne Ramirez,Logistics Coordinator,East Lauraberg,USA,Corporate,Construction,2019-01-01,557810.3
YZLMQ,"Irwin, Adams and Chapman",Steven Clark,VP of Purchasing,Stantonside,USA,Retail,Education,2019-08-28,104563.66
ZFCPZ,Freeman-Williamson,John Chavez,Order Administrator,West Edwardport,USA,Wholesale,Transportation,2020-01-26,618032.67
TCPPF,Dara-Mahal,Avi Gala,Procurement Specialist,Sambalpur,India,Small Business,Hospitality,2023-10-28,145619.89
NRPPP,(주) 우리백제은행,이수진,Sales Associate,수원시 장안구,South Korea,Small Business,Retail,2024-02-05,175936.35
FVMLM,Dunn and Sons,Carl Robinson MD,Marketing Manager,Jillfurt,USA,Wholesale,Retail,2024-09-11,108316.47
ZFXUG,"Rogers, Aguilar and Moore",Michael Bennett,Operations Manager,Lisaport,USA,Small Business,Agriculture,2022-07-22,85708.62
TBRVG,Robinson PLC,William Paul,VP of Purchasing,Matthewborough,Canada,Corporate,Education,2024-03-26,762248.33
UNIKZ,Zahn Hövel OHG mbH,Stilla Rogner,Marketing Manager,Neunburg vorm Wald,Germany,Government,Construction,2019-01-21,1141501.55
DWZFQ,Alimentación Inteligentes S.Coop.,Demetrio de Iriarte,Sales Representative,Cuenca,Spain,Retail,Education,2020-10-31,30931.14
BPTIW,Promociones ZEKS S.A.,Jesusa Zorrilla-Villanueva,Purchasing Manager,Palencia,Spain,Small Business,Manufacturing,2024-03-05,208857.5
XXCSE,Demmendaal & Hulshouts,Jacob Bastiaense,Marketing Manager,Zuidland,Netherlands,Small Business,Food & Beverage,2020-05-31,34771.0
GPJCF,Macedo Monteiro e Filhos,Mariana Brito,Procurement Specialist,Aragão,Brazil,Corporate,Healthcare,2023-03-27,139125.22
UPAUM,Paffrath Birnbaum AG,Otfried Textor,Sales Associate,Gifhorn,Germany,Small Business,Education,2018-08-23,194916.67
QLRJU,Aguilar LLC,Austin Perez,Procurement Specialist,Nicholsburgh,Canada,Small Business,Manufacturing,2022-09-24,229093.28
ZPWSL,Tucker PLC,Jesus Williams,VP of Purchasing,Mccoymouth,USA,Wholesale,Healthcare,2021-03-04,263250.98
YKNBF,Henriksen & co.,Einar Johnsen,Supply Chain Manager,Johannesås,Norway,Small Business,Technology,2021-03-16,115941.21
DMFHA,Moulin Mace SA,Julie Colin,Sales Representative,Richard,France,Small Business,Retail,2021-01-11,163353.13
YCQWV,Lopez Inc,Jonathan Sawyer,Marketing Manager,Reneetown,Australia,Wholesale,Food & Beverage,2023-01-23,323551.16
EGIXC,飞海科技信息有限公司,李建军,Procurement Specialist,马鞍山县,China,Corporate,Manufacturing,2021-08-07,325679.81
TOWEZ,Edwards LLC,Kevin Thomas,Owner,Port Richardbury,USA,Corporate,Manufacturing,2019-07-18,282418.19
JSHKS,"Gutierrez, Fernandez and Roldan",Martina Dylan Ezequiel Martinez Bravo,Purchasing Manager,San Ferando del Valle de Catamarca,Argentina,Corporate,Agriculture,2019-05-20,454506.85
IZAUH,Williams Group,Alexander Woodward,Accounting Manager,Port Charlesborough,USA,Small Business,Healthcare,2019-12-02,157144.31
BFBIQ,Clark-Johnston,Martin Cox,Accounting Manager,Mosesville,Canada,Wholesale,Hospitality,2023-12-21,521173.47
NVKBX,Sanchez PLC,Ronnie Jenkins,Purchasing Manager,Mathewborough,Canada,Corporate,Healthcare,2020-04-12,352390.75
GTPEQ,"Matthews, Clements and Jordan",Allan James,Sales Representative,West Carole,UK,Corporate,Technology,2021-11-02,725568.74
RZPUO,Gröttner Heuser AG & Co. KGaA,Ottomar Säuberlich,Marketing Manager,Gotha,Germany,Corporate,Technology,2021-04-11,138607.0
VQOTP,Fields-Wells,Samantha Hill,Owner,Gregoryfort,USA,Wholesale,Healthcare,2024-03-22,592995.19
HQDAL,Gibbons-Russell,Ms Lorraine Robinson,Sales Representative,Middletonmouth,UK,Small Business,Healthcare,2022-03-21,71188.93
UROFG,Adams Group,Jacqueline Sanchez,Marketing Manager,New Sabrinachester,USA,Small Business,Hospitality,2020-04-01,235072.36
JXGAL,Kennedy-Riddle,Jared Perkins,Order Administrator,Erikmouth,Australia,Wholesale,Retail,2023-10-29,231102.13
EYYOI,Bradshaw-Long,Mary Morgan,Operations Manager,Martinezshire,Australia,Corporate,Education,2022-02-18,830132.87
WETOX,Adkins-Moore,Thomas Fischer,Procurement Specialist,Snydershire,USA,Wholesale,Education,2019-02-17,466364.49
XVWGL,Vink NV,Daniel van Kuijc,Supply Chain Manager,Rijnsaterwoude,Netherlands,Retail,Technology,2025-02-15,74427.91
PVMIG,"Garrett, Velazquez and Nguyen",Matthew Jenkins,Purchasing Manager,Vincentchester,USA,Wholesale,Agriculture,2019-11-06,171021.64
PPHOY,"Johnson, Glover and Long",Elizabeth Ruiz,Marketing Manager,New Charlene,USA,Retail,Manufacturing,2024-08-31,186195.11
KJZLP,"Cobb, Jones and Davis",Megan Porter,Supply Chain Manager,South Pennyhaven,Canada,Small Business,Transportation,2022-11-30,9018.27
LWQWW,鈴木建設株式会社,岡田 幹,Sales Associate,山武市,Japan,Small Business,Hospitality,2020-11-04,212338.44
XCZFN,Vazquez-Hampton,Terri Hill,Logistics Coordinator,Olsenside,Canada,Retail,Transportation,2024-10-09,30144.11
VKSAI,Röhricht AG & Co. KG,Myriam Höfig-Ruppersberger,Procurement Specialist,Cloppenburg,Germany,Wholesale,Technology,2018-12-27,709170.02
JRGXR,有限会社加藤建設,後藤 美加子,Marketing Manager,渋谷区,Japan,Corporate,Healthcare,2019-05-19,971173.9
XZOIW,Holsten,Petros Sager-Schulz,Accounting Manager,Kyritz,Germany,Small Business,Food & Beverage,2024-04-24,163199.69
KSUFI,Murialdo-Pisacane e figli,Corrado Sbarbaro,Owner,Stimigliano,Italy,Corporate,Manufacturing,2023-08-10,906179.0
LMSPX,"Mantegna, Amato e Gabrieli s.r.l.",Gelsomina Togliatti,Operations Manager,Fontaneto D'Agogna,Italy,Corporate,Food & Beverage,2025-06-12,852260.23
ZRGIS,Clayton Group,Alex Edwards-Sullivan,Operations Manager,New Michellemouth,UK,Small Business,Retail,2025-06-01,190114.62
HZBKT,van Allemanië Groep,Fedde Verhaar-Muijs,Procurement Specialist,Dodewaard,Netherlands,Small Business,Construction,2018-03-31,64900.98
WWRFN,Chokshi-Gara,Ayaan Comar,Marketing Manager,Shahjahanpur,India,Corporate,Hospitality,2022-04-03,70648.88
TLPPC,Simon-Johnson,Chloe Hall,Supply Chain Manager,Jasonchester,USA,Small Business,Food & Beverage,2024-03-30,190977.54
NJXXM,Laboratorios Lara y Tejeda,Guillermina Armenta Valladares,Order Administrator,San Augusto los altos,Mexico,Small Business,Transportation,2018-06-19,16949.3
IDYTF,Hancock Group,Amanda Mcknight,Accounting Manager,North Richardport,USA,Government,Healthcare,2022-05-02,1294849.25
NPTSG,"Garza, Sandoval and Ingram",Eric Nolan,Procurement Specialist,North Edward,USA,Corporate,Retail,2022-03-18,236367.45
RCSTB,Lindau Drubin GmbH,Peter-Michael Briemer,Marketing Manager,Gotha,Germany,Wholesale,Transportation,2020-03-10,243553.53
LXEKD,Vesterlund AB,Johanna Nordström Hansson,Marketing Manager,Norrköping,Sweden,Retail,Transportation,2025-06-20,136854.78
NXOXM,有限会社田中電気,橋本 浩,Operations Manager,あきる野市,Japan,Corporate,Transportation,2018-09-21,967879.06
PRQYV,Bengtsson & Svensson HB,Anna Olsson,Logistics Coordinator,Ängelholm,Sweden,Small Business,Construction,2024-08-15,91764.69
TUWWZ,Wilson-Mcdowell,Anne Maldonado,Marketing Manager,East Kevinmouth,USA,Small Business,Transportation,2023-01-06,107873.43
AWAWK,Renard S.A.S.,Aurore Charpentier-Morin,Order Administrator,Saint Zoédan,France,Corporate,Construction,2024-05-18,472894.55
CIMFU,Stewart-Kerr,Angela Noble,Owner,South Thomas,USA,Small Business,Food & Beverage,2021-10-28,198247.76
BWTUJ,Olivares y Lozano y Asociados,Elena Zedillo,Order Administrator,Nueva República Checa,Mexico,Wholesale,Retail,2023-11-29,200571.91
GGZUR,Thomas Ltd,Derek Flynn,Sales Associate,Lake Jessicaville,UK,Small Business,Education,2023-11-12,238688.62
WDKZQ,飞海科技网络有限公司,李红,VP of Purchasing,乌鲁木齐市,China,Wholesale,Food & Beverage,2018-08-14,213665.59
ZTBTV,Robinson-Williams,Jessica Stanley,Supply Chain Manager,Jonesside,USA,Retail,Education,2019-11-25,206995.6
PTNPK,Rogers-Murillo,Matthew Singh,Order Administrator,North Donstad,USA,Retail,Hospitality,2020-02-14,139166.55
IFZUH,合同会社山田情報,松本 春香,Sales Associate,北区,Japan,Corporate,Manufacturing,2020-12-04,496864.64
CQQNR,Patberg Roskoth KG,Herr Alexandros Koch II B.Sc.,Accounting Manager,Mallersdorf,Germany,Wholesale,Construction,2021-05-20,323416.34
WVODP,"Frías, Navarrete y Narváez",Mtro. Clemente Enríquez,Logistics Coordinator,San Teodoro los altos,Mexico,Small Business,Retail,2018-08-25,95370.73
PJNQH,Black and Sons,Dr Reece Owen,Sales Representative,Margarettown,UK,Wholesale,Healthcare,2021-07-27,27616.45
SMXWI,"Williams, Carter and Duarte",Ashley Walker,Operations Manager,Hickschester,USA,Government,Construction,2024-06-14,1116556.85
EGJFC,Williams-Graves,Robert Mcdowell,Sales Associate,Lake Tinachester,USA,Small Business,Manufacturing,2021-01-24,123715.6
GOVGT,Maillet SARL,Patrick Dufour,Procurement Specialist,BlanchardVille,France,Small Business,Manufacturing,2021-07-15,116525.76
VAIGC,Edström AB,Evelyn Oskarsson,Logistics Coordinator,Jönköping,Sweden,Retail,Retail,2019-09-20,229499.36
NQVZN,"Hernandez, Thompson and Moore",Donald Murphy,Logistics Coordinator,New James,USA,Government,Technology,2025-06-29,885877.61
WMCCF,PPUH Pielka-Tworzydło Sp. z o.o.,Tomasz Ostapiuk,Order Administrator,Wieluń,Poland,Corporate,Healthcare,2023-08-19,58229.55
JGYKI,Mentzel Schleich e.V.,Ercan Köhler,Purchasing Manager,Vilsbiburg,Germany,Small Business,Construction,2018-11-13,234237.92
JEDOI,Palan Ltd,Dipta Hari,Supply Chain Manager,Mango,India,Wholesale,Food & Beverage,2024-12-13,611413.29
SRZXZ,Vargas Ramos - EI,Caroline Abreu,Procurement Specialist,da Rocha do Campo,Brazil,Retail,Education,2022-10-17,93446.45
XWJIQ,Mendonça,Ana Cecília Peixoto,Marketing Manager,Moura de da Costa,Brazil,Small Business,Hospitality,2018-03-21,148961.18
TOOSB,"Brown, Ford and Bowen",Dorothy Hussain,Owner,Normanport,UK,Retail,Agriculture,2018-07-31,20932.51
KGSZE,Savage-Martinez,Paige Davis,Sales Representative,Keithside,USA,Corporate,Construction,2021-01-27,882486.48
TGTBP,da Paz,Dra. Carolina Novaes,Purchasing Manager,Cavalcanti,Brazil,Corporate,Agriculture,2018-08-21,348675.06
FCCSC,Simon Collin S.A.,Zoé Vaillant,Marketing Manager,Saint Célina,France,Corporate,Education,2022-03-09,394321.05
YIBBH,Carrizo Inc,Antonia Ana Paula Barrios,Owner,La Rioja,Argentina,Small Business,Agriculture,2019-11-17,26547.97
XQXKP,Short Group,Alexis Olsen,Accounting Manager,Susanfort,Australia,Government,Education,2023-11-17,707556.68
VLTHZ,Rudolph,Mathilde Wilmsen,Accounting Manager,Prenzlau,Germany,Corporate,Agriculture,2023-09-10,754883.35
PDYWP,Johnston Ltd,Jason Oconnell,Order Administrator,Lake Kennethberg,USA,Corporate,Technology,2021-11-23,341446.73
QTCKC,"Patterson, Bennett and Luna",Jason Allen,Logistics Coordinator,Avilastad,USA,Wholesale,Technology,2021-04-30,525265.75
BTVSN,Miller LLC,Jason House,Sales Representative,Beckland,USA,Corporate,Manufacturing,2020-03-28,177297.74
KDVYD,"Brown, Howard and Reid",Cheyenne Sharp,Purchasing Manager,Port Kenneth,Australia,Small Business,Transportation,2020-04-04,92180.71
EUVOJ,Dueñas y Medrano y Asociados,Óscar Lerma Enríquez,Sales Representative,Nueva Gabón,Mexico,Corporate,Healthcare,2019-04-22,649855.83
USTAO,Blanchet,Alfred Paris,Sales Representative,Sainte Mathilde-les-Bains,France,Government,Education,2020-04-22,1035325.57
OLSEA,"Narayanan, Oommen and Koshy",Hritik Narang,VP of Purchasing,Satna,India,Government,Manufacturing,2021-06-09,1161827.84
TGEMD,"Hebert, Cruz and Flowers",Jamie Martin,Supply Chain Manager,West Shannon,Canada,Small Business,Manufacturing,2019-10-17,86995.89
VIZWU,주식회사 코어바이오,이은서,Owner,광주시,South Korea,Wholesale,Retail,2019-05-12,687307.44
KUBOE,Jørgensen ApS,Dr. Lucas Jessen,Sales Representative,Brenderup,Denmark,Corporate,Technology,2020-02-05,794016.87
XGYKZ,Juarez Group,Florencia Helena Juarez,Order Administrator,La Rioja,Argentina,Corporate,Construction,2019-03-09,72129.09
QZPIK,NDC Mediagroep,Micha Jans,Logistics Coordinator,Eeserveen,Netherlands,Corporate,Food & Beverage,2018-03-14,139079.94
QJUFO,Ladeck GmbH & Co. KG,Herr Hans Jürgen Stolze,Procurement Specialist,Saarbrücken,Germany,Small Business,Agriculture,2019-04-27,113485.39
JSXPV,Archer Daniels Midland Nederland,Lenn Aelftrud van Wessex-de Smit,Purchasing Manager,Holthone,Netherlands,Corporate,Food & Beverage,2025-05-23,445855.94
YVACC,Walton-Maddox,David Moore,Logistics Coordinator,West Amandastad,USA,Retail,Agriculture,2018-01-21,98636.69
MPRLW,Hermanowicz-Downar Sp. z o.o.,Dominik Winek,Supply Chain Manager,Zamość,Poland,Small Business,Healthcare,2022-10-26,129690.24
DSGZP,Brooks and Sons,John Munoz Jr.,Order Administrator,East Jeannemouth,USA,Wholesale,Agriculture,2021-03-23,147154.12
HBSDL,Thomas-Skinner,Mitchell Campbell,Supply Chain Manager,Brownstad,Australia,Wholesale,Education,2020-08-26,194184.87
OPWYK,Jessel,Ottmar Mende,Marketing Manager,Geithain,Germany,Small Business,Construction,2018-01-02,86188.38
RKAOW,Acosta-Madden,David Rivers,Procurement Specialist,Owensside,USA,Small Business,Agriculture,2023-10-05,188312.59
UJRPE,Kabus Kohl GmbH,Nadeschda Hövel B.A.,VP of Purchasing,Anklam,Germany,Retail,Agriculture,2023-11-12,167569.68
EXSXT,Spier NV,Olaf Groenestein-Estey,Purchasing Manager,Sint-Annaland,Netherlands,Small Business,Retail,2025-04-19,65139.99
LNINH,Costa-Dawson,Gregory Hopkins,Sales Associate,Jonestown,USA,Small Business,Technology,2023-11-16,161588.96
PKIOM,Lenoir Fernandez et Fils,Valentine Lévy,Accounting Manager,Sainte Margaud,France,Wholesale,Construction,2018-07-23,260954.0
ICJFY,Cassiano S.A.,Bernardo Rocha,Order Administrator,Gonçalves,Brazil,Retail,Education,2021-08-02,151926.57
NQHSZ,"Frazier, Ramos and Hughes",Mackenzie Harris,Purchasing Manager,East Edward,USA,Retail,Hospitality,2023-02-15,177909.75
NRZEL,Powell PLC,Deborah Taylor,Purchasing Manager,Littlehaven,UK,Wholesale,Hospitality,2023-05-26,597683.98
LIGKU,"Hunt, Gutierrez and Buck",Dustin Hernandez,Purchasing Manager,Jameston,Canada,Wholesale,Technology,2018-03-21,250243.37
KNLYA,"Sanchez, Greer and Mejia",Paul Cunningham,Owner,Port John,USA,Small Business,Healthcare,2023-03-24,90985.79
EVKEA,Meunier Poirier S.A.R.L.,Camille Gillet,Logistics Coordinator,Raymond-sur-Mer,France,Small Business,Transportation,2018-12-14,164790.88
XDNTU,Fischer-Nichols,John Spencer,Marketing Manager,Gutierrezshire,USA,Small Business,Construction,2018-07-15,46011.28
OONGR,Häring Pruschke AG & Co. KG,Bekir Dippel,Owner,Strasburg,Germany,Retail,Agriculture,2024-07-11,242852.93
UFHAV,Roberts-O'Brien,Dr Donna Akhtar,Order Administrator,Taylorbury,UK,Retail,Transportation,2024-07-13,188199.0
WKZMY,Bolnbach Fechner GmbH & Co. KGaA,Ing. Gino Kaul,Order Administrator,Grafenau,Germany,Corporate,Technology,2021-08-31,886713.63
PXBXM,Davies-Sinclair,Dr Mohammad Jones,Accounting Manager,Smithmouth,UK,Retail,Technology,2021-10-31,160083.05
DQTKS,"Simmons, Martin and Olsen",Michelle Rivas,Accounting Manager,West Richardberg,USA,Small Business,Hospitality,2020-05-11,31235.95
SVJLQ,木村通信有限会社,小林 花子,VP of Purchasing,横浜市戸塚区,Japan,Corporate,Agriculture,2018-10-28,396209.22
ZWYZS,"Brown, Fisher and Martinez",Jason Vasquez,VP of Purchasing,Lake Luis,USA,Wholesale,Healthcare,2018-03-01,428885.03
RLWOC,Lindberg Englund HB,Anna Lidén,Sales Representative,Skövde,Sweden,Small Business,Technology,2024-07-05,68656.29
JMNHK,Jakobsen-Aasen,Johan Ødegård,Operations Manager,Sanderodden,Norway,Small Business,Food & Beverage,2021-06-17,208641.43
CUOOC,Hermanos Ochoa S.L.N.E,Jordana Cerro-Pereira,Procurement Specialist,Melilla,Spain,Corporate,Transportation,2020-03-08,405912.08
ORHUP,"Williams, Johnson and Hall",Brandi Carter,Sales Representative,Port John,USA,Small Business,Hospitality,2021-05-02,110213.79
ONRGU,"Wallace, Faulkner and Bennett",Jay Phillips-Collins,Order Administrator,Jonesmouth,UK,Government,Transportation,2018-02-02,617015.28
JUPAA,Cordier Lombard S.A.,Raymond Launay,Order Administrator,Thomas,France,Small Business,Construction,2018-11-05,69514.38
FVFTN,Corbo SPA,Ugolino Maggioli,VP of Purchasing,Bolzano Vicentino,Italy,Small Business,Education,2024-11-17,215656.74
EDAPT,Pedrazzini Group,Etta Flaiano,Owner,Collepepe,Italy,Small Business,Healthcare,2021-03-03,78122.25
FPMZR,Lowe-James,Katrina Mays,Purchasing Manager,Jimenezland,USA,Corporate,Education,2023-03-24,661276.55
WTPGR,Petit,Jeannine Seguin,VP of Purchasing,Gay,France,Corporate,Agriculture,2024-07-27,509568.77
YMNKC,"Anderson, Hart and Wood",Keith Flowers,Order Administrator,Port Jacobview,USA,Corporate,Transportation,2022-08-29,343569.58
IQMQI,Rose AG & Co. OHG,Anika Söding,Marketing Manager,Bischofswerda,Germany,Retail,Agriculture,2018-10-24,94846.05
OVRPZ,Hornich Krein AG,Ing. Ramona Radisch B.Sc.,Order Administrator,Fürstenfeldbruck,Germany,Small Business,Construction,2025-02-17,78845.91
YCKBU,Renault SARL,Antoine Carre,Procurement Specialist,Sainte Olivier,France,Wholesale,Manufacturing,2018-06-24,480350.63
FEFTU,Cruz-Hicks,Daniel Rivera,VP of Purchasing,West Zacharyborough,USA,Small Business,Food & Beverage,2021-07-30,78642.84
GUZLS,Julien,Claude Girard,Accounting Manager,Dupont,France,Wholesale,Transportation,2022-09-06,510344.7
VVGHO,Henry S.A.R.L.,Margaud du Carre,Logistics Coordinator,Massondan,France,Small Business,Education,2024-04-20,248700.03
FYJTA,Novaes,Arthur Miguel Borges,Operations Manager,Cassiano,Brazil,Corporate,Construction,2024-08-29,833413.35
CJRRB,"Garcia, Merritt and Rose",Michele Webb,Purchasing Manager,South Clarencestad,USA,Small Business,Food & Beverage,2021-11-13,235328.72
UHAOS,Lamy,Pauline de Clément,Sales Representative,Masse-sur-Lelièvre,France,Retail,Education,2024-03-12,81884.93
XETJV,Gonzales-Riley,Christina Gonzalez,Marketing Manager,Joneston,USA,Government,Construction,2023-05-24,906018.97
GZUMG,Kade KG,Hans-Günther Grein Groth B.Eng.,VP of Purchasing,Sonneberg,Germany,Wholesale,Agriculture,2022-01-15,455901.11
BDNFU,"Bailey, Murphy and Thornton",Danielle Crane,Marketing Manager,New Diana,USA,Corporate,Education,2023-10-10,829259.19
PBEPX,"Gade, Mandal and Dutta",Mugdha Dhar,Accounting Manager,Bhind,India,Corporate,Manufacturing,2024-10-14,976801.64
KRFMU,"Olson, Hansen and Jones",Robert Hickman,Supply Chain Manager,Kelleyborough,USA,Small Business,Hospitality,2018-01-12,237920.04
ZFTZR,Bailey PLC,Ms Tracy Hutchinson,VP of Purchasing,Carpenterfurt,UK,Corporate,Transportation,2021-03-22,689867.19
JQVOD,"Shepherd, Walker and Stewart",Roberta Mckinney,Owner,West David,USA,Small Business,Education,2021-11-18,49461.31
KXMPG,Mountain-Deehan,Adrian Toolis,Purchasing Manager,Karl Ville,Ireland,Corporate,Agriculture,2022-01-04,870784.18
LPCDD,Cardoso,Srta. Mirella Teixeira,Marketing Manager,Novais,Brazil,Wholesale,Retail,2024-06-25,79780.16
EWUCC,Clements Group,Thomas Clements,Operations Manager,North Natashahaven,Canada,Wholesale,Agriculture,2020-03-11,436516.35
VVWKT,Coppens-Timmerman CommV,Céline Van Hoof,Order Administrator,Bissegem,Belgium,Small Business,Manufacturing,2018-01-24,159148.35
XSERI,Lane Inc,Mr Bradley Dale,Accounting Manager,Francesport,UK,Retail,Hospitality,2021-08-31,132589.12
RRTSC,"Berlusconi, Navone e Sordi s.r.l.",Berenice Renault,Sales Associate,Valbruna,Italy,Retail,Healthcare,2023-01-30,130246.3
IBOQO,"Mccoy, Rodriguez and Diaz",Hannah Ross,Logistics Coordinator,Russellton,USA,Small Business,Transportation,2022-07-21,210187.83
NUNXW,"Maldonado, Warren and Young",Derek Smith,Purchasing Manager,Edwinport,Australia,Corporate,Retail,2025-01-30,207521.88
GNFIZ,Jensen-Sivertsen,Prof. Gunnar Vik,Purchasing Manager,Paulsen,Norway,Corporate,Transportation,2019-07-03,210534.76
KFNWK,"White, Monroe and Riley",Dana Hanson,Accounting Manager,South Andrewport,USA,Small Business,Transportation,2021-08-01,16321.42
ZRMCO,Leão Aragão S/A,Dr. Danilo Barros,Operations Manager,Andrade do Campo,Brazil,Small Business,Construction,2018-05-01,96428.25
RRBKY,Neveu,Marc Petit,Operations Manager,Saint Grégoire,France,Corporate,Manufacturing,2021-01-03,568320.14
KBHNV,"Silva, Diaz and Perez",Nahuel Luna,Marketing Manager,Santiago del Estero,Argentina,Corporate,Retail,2022-03-03,417766.51
IKPMC,Quinn LLC,Tony Edwards,Supply Chain Manager,Abigailland,UK,Corporate,Food & Beverage,2022-07-01,356756.21
TPAUG,凌颖信息传媒有限公司,梁娟,Supply Chain Manager,丽县,China,Corporate,Construction,2025-05-19,733352.23
QFDVZ,Mander-Khatri,Arin Johal,Logistics Coordinator,Shimla,India,Retail,Transportation,2023-03-11,172255.88
BWOCK,"Russell, Diaz and Osborne",James Cook,Procurement Specialist,Lake Tyler,USA,Corporate,Technology,2018-12-18,491319.53
HDIGP,Williams Inc,Morgan Barrett,VP of Purchasing,New Peterton,USA,Retail,Retail,2018-08-25,196334.92
EUDCO,"Morris, Pearson and Newton",James Moore,Owner,Leonardborough,UK,Small Business,Agriculture,2024-03-05,116596.42
NDVPF,Carocci-Piccio e figli,Dott. Sole Ficino,Order Administrator,Mappano,Italy,Small Business,Agriculture,2020-05-26,207751.24
VQAJG,Kirk-Browning,Micheal Wall,Order Administrator,Port Alexander,USA,Retail,Transportation,2024-10-18,81317.11
JFRIA,戴硕电子科技有限公司,王玉,Sales Representative,北京县,China,Wholesale,Manufacturing,2024-05-25,59136.56
CXGCI,Grupo Zurita S.L.,Florencio del Barón,Procurement Specialist,Murcia,Spain,Retail,Construction,2024-08-07,178100.76
AFVWL,Pinto Rodrigues S/A,Heloísa Aragão,Operations Manager,Santos de Goiás,Brazil,Retail,Hospitality,2022-09-30,214969.97
EINXX,吉田建設有限会社,田中 里佳,Accounting Manager,鎌ケ谷市,Japan,Corporate,Manufacturing,2021-11-01,914572.32
ACKOG,株式会社岡本運輸,松本 春香,VP of Purchasing,横浜市戸塚区,Japan,Small Business,Construction,2025-05-17,83586.24
KGTLV,"Turner, Ellis and Terry",Jimmy Smith,Operations Manager,Rhondabury,USA,Small Business,Technology,2018-07-21,215138.62
HIYRS,Johnson LLC,Theresa Craig,Supply Chain Manager,North Michelle,USA,Wholesale,Transportation,2021-03-30,515333.68
GCTTB,Industrias Ramos y Santacruz,Clara Barbara Valdez Viera,Marketing Manager,Vieja Chile,Mexico,Corporate,Construction,2023-01-01,801682.86
SLXZX,"Kaul, Som and Reddy",Ayush Chawla,Accounting Manager,Shivpuri,India,Retail,Education,2021-03-15,33496.05
OXWPS,"Delacruz, Hicks and Mendoza",Beth Schmidt,Operations Manager,South Sara,USA,Wholesale,Healthcare,2021-03-29,636680.54
ZKWVE,Alves,Miguel Vasconcelos,Owner,Marques,Brazil,Small Business,Construction,2024-12-04,223295.11
PXUKD,Scheel AG & Co. KGaA,Dipl.-Ing. Heinz-Gerd Lübs,Purchasing Manager,Osterburg,Germany,Corporate,Construction,2024-03-23,499023.65
LHTKL,"Brown, Harrison and Chamberlain",Joe Cunningham,Procurement Specialist,Scottmouth,UK,Small Business,Transportation,2019-04-08,42166.67
OHIYR,Segebahn,Hilmar Hornich,Marketing Manager,Hersbruck,Germany,Small Business,Construction,2022-03-29,129330.3
JWTAL,Heinonen Oy,Kalevi Lehikoinen-Laine,Logistics Coordinator,Pielavesi,Finland,Small Business,Construction,2020-03-22,49589.1
QWBNY,Pettersson & Sundqvist HB,Alexander Andersson,Procurement Specialist,Halmstad,Sweden,Small Business,Construction,2018-12-08,193044.78
LLPMT,Nicolas,Margot Guillet,Marketing Manager,Guillon-sur-Mer,France,Small Business,Technology,2022-04-14,40357.2
METTL,Lawrence LLC,Heather Davis,VP of Purchasing,Millerville,USA,Wholesale,Food & Beverage,2024-04-22,711105.55
ZDOKE,Vora-Sangha,Daksh Patel,Owner,Kolkata,India,Small Business,Retail,2023-05-21,75417.81
FYGUF,Green PLC,Catherine Gould,Supply Chain Manager,Baileymouth,USA,Retail,Manufacturing,2025-06-09,73581.13
KSAWY,"Hall, Smith and Thomas",Caleb Simon,Supply Chain Manager,West Cynthia,USA,Retail,Manufacturing,2018-06-24,178390.9
APREL,村上水産有限会社,田中 明美,Sales Associate,中野区,Japan,Small Business,Retail,2022-12-16,151702.49
NGSBU,"Cooper, Cowan and Martin",Jennifer Clark,Accounting Manager,Lake Annfurt,USA,Corporate,Agriculture,2019-04-06,369515.16
UICZQ,Albuquerque - ME,Fernanda Almeida,Procurement Specialist,da Luz,Brazil,Wholesale,Manufacturing,2023-11-20,145870.98
IDUIZ,Horton-Davison,Diana Nelson-Price,Sales Associate,South Heather,UK,Wholesale,Manufacturing,2020-02-29,728701.66
UMWYO,Thanel e.V.,Jeannine Zänker,VP of Purchasing,Sondershausen,Germany,Retail,Agriculture,2023-09-19,102237.42
BSYEG,加藤運輸合同会社,青木 幹,Purchasing Manager,長生郡白子町,Japan,Retail,Food & Beverage,2018-05-17,225981.28
ZXOZX,Daniels-Vasquez,Matthew King,Supply Chain Manager,Jefferymouth,USA,Wholesale,Retail,2023-06-07,416460.55
NMXNF,Gillet,Paulette Monnier,Logistics Coordinator,Philippe-la-Forêt,France,Corporate,Retail,2021-10-18,815287.48
UEVMR,Novais,Srta. Maria Rezende,Sales Associate,Pires da Serra,Brazil,Small Business,Hospitality,2024-05-28,109642.02
TONMA,Lewis-Irwin,Kelly Allen,Purchasing Manager,Port Elizabethmouth,USA,Wholesale,Retail,2021-07-17,407126.51
RDARS,"Jones, Bennett and Hutchinson",Lesley Walsh-Young,VP of Purchasing,Vaughanside,UK,Wholesale,Hospitality,2019-08-21,549289.91
HYBHM,Ribeiro,Martin Godard-Blot,Sales Representative,Regnier,France,Government,Hospitality,2018-03-28,205551.91
KDMQA,(유) 보람금고,오예준,Purchasing Manager,양양군,South Korea,Small Business,Technology,2020-01-07,171831.76
GEBWK,Cavalcante,Srta. Ana Júlia Marques,Operations Manager,da Mota,Brazil,Small Business,Education,2019-04-17,76626.89
YEAZN,Nunes Aparecida e Filhos,Melissa da Conceição,Operations Manager,Casa Grande de Pastor,Brazil,Corporate,Healthcare,2020-05-11,704354.76
NQLUW,"Kramer, Reed and Fuller",Dana Schaefer,Order Administrator,South Devinside,USA,Small Business,Construction,2025-06-10,42614.64
MGRIS,Gomez Ltd,Michael Smith,Supply Chain Manager,Andrewburgh,USA,Small Business,Food & Beverage,2025-03-10,28435.18
CLPWM,Collins LLC,Austin Stout,Sales Representative,Kelseybury,USA,Corporate,Retail,2024-03-06,382877.68
BWESJ,Pinto,Sr. Bruno Silveira,Marketing Manager,Camargo,Brazil,Corporate,Retail,2019-01-25,971054.81
AGQFM,Bruneau,Guillaume Brun,Order Administrator,Pelletier-les-Bains,France,Small Business,Construction,2024-08-19,227825.34
ZQJID,Bray-Williams,Karl Walker,Sales Associate,Jamieton,UK,Wholesale,Construction,2021-12-04,493295.22
PZXMV,Walker-Lee,Hayley Carter,Operations Manager,West Crystalchester,USA,Small Business,Hospitality,2025-04-27,248755.16
XHVVP,Mattila Oy,Anneli Nylund,Sales Representative,Nurmes,Finland,Small Business,Education,2024-03-18,152316.08
OSEQY,Sá,Hellena Sales,Operations Manager,Sampaio de Andrade,Brazil,Wholesale,Healthcare,2024-12-03,575800.58
SLETH,"Cervántez, Rojo y Escamilla",Sr(a). Linda Reséndez,VP of Purchasing,Nueva México,Mexico,Small Business,Education,2019-11-16,215682.35
MMPWJ,Cuevas and Sons,Mary Rivas,Purchasing Manager,Sylviaburgh,Canada,Small Business,Technology,2023-09-14,189407.42
FNRBE,Sjölund Dahl HB,Julia Karlsson,Supply Chain Manager,Falun,Sweden,Corporate,Healthcare,2019-03-14,306700.11
AHHPK,Lima - EI,Bryan Pereira,Owner,da Costa do Sul,Brazil,Small Business,Food & Beverage,2023-12-03,144067.92
BSMMD,Leblanc PLC,Benjamin Garner,Sales Representative,West Matthewmouth,USA,Small Business,Retail,2023-05-28,35843.23
DAKPB,"Fernandez, Hardin and Martinez",Misty Alexander,Purchasing Manager,East Stephanieborough,USA,Wholesale,Manufacturing,2020-02-07,694140.61
BCIMC,Proyectos Tamez y Valadez,Sr(a). Homero Sandoval,Logistics Coordinator,San Aurora los altos,Mexico,Corporate,Transportation,2020-03-09,225129.34
IBMWK,Brown LLC,Dana Evans,Owner,Port Erinside,USA,Retail,Hospitality,2019-04-26,132817.32
PFZPZ,"Young, Sanchez and Anderson",Jacob Gray,Accounting Manager,New Chelsea,USA,Small Business,Manufacturing,2018-10-29,45078.06
QVZQI,da Rocha,Amanda Souza,Sales Associate,Pires Paulista,Brazil,Government,Transportation,2019-06-16,1596281.59
CJWAE,Tremonti e figli,Giulietta Grasso-Roccabonella,Sales Associate,Caporiacco,Italy,Wholesale,Retail,2019-09-08,562771.55
UKASD,Morel et Fils,Xavier Mary,Supply Chain Manager,GuilletBourg,France,Corporate,Food & Beverage,2023-01-31,718012.46
LVKWQ,Mayorga-Alemán,Concepción Viera,Accounting Manager,Vieja Samoa,Mexico,Corporate,Agriculture,2018-12-13,514445.99
SIRBX,Correa-Bustos,Jazmín Bianca Mansilla,Sales Representative,San Ferando del Valle de Catamarca,Argentina,Small Business,Hospitality,2023-02-19,103135.33
DSBLY,Bernier SA,Victoire de la Maurice,Accounting Manager,Barbier,France,Retail,Healthcare,2018-09-26,157383.34
GOPHW,"Smith, Swift and Tucker",Dr Gillian Davies,Logistics Coordinator,Hobbsville,UK,Wholesale,Construction,2023-10-17,652216.66
REMSI,Ciani-Zeffirelli s.r.l.,Adelasia Roth,Marketing Manager,Vittorio Veneto,Italy,Corporate,Agriculture,2020-08-05,143677.59
AMHGX,"Yang, Pittman and Miller",Amy Hill,VP of Purchasing,North Lisaburgh,USA,Corporate,Retail,2018-01-17,986472.26
CEHMG,Kostolzin,Prof. Ivan Röhricht B.Sc.,VP of Purchasing,Wolfenbüttel,Germany,Small Business,Education,2025-01-17,51764.97
EGJIB,Baquero & Asociados S.Coop.,Gloria Santamaria,Owner,Almería,Spain,Corporate,Retail,2019-10-13,360320.89
MCYIW,Hermanos Aguirre S.Coop.,Elías Raya,Owner,Soria,Spain,Wholesale,Manufacturing,2020-08-10,484686.18
HDQRH,合同会社山下鉱業,後藤 英樹,Order Administrator,三鷹市,Japan,Small Business,Hospitality,2018-09-21,24280.58
JJCIN,Oneal PLC,Jill Jones,Owner,Craigbury,Canada,Retail,Agriculture,2020-02-08,23465.09
GZZIA,Garcia LLC,Aaron Young,Logistics Coordinator,West Laura,USA,Wholesale,Manufacturing,2019-04-21,468149.27
TBSMI,"Singh, Jennings and Jones",Jasmine Martinez,Operations Manager,Walkertown,USA,Retail,Education,2019-10-13,92695.87
XKUEN,Paulsen & Søn A/S,Univ.Prof. Frede Vestergaard,VP of Purchasing,Tureby,Denmark,Corporate,Manufacturing,2023-08-13,439100.6
UDKVB,"Mccarthy, Wong and Patterson",Andrew Gomez,VP of Purchasing,West Hollyville,USA,Retail,Education,2023-11-07,223485.44
GDWAL,Gentry-Bryant,Derrick Diaz,Purchasing Manager,Lake Daltonborough,Australia,Small Business,Manufacturing,2021-06-09,42691.47
OKVRK,"Hyde, Miller and Young",Simon Johnson,Operations Manager,Lindaview,UK,Small Business,Hospitality,2025-01-02,79987.62
SKXNT,斎藤鉱業合同会社,中村 真綾,Supply Chain Manager,横浜市保土ケ谷区,Japan,Corporate,Food & Beverage,2018-11-11,124714.89
TTWTP,Price Group,Elaine Williams,Operations Manager,Lake Franceshaven,UK,Wholesale,Agriculture,2021-10-01,388106.54
PAUXR,Mathis and Sons,Jennifer Taylor,Sales Associate,Hubbardfurt,USA,Retail,Agriculture,2024-12-03,133135.67
NSTCV,Ring Hartmann AG,Grete Oderwald,Order Administrator,Miltenberg,Germany,Retail,Construction,2018-09-27,16207.75
APIKO,"Baker, Whittaker and Morris",Mr Jake Elliott,Sales Representative,Lake Abbie,UK,Small Business,Retail,2024-12-13,133381.32
YSEAQ,Contreras-Ali,Richard Blackwell,Procurement Specialist,South Roger,USA,Corporate,Manufacturing,2023-06-15,475057.16
LJHMF,Lucio e Hijos,Angélica Reyna Peña,Logistics Coordinator,Vieja Cuba,Mexico,Wholesale,Food & Beverage,2022-09-10,720584.81
TPYNP,Brooks LLC,Ashley Sanders,VP of Purchasing,Clarkchester,USA,Retail,Education,2019-12-18,30293.85
ZPFLC,Skinner Group,Joshua Cunningham,Sales Associate,Mcintoshborough,USA,Small Business,Construction,2020-10-29,13653.06
NSLBO,Zahn,Herr Alex Holsten B.A.,Operations Manager,Teterow,Germany,Retail,Hospitality,2022-07-10,109121.71
BRUVF,Heidrich,Monika Heidrich-Stumpf,Accounting Manager,Zschopau,Germany,Corporate,Hospitality,2020-07-31,528591.68
RFYAA,思优科技有限公司,朱华,Order Administrator,玉英市,China,Small Business,Education,2020-02-06,109987.95
FUSMG,Lalla Inc,Maanav Chandra,VP of Purchasing,Tinsukia,India,Corporate,Technology,2021-05-21,520372.61
CUVCH,Moraes Castro Ltda.,Camila Moreira,Operations Manager,Almeida,Brazil,Government,Food & Beverage,2018-08-28,1719016.44
RDJVI,Griffin PLC,Theresa Pearson,Owner,Cookmouth,USA,Government,Education,2021-12-10,661996.06
NTAOX,"Sheridan, Kealy and O'Tierney",Shea Nugent-Cody,Marketing Manager,Isaac Ville,Ireland,Small Business,Transportation,2018-10-19,103358.09
NMICF,Masson SARL,Odette Daniel-Delattre,Marketing Manager,Blondel,France,Wholesale,Manufacturing,2023-07-13,205329.71
RAPHI,"Harvey, Alvarado and Cooley",Alexandra Jones,Supply Chain Manager,Lake Lauren,USA,Small Business,Healthcare,2024-05-26,246549.37
ZHLOZ,Cordier,Benoît Cordier-Bourgeois,Sales Associate,Saint Jeanninedan,France,Small Business,Manufacturing,2025-05-09,106261.51
NMFCP,Kitzmann Meister AG & Co. KGaA,Frau Hertha Schenk,Sales Associate,Schmölln,Germany,Corporate,Education,2021-01-28,197442.75
QBEGD,Tripathi-Bobal,Siddharth Vora,Accounting Manager,Katni,India,Corporate,Technology,2021-12-22,756380.16
WYECJ,Rocher Rousseau SA,Tristan de Didier,Supply Chain Manager,Sainte Clémenceboeuf,France,Wholesale,Manufacturing,2019-05-31,99159.51
QUNXI,Camargo Gomes S.A.,Srta. Mariah Campos,Sales Associate,Barbosa,Brazil,Small Business,Food & Beverage,2021-07-10,178861.28
WFDNH,"Moneta, Interminelli e Barese SPA",Arsenio Golgi-Simeoni,Accounting Manager,Castelsaraceno,Italy,Small Business,Construction,2022-07-04,13243.14
UKIMP,Freitas,Lívia Montenegro,Procurement Specialist,Fernandes,Brazil,Wholesale,Manufacturing,2023-03-17,244490.94
DUGOG,Frazier PLC,Sandra Hernandez,Procurement Specialist,Yvetteborough,USA,Wholesale,Healthcare,2022-07-11,550035.51
LMHBY,Thomas LLC,Stephanie Rodriguez,Purchasing Manager,Chadburgh,USA,Retail,Food & Beverage,2020-06-02,175385.28
JPDGD,Schuchhardt Stiftung & Co. KGaA,Sarah Nohlmans,Marketing Manager,Eisenhüttenstadt,Germany,Government,Technology,2024-10-11,112162.12
GYUWO,Fuentes and Sons,Jennifer Johnson,Logistics Coordinator,Hallview,USA,Corporate,Hospitality,2020-09-06,823853.57
QTWJR,Foletti Group,Dott. Cesare Mazzini,Supply Chain Manager,Pernumia,Italy,Corporate,Manufacturing,2019-08-19,739967.05
OUHZF,Schleich GbR,Timo Wirth,Purchasing Manager,Sankt Goarshausen,Germany,Corporate,Healthcare,2020-12-30,767837.57
CWWQI,Vasconcelos,Ana Clara Rezende,Order Administrator,Sampaio da Mata,Brazil,Retail,Healthcare,2020-09-18,43360.23
LPAIB,Cervántez y Ledesma e Hijos,Ramiro Zedillo del Valle,Order Administrator,Vieja Niger,Mexico,Small Business,Construction,2022-10-07,187485.84
UXLHV,Monduzzi SPA,Lolita Tomasetti,Operations Manager,Buscoldo,Italy,Small Business,Hospitality,2018-07-02,10336.33
VJXHM,Lewis PLC,Timothy Chavez,Sales Representative,Schwartzville,USA,Small Business,Transportation,2021-08-03,151912.66
LGFWY,Magrassi SPA,Dott. Gloria Chiappetta,Accounting Manager,Narni Stazione,Italy,Corporate,Construction,2022-11-05,632765.03
LPFPS,Walcher & Hochleitner AG,Prof. Ronya Wiesinger,Sales Associate,Berndorf,Austria,Wholesale,Construction,2021-02-01,234474.64
QZBVA,Lopez and Sons,Eric Smith,Sales Representative,Lake Krystalport,USA,Small Business,Transportation,2020-01-05,90895.26
SOJYK,Thorsen RFH,Jonas Sandvik,Purchasing Manager,Jonvik,Norway,Government,Food & Beverage,2020-02-05,254306.96
PQHUE,Banville-MacBride,Jamie McCaughey,Marketing Manager,Enda Ville,Ireland,Small Business,Technology,2022-12-05,233100.14
HHNMH,Butler-Hill,Laura Garcia,Procurement Specialist,Bellside,USA,Small Business,Construction,2022-08-25,204995.6
NNMXG,Merritt Group,Eric Fields,Purchasing Manager,Maryland,Canada,Corporate,Food & Beverage,2023-02-17,925285.52
MTLYT,Grégoire S.A.,Astrid Martineau,Marketing Manager,Saint Lucy-sur-Mer,France,Government,Education,2020-05-21,1190831.82
FFZAN,Richards-Farrell,Bryan Scott,Purchasing Manager,Lake Clivebury,UK,Retail,Hospitality,2021-08-07,113375.69
TVZHA,Lopes,Mariana Peixoto,Purchasing Manager,Vasconcelos,Brazil,Corporate,Manufacturing,2019-04-05,131824.46
JWKHG,Haring Handl KG,Carina Pircher,VP of Purchasing,Deutsch-Wagram,Austria,Government,Manufacturing,2024-04-03,1360824.62
ZYJEO,"Carson, Patton and Lee",Sara Mcguire,Purchasing Manager,Davidberg,Australia,Small Business,Food & Beverage,2020-03-15,205543.16
JXWTI,Coleman-Thompson,Debra Lee,Logistics Coordinator,Emilyside,Australia,Wholesale,Construction,2022-07-13,155581.43
ZFKCT,Scott Group,Todd Rojas,Operations Manager,Grahamview,Canada,Small Business,Transportation,2023-06-26,62662.72
FOHLX,"Mulry, McDermott and Leddin",Geoffrey Johnstone,Accounting Manager,Brooklyn Ville,Ireland,Small Business,Retail,2022-02-26,232628.14
TOJNW,Smith-Adams,Ross Lane,VP of Purchasing,Frankside,USA,Corporate,Construction,2022-10-01,195762.15
VORGC,Raynaud,Olivier-Thomas Petit,Marketing Manager,Colas,France,Corporate,Healthcare,2021-03-14,801479.35
MPLAA,유한회사 발해,이동현,Order Administrator,영월군,South Korea,Small Business,Hospitality,2021-01-13,122034.28
IPDSK,Green Inc,Kelly Smith,Order Administrator,Joshuaside,USA,Corporate,Construction,2021-10-24,579427.62
WTKKV,Lewis-Hill,Nicholas Newman,Procurement Specialist,Blackchester,USA,Government,Transportation,2021-03-22,129593.49
RQIMW,"Mikkelsen, Olsen og Nielsen",Elisabeth Abrahamsen,Marketing Manager,Solheim,Norway,Small Business,Healthcare,2018-10-19,66381.67
SZSZK,"Castaneda, Day and Brennan",Jessica Williams,Logistics Coordinator,Christineland,USA,Small Business,Retail,2018-08-10,93718.39
VQIQE,Lindsey LLC,Tiffany Randolph,Owner,Garciafurt,USA,Corporate,Hospitality,2021-08-07,794583.05
CUBVL,Proietti-Righi Group,Martino Borsellino,Sales Associate,Bolladello,Italy,Corporate,Construction,2021-03-02,486689.45
UZTQC,Rodrigues S/A,Rebeca Ribeiro,Purchasing Manager,da Luz Verde,Brazil,Retail,Food & Beverage,2024-08-24,16485.3
NRFWR,"White, Mitchell and Clark",Lisa Bowman,Sales Associate,Johnstonmouth,Australia,Wholesale,Construction,2018-02-21,62144.64
YXVWM,中村水産合同会社,後藤 舞,Marketing Manager,横浜市戸塚区,Japan,Government,Healthcare,2023-04-21,239795.1
GDRYM,Washington LLC,Roger Curry,VP of Purchasing,Rachelside,USA,Corporate,Technology,2021-04-04,863274.37
ZSBDZ,Solheim-Mikkelsen RFH,Svein Kristensen,Procurement Specialist,Sigurdborg,Norway,Small Business,Retail,2024-04-30,10142.86
CSKHM,Brown-Atkins,Kimberly Savage,Purchasing Manager,Pattersonburgh,USA,Small Business,Healthcare,2023-08-30,207975.14
KTRLG,Palmer-Clarke,Paige Wright,Procurement Specialist,Ashleychester,USA,Corporate,Construction,2024-06-10,611502.18
MHVDU,Steckel GmbH,Gottfried Peukert B.Eng.,VP of Purchasing,Arnstadt,Germany,Corporate,Construction,2023-05-25,747464.03
ZDXDX,Alonzo-Bétancourt,Marcela Paulina Vélez,Sales Associate,San Ruby los bajos,Mexico,Wholesale,Hospitality,2018-08-19,151733.54
GPPQI,주식회사 가람,윤예진,Sales Representative,양주시,South Korea,Retail,Education,2019-02-08,50327.23
TGRHY,"Burns, Bell and Bennett",Steven Hughes,Logistics Coordinator,Thomasborough,Canada,Small Business,Agriculture,2023-08-08,111576.53
ZDIZF,King Ltd,Mark Scott,Sales Associate,Burgessbury,USA,Corporate,Construction,2019-09-29,722155.81
OMVIJ,"Jones, Mccarty and Gonzalez",Michael Davis,VP of Purchasing,South Nicoleville,USA,Government,Food & Beverage,2024-08-21,1564754.51
SEMMP,快讯信息有限公司,孙琳,Sales Representative,永安市,China,Retail,Construction,2020-11-28,29002.39
SGKGE,Wallace-Edwards,Lucas Blankenship,Sales Associate,Cervantesview,USA,Corporate,Technology,2023-11-15,425506.3
DIHNA,Austin-Sutton,Teresa Combs,Supply Chain Manager,Devonstad,USA,Small Business,Construction,2024-05-11,149412.12
MFLXO,Bach & Kristiansen A/S,Dr. Kjeld Jessen,Supply Chain Manager,Strandby,Denmark,Wholesale,Transportation,2022-03-07,643218.32
JOQDS,Jennings-Carr,Marilyn Oliver,Accounting Manager,Jonathanport,UK,Government,Hospitality,2022-06-22,222342.15
ZZLFN,田中農林株式会社,前田 知実,Sales Representative,稲城市,Japan,Retail,Technology,2023-10-28,239671.23
LCJOS,Loiseau S.A.S.,Alfred Weiss,Sales Representative,Sainte Nicole,France,Corporate,Food & Beverage,2018-04-02,806658.55
JYAYS,Freitas,Maria Alice Silveira,Supply Chain Manager,da Costa,Brazil,Retail,Manufacturing,2023-08-01,248585.44
NFXWU,Fernandes,Vinicius Farias,Owner,Fonseca de Goiás,Brazil,Retail,Agriculture,2020-07-24,133567.18
QFLJX,Mcintyre Ltd,Jason Riggs,Procurement Specialist,Port Susanview,USA,Small Business,Retail,2021-06-30,5654.0
BLAHO,"Doyle, Jones and Fitzgerald",Lauren Molina,Accounting Manager,Madisonland,USA,Wholesale,Hospitality,2018-08-04,341718.81
MSTFK,"Cannon, Shaw and Vargas",Ernest Miller,Purchasing Manager,Lake Waynemouth,Australia,Corporate,Education,2023-11-26,385808.33
SAJCN,Morales-Jones,Julie Coleman,Supply Chain Manager,New Dawnchester,USA,Small Business,Agriculture,2021-10-30,193302.96
DWFBF,"Smith, Le and Quinn",Michael Garrison,Owner,Kelleyberg,Australia,Retail,Retail,2023-04-23,36605.47
DRGSE,Cox Ltd,Sheila Ahmed,Accounting Manager,Andrewhaven,UK,Government,Manufacturing,2022-10-23,475233.63
UOZTD,Baron et Fils,Gabriel Jacquot,Procurement Specialist,Bernard,France,Corporate,Construction,2023-06-21,156264.36
KDVUP,Tlustek,Dipl.-Ing. Heimo Hörle,Procurement Specialist,Herford,Germany,Small Business,Manufacturing,2020-02-01,7266.19
AJXBA,Becker-Hanson,Thomas Jones,Purchasing Manager,West Carlosland,USA,Small Business,Manufacturing,2021-12-26,147169.79
RHUIA,Johnson-Washington,David Arnold,Order Administrator,West Shawnhaven,USA,Wholesale,Hospitality,2020-07-18,380106.04
PKSNP,Murphy-Taylor,Mr David Kay,Accounting Manager,Lawrenceville,UK,Corporate,Education,2018-02-15,55767.63
RZKOS,Hotel Vargas S.Coop.,Simón del Blanca,Purchasing Manager,La Rioja,Spain,Wholesale,Healthcare,2020-04-28,113572.56
SJSSD,Suarez-Gomez,Faustino Ayala Rodriguez,Procurement Specialist,San Juan,Argentina,Retail,Education,2019-05-30,128287.51
ZQQGX,Fogaça Moraes Ltda.,João Felipe Leão,Logistics Coordinator,Nascimento de Minas,Brazil,Corporate,Manufacturing,2020-08-13,522096.8
YTRPB,Putz,Malgorzata Geisel,Purchasing Manager,Neustadtner Waldnaab,Germany,Corporate,Education,2022-02-15,787478.82
IRVMS,Nuñez & Asociados S.L.L.,Encarnacion Benitez,Procurement Specialist,Navarra,Spain,Small Business,Technology,2025-05-04,14892.32
LNAGG,Ward-Stone,Sharon Bennett,Order Administrator,Katherineburgh,USA,Wholesale,Agriculture,2019-08-12,670898.18
SPDOB,Pereira Coste S.A.,René Ledoux de Lévy,Accounting Manager,Saint Louis,France,Wholesale,Retail,2025-03-13,154115.88
FYIRH,Kelleher Group,Fergal Doorty,Logistics Coordinator,Tyler Ville,Ireland,Small Business,Retail,2018-10-09,16072.92
JKIMP,"Walter, Andrews and Garner",Phillip Williams,Purchasing Manager,West Bryanmouth,Australia,Corporate,Healthcare,2019-02-28,795991.77
UFSTM,Gaspar Baptista S/A,Tatiana Magalhães,Sales Representative,Guarda,Portugal,Small Business,Manufacturing,2019-11-14,84658.93
CZAOX,Royal Willemsen,Elize Claassen,Order Administrator,Bolsward,Netherlands,Retail,Construction,2020-05-27,118864.93
UCJYE,Frederiksen A/S,Prof. Henry Nielsen,Purchasing Manager,Søndersø,Denmark,Wholesale,Healthcare,2021-12-29,299713.86
UBXFL,Aragão - EI,Sra. Maria Cecília Pimenta,VP of Purchasing,Ribeiro Alegre,Brazil,Wholesale,Retail,2020-05-25,511923.79
XPSAZ,"Preciado, Granados y Magaña",Hernán Carla Valdez Enríquez,Operations Manager,Nueva Madagascar,Mexico,Corporate,Hospitality,2025-01-13,753449.9
SOTMW,"Loke, Om and Dua",Omaja Mohanty,Supply Chain Manager,Tadipatri,India,Corporate,Hospitality,2024-11-15,651731.14
SYXWF,Nowek Sp.j.,Fryderyk Cygal,Procurement Specialist,Kołobrzeg,Poland,Government,Agriculture,2023-03-04,1775663.53
WDJQY,株式会社佐藤保険,高橋 淳,Supply Chain Manager,いすみ市,Japan,Small Business,Agriculture,2023-12-30,164730.48
TUZMS,Guerra - EI,Oliver Montenegro,Owner,Cassiano,Brazil,Wholesale,Construction,2023-02-24,31200.86
GPQZW,"Cochran, Kelly and Little",Richard Houston,Logistics Coordinator,Blevinstown,USA,Government,Manufacturing,2021-12-19,1585484.19
RQGUH,"Dixon, Allen and Begum",Susan Brown,Owner,East Irene,UK,Small Business,Construction,2023-12-29,226878.53
LKUIR,"Nielsen, Valentine and Bell",Casey Burton,Accounting Manager,Lake Jamesberg,USA,Wholesale,Education,2018-03-25,745297.96
KYTGP,"Guerrero, Durham and Adams",Johnny Anderson,Procurement Specialist,New Steven,USA,Corporate,Construction,2018-12-01,539938.46
QWTMP,Østergaard & Søn A/S,Jacob Olesen-Christensen,Supply Chain Manager,Viuf,Denmark,Retail,Education,2024-08-18,129038.98
NFRIR,"Brown, Murray and Johnston",Marc Brown,Procurement Specialist,Thomasside,UK,Corporate,Transportation,2018-03-20,549935.25
FHBVS,Keohan Inc,Savannah McCrossan,Owner,Ella Ville,Ireland,Retail,Hospitality,2021-05-19,202560.73
MKWRW,Ledesma-Juarez,Martina Clara Perez Rodriguez,Order Administrator,Mendoza,Argentina,Government,Food & Beverage,2025-04-14,1034666.12
KEESN,Lopes,Joana Costela,Accounting Manager,Brito,Brazil,Corporate,Healthcare,2024-09-30,438360.21
IYITS,Sims-Gomez,Connie Hansen,Marketing Manager,Lunafurt,Canada,Corporate,Retail,2020-08-09,933211.81
KFLIR,株式会社田中運輸,加藤 京助,Order Administrator,横浜市瀬谷区,Japan,Wholesale,Manufacturing,2024-12-13,476724.98
PBDDG,"Johnson, Davis and Davis",Cheryl Reyes,Operations Manager,Timothyshire,USA,Corporate,Technology,2020-01-29,802600.11
AGJJS,Poole-Hooper,Mohammad Brown,Owner,East Hughville,UK,Retail,Retail,2023-09-11,14003.22
MBKIY,Hertrampf,Monique Henschel,Order Administrator,Weißenfels,Germany,Small Business,Transportation,2022-04-08,200802.88
EOGRC,Jones-Dawson,Joe Elliott,VP of Purchasing,West Jesusmouth,USA,Corporate,Food & Beverage,2018-12-17,850601.94
LKXED,Fox Inc,Dennis Jones-Dawson,Procurement Specialist,Rossberg,UK,Small Business,Food & Beverage,2022-12-05,94346.05
KSGAG,Hughes-Mann,Kathryn Carter-Ahmed,Order Administrator,Leemouth,UK,Small Business,Education,2020-11-06,147254.92
ZFIAM,"Hernandez, Macdonald and Richardson",Mary Alvarado,Procurement Specialist,New Rebecca,USA,Small Business,Manufacturing,2023-05-17,231118.33
QMWES,Wolf Inc,Brittany Brooks,Owner,South Rachelhaven,USA,Corporate,Technology,2020-07-27,83597.37
SVKJR,Rodrigues,Raquel Jesus,Sales Representative,Montenegro de Almeida,Brazil,Retail,Technology,2022-07-30,222999.04
ERDOJ,da Mota,Sr. Rhavi da Mata,Order Administrator,Oliveira Alegre,Brazil,Government,Technology,2024-03-24,297948.52
AQXAS,Natt-Din,Vihaan Parikh,Order Administrator,Jodhpur,India,Government,Retail,2025-01-10,173478.43
WGPLP,Merritt-Sutton,Linda Moore,Sales Representative,Hillmouth,USA,Retail,Technology,2025-03-27,49668.77
QRTVP,Rasmussen Inc,Doris Rose,VP of Purchasing,South Scott,USA,Retail,Hospitality,2023-09-13,186454.99
XUPCW,"Pearson, Tyler and Montgomery",George Adams,Marketing Manager,Kellymouth,USA,Corporate,Hospitality,2018-07-16,201634.64
BBOWN,通际名联传媒有限公司,葛秀云,VP of Purchasing,琳市,China,Small Business,Manufacturing,2025-01-04,49548.61
IQITN,Benigni e figli,Dott. Augusto Capone,Operations Manager,Novaledo,Italy,Wholesale,Agriculture,2023-11-17,701810.94
FERVT,Miller Ltd,John Fowler,Owner,West Duane,USA,Retail,Retail,2021-12-06,108240.17
BHKKN,"Conner, Lewis and Barton",Karen Ortiz,Order Administrator,New Courtneyview,Canada,Corporate,Manufacturing,2021-04-08,516516.12
OVVQX,"Williams, Miller and Schultz",Amanda Smith,Accounting Manager,East Renee,USA,Small Business,Manufacturing,2022-02-24,229619.89
ELLMG,Mallon and Sons,Roise Hughes,Operations Manager,Jamie Ville,Ireland,Small Business,Agriculture,2020-12-31,68913.45
VSHIM,Neureuther,Vitali Kensy,Owner,Griesbach Rottal,Germany,Retail,Hospitality,2020-01-17,39858.4
NLXOE,Reed PLC,James Gilbert,Procurement Specialist,Washingtonview,Canada,Corporate,Construction,2024-12-24,179514.31
DKSST,Cicala-Tamborini e figli,Mariano Foa,Accounting Manager,Portichetto,Italy,Corporate,Food & Beverage,2024-12-07,51244.32
MQYAK,Hanson-Brown,Brittany Schmidt,Logistics Coordinator,Rileyberg,USA,Small Business,Agriculture,2024-01-07,7590.74
RZKHM,Rojas-Jackson,Stanley Howard,Supply Chain Manager,Jenniferborough,USA,Wholesale,Hospitality,2022-03-05,129650.3
EDETG,Nunez Group,Francisco Taylor,Procurement Specialist,South Ian,Canada,Government,Healthcare,2019-12-13,1967665.06
HVUCP,Otero-Romo e Hijos,Mtro. Graciela Ortega,Supply Chain Manager,Vieja República de Macedonia del Norte,Mexico,Small Business,Manufacturing,2022-07-27,141260.29
ASMRU,Mendes Ltda.,Carlos Eduardo Pereira,VP of Purchasing,Marques,Brazil,Small Business,Hospitality,2021-08-15,94919.67
MCYMH,Jones-Armstrong,Elizabeth Leon,Accounting Manager,West Jamie,USA,Corporate,Technology,2018-10-02,976289.81
TPLDX,Harvey-Thompson,Olivia Holmes,Sales Associate,Elizabethfort,Canada,Corporate,Food & Beverage,2020-01-15,361146.93
AVYBM,Hamilton-Gray,Steven Olson,Purchasing Manager,Markview,USA,Small Business,Education,2022-11-11,11878.88
JDROE,"Clark, Conley and Walker",Kimberly Sandoval,VP of Purchasing,West Michelleshire,USA,Corporate,Construction,2019-04-24,216843.92
ZEXMX,Swanson PLC,Logan Merritt,Supply Chain Manager,Sullivanbury,USA,Small Business,Transportation,2020-03-27,170237.53
WIFPI,Montemayor-Gaitán,Rosalia Marisol Robledo Castellanos,Logistics Coordinator,Nueva Burkina Faso,Mexico,Retail,Manufacturing,2018-12-03,67329.21
JJRQT,Krishnan-Shere,Veer Mani,VP of Purchasing,New Delhi,India,Small Business,Food & Beverage,2022-12-21,73913.76
CUFHY,Hesse,Dr. Christin Kitzmann B.Eng.,VP of Purchasing,Nördlingen,Germany,Retail,Hospitality,2020-07-10,225611.86
GYZTW,Day-Hedderman,Demi-Leigh Quin,Sales Associate,Daryl Ville,Ireland,Wholesale,Technology,2022-01-01,562629.99
RLNTX,"Prasad, Sibal and Kala",Max Khanna,Owner,Jorhat,India,Wholesale,Education,2020-09-30,274041.16
VLPBJ,Palla-Badami,Vedika Mitra,Accounting Manager,Mirzapur,India,Small Business,Technology,2024-12-14,131471.73
HPNFV,Valdez Group,Richard Kent,Order Administrator,Courtneyville,USA,Small Business,Retail,2023-10-27,74394.16
JGIOP,Jackson-Lewis,Rachel Little,Sales Associate,Smithtown,USA,Corporate,Manufacturing,2021-06-26,405191.1
DLPCD,Morales-Watkins,Madeline Davis,Logistics Coordinator,Caldwellfort,USA,Retail,Agriculture,2023-05-26,96126.48
BNKLN,有限会社高橋印刷,木村 あすか,Procurement Specialist,府中市,Japan,Government,Education,2023-05-06,1233263.16
BJODR,Loreto Peralta Quevedo S.A.,Alba Feijoo Pont,Owner,Albacete,Spain,Wholesale,Transportation,2018-08-02,549329.44
HYNWB,Gilbert-Johnson,Norma Gonzales,Sales Representative,South Steveview,USA,Corporate,Technology,2022-04-22,301462.36
ZMYAW,Freeman-Harrison,Jasmine Webster,Accounting Manager,South Geraldineberg,UK,Small Business,Retail,2018-10-28,206545.81
WMUWS,Pacheco,Yan Vargas,Sales Representative,Macedo das Flores,Brazil,Retail,Manufacturing,2023-01-27,120267.69
POLKH,中川保険有限会社,中川 春香,Supply Chain Manager,横浜市緑区,Japan,Corporate,Transportation,2023-01-19,960490.18
OGMUE,Fischer,Odette de Camus,Accounting Manager,Sainte Gilbert,France,Small Business,Transportation,2018-12-30,49874.58
BHUQX,"Stevens, Marsh and Morgan",Debra Perry,Sales Associate,New Thomas,UK,Small Business,Technology,2018-07-23,156820.01
QLZNY,Rousseau Texier S.A.R.L.,Émile Teixeira Le Bonneau,Order Administrator,Lesage,France,Corporate,Education,2021-01-14,537085.0
TZGAX,Timmermans & van Parijs,Joy Dekker,Sales Representative,Kwintsheul,Netherlands,Wholesale,Construction,2021-11-24,743565.34
KXAIP,Costa S/A,Lucas Soares,Sales Representative,Porto,Portugal,Government,Education,2023-10-20,1360627.7
SFJGP,Bridges-Castro,Roger Palmer,Purchasing Manager,Howardchester,USA,Corporate,Manufacturing,2019-10-12,849414.64
UMGSR,Pastor,Bernardo Casa Grande,Sales Associate,Lima Verde,Brazil,Corporate,Hospitality,2018-10-11,982128.96
UDDXW,Steinberg AG & Co. KG,Rocco Geisel B.Sc.,Owner,Schwäbisch Hall,Germany,Retail,Transportation,2022-12-06,11914.6
PNWZC,Freudenberger Kostolzin AG,Klaus-Jürgen Niemeier,Owner,Holzminden,Germany,Corporate,Retail,2024-01-27,477035.15
GBVYE,Fundacja Makulec,pani Agnieszka Gill,VP of Purchasing,Czerwionka-Leszczyny,Poland,Wholesale,Transportation,2020-01-17,73869.19
QHLWK,Thies Hamann AG & Co. KGaA,Marleen Junck,Purchasing Manager,Gütersloh,Germany,Wholesale,Hospitality,2024-12-05,119292.41
OAOEX,Meyer Ltd,Sarah Stein,Procurement Specialist,Christopherfurt,USA,Wholesale,Food & Beverage,2024-11-26,681973.76
IWJWI,Pergande AG,Bruni Bohlander,Sales Associate,Querfurt,Germany,Small Business,Education,2024-03-09,111087.06
HNAQO,"Fernandez, Vaughn and Robinson",Miranda Palmer,Procurement Specialist,New Michelleland,Australia,Corporate,Retail,2019-12-14,122225.17
RSJPX,"Taylor, Johnson and Jones",Dana Sanchez,Order Administrator,Theresaville,USA,Wholesale,Construction,2018-11-01,222568.95
SNINX,Jackson-Clark,Craig Romero,Logistics Coordinator,Moramouth,Canada,Wholesale,Manufacturing,2024-10-21,350530.46
EGRVE,Oconnor Inc,Mary Webb MD,Supply Chain Manager,Port Steven,USA,Small Business,Transportation,2019-01-31,27336.86
WFEAW,"Brooks, Webb and Pena",Ana Perry,Sales Associate,St. Dylanport,Australia,Small Business,Manufacturing,2022-02-02,36060.12
WMKLO,Guilbert,Vincent Ribeiro,VP of Purchasing,Sainte Sylvie-sur-Mer,France,Wholesale,Retail,2018-05-03,366618.73
TZSDN,Gomes da Rosa e Filhos,Dr. José Miguel Pimenta,Operations Manager,Martins da Mata,Brazil,Small Business,Healthcare,2018-10-26,208634.65
CTKRF,Carsten,Amanda Junitz-Trupp,Marketing Manager,Schmölln,Germany,Corporate,Education,2023-02-09,822602.54
ZQJGX,Krishna-Bali,Alexander Karnik,Sales Representative,Bikaner,India,Corporate,Retail,2020-07-09,865839.47
LQTBI,Östlund & Nilsson HB,Barbro Andersson,Order Administrator,Örnsköldsvik,Sweden,Small Business,Construction,2022-04-20,120104.98
DMTRD,Sanders PLC,James Best,Procurement Specialist,Ramirezville,USA,Small Business,Transportation,2025-03-14,231081.32
SUBSD,Jones and Sons,Jennifer Taylor,Order Administrator,Stephaniefurt,USA,Small Business,Technology,2023-12-19,132695.85
SFPLX,Thompson Group,Tanya Johnson,Operations Manager,Richardsonview,Australia,Small Business,Manufacturing,2021-11-08,30543.99
ZNYJP,Schleich GbR,Reginald Koch B.A.,VP of Purchasing,Euskirchen,Germany,Wholesale,Manufacturing,2023-02-11,314804.91
GKUWJ,Acuña-Paredes,Marisol Evelio Mena Bravo,Owner,San Hugo los bajos,Mexico,Corporate,Manufacturing,2024-11-18,539154.3
GRMFE,PPUH Łosiewicz i syn s.c.,pani Ewa Zys,Sales Representative,Jaworzno,Poland,Small Business,Hospitality,2023-07-04,241386.47
OINXL,Williams-Morton,Thomas Sanchez,Owner,New Markhaven,USA,Government,Technology,2025-02-17,1793218.53
PYPPV,"Mann, Knight and Smith",Robert Huffman,Sales Representative,Garciafort,USA,Small Business,Food & Beverage,2018-08-11,124606.48
OIBDS,Lyons-Lee,Jonathan Solomon,Marketing Manager,Charlesview,USA,Retail,Healthcare,2024-10-26,146100.55
DSNCT,"Reyes, Rivera and Richmond",Robert Hodges,Sales Representative,Jasonmouth,USA,Small Business,Healthcare,2020-11-20,92184.16
BXOZA,Camargo,Mirella Teixeira,VP of Purchasing,Marques dos Dourados,Brazil,Corporate,Hospitality,2024-06-27,397676.55
LVFKA,Mathews-Smith,Eric David,VP of Purchasing,Rhodesbury,USA,Government,Transportation,2024-04-25,414831.47
BIJPR,"Sodhi, Khalsa and Basu",Upkaar Goel,Order Administrator,Amaravati,India,Small Business,Construction,2023-12-06,168607.54
YIIOZ,"Norton, Wood and Ross",Dr Wayne Turner,Owner,Connortown,UK,Retail,Education,2020-04-07,224654.98
QDSCC,Prince-Trevino,Meredith Lucero,Procurement Specialist,Port Dave,USA,Small Business,Manufacturing,2018-09-11,224904.8
QYRDW,Gomes,Luigi da Rocha,Order Administrator,Mendes,Brazil,Corporate,Food & Beverage,2018-05-21,945284.0
UQNUB,(유) 조선,이예지,VP of Purchasing,부천시 소사구,South Korea,Small Business,Hospitality,2018-10-15,154513.31
CVJHH,Webb PLC,Eric Cole,Sales Representative,Emilystad,Australia,Corporate,Healthcare,2021-02-18,88342.18
DQTWM,Eutimio Vigil Sarmiento S.A.,Nilda Gallo Marti,Owner,Cuenca,Spain,Small Business,Agriculture,2025-01-25,39666.65
ESRGS,Pedersen & Søn A/S,Agnete Nilsson-Bech,Purchasing Manager,Skibby,Denmark,Wholesale,Manufacturing,2021-12-17,661588.66
TEFUG,Cox-Brown,Dr Naomi Briggs,VP of Purchasing,Port Francesca,UK,Wholesale,Food & Beverage,2023-05-19,442509.02
UCOBS,Jones-Stone,Rachael Alvarez,VP of Purchasing,Waremouth,USA,Corporate,Transportation,2021-04-16,593090.42
BAYMX,Mcdonald-Sherman,Karl Bryan,Purchasing Manager,South Jeffrey,Canada,Corporate,Healthcare,2021-07-06,909025.68
KCXCZ,Shaw Group,Hollie Thornton,Purchasing Manager,South Shanestad,UK,Corporate,Manufacturing,2018-12-04,753963.76
GUSMF,"Harper, Jackson and Guerrero",Joshua Santana,Supply Chain Manager,New James,Australia,Wholesale,Construction,2019-09-27,338493.87
MOCMH,"David, Allen and French",Kevin Hall,Sales Representative,Nicholasfurt,USA,Corporate,Hospitality,2024-02-08,193200.44
QWSNZ,Purohit PLC,Utkarsh Agate,Owner,Pudukkottai,India,Corporate,Construction,2020-07-29,866332.75
ENPOQ,Correia Fernandes - ME,Maria Júlia Duarte,Logistics Coordinator,Peixoto,Brazil,Corporate,Technology,2020-04-16,693555.73
JEVCO,Lowe and Sons,Peter Rhodes,Supply Chain Manager,Taylorview,UK,Corporate,Retail,2019-11-26,116598.45
IZSSC,"Rogers, Schmidt and Chan",Brian Nixon,Sales Representative,West Garrettstad,USA,Corporate,Technology,2025-03-20,886951.45
MZZSS,Moreno Inc,William Ortiz,Purchasing Manager,Tarastad,Canada,Retail,Hospitality,2020-06-30,7779.57
RXCCN,Rosado S. R.L. de C.V.,Paulina Tamayo,Operations Manager,San Pamela los bajos,Mexico,Corporate,Education,2018-03-17,822483.43
GFETZ,Williams Ltd,Beverly Martinez,Accounting Manager,South Austinland,USA,Retail,Manufacturing,2022-08-28,150146.26
YBXMK,Junk,Wiebke Liebelt-Hänel,Owner,Plauen,Germany,Wholesale,Transportation,2024-01-30,353991.91
DSQDB,"Vohra, Sule and Dutta",Samaksh Bose,Sales Associate,Sangli-Miraj & Kupwad,India,Wholesale,Healthcare,2024-01-14,110312.13
FMQSC,"Cox, Ortiz and Johnston",Thomas Ray,VP of Purchasing,Kevinchester,USA,Wholesale,Food & Beverage,2018-01-23,253706.5
TZZYT,주식회사 이노테크,김성진,Supply Chain Manager,충주시,South Korea,Small Business,Healthcare,2018-04-24,19804.6
MAPHX,Neuschäfer,Gerta Stolze,Sales Associate,Dresden,Germany,Small Business,Construction,2025-01-14,65163.28
ZGRBM,Becker Ltd,Nicole Miller,Logistics Coordinator,Wardstad,Australia,Government,Agriculture,2025-02-05,1655705.18
PWBRO,Pezzali Group,Mercedes Cibin,Marketing Manager,Ariano Irpino,Italy,Corporate,Healthcare,2018-06-02,333332.27
UKXUH,Ramirez-Fernandez,Juan Cruz Villalba,Logistics Coordinator,Río Gallegos,Argentina,Small Business,Agriculture,2018-09-25,140254.56
QGITV,Sullivan Ltd,Dawn Jackson,Operations Manager,East Mindyfurt,Canada,Corporate,Agriculture,2018-06-01,858372.11
OSROI,"Walker, Cook and Newman",Mr Oliver Brown,Accounting Manager,Kathleenfort,UK,Small Business,Hospitality,2019-01-23,56835.37
XYUZX,Kalita Group,Pooja Bawa,Procurement Specialist,Rampur,India,Retail,Healthcare,2020-07-07,109949.56
XOMKO,da Conceição Carvalho - ME,Ana Vitória da Mata,VP of Purchasing,Montenegro do Campo,Brazil,Corporate,Healthcare,2022-08-27,555294.63
SKLNK,Smith-Diaz,Krystal Crawford,Accounting Manager,Caldwelltown,USA,Small Business,Transportation,2022-08-17,236213.89
KMCBF,Ford-Clarke,Heather Nash,Operations Manager,Malcolmbury,UK,Small Business,Retail,2019-09-13,145896.42
AGNAC,Moreno Lebreton SA,Sébastien-Tristan Philippe,Logistics Coordinator,Maryboeuf,France,Wholesale,Manufacturing,2021-10-15,604458.48
ECIFJ,Dobes,Kathleen Schüler,Purchasing Manager,Hildburghausen,Germany,Corporate,Agriculture,2024-01-28,412148.7
KAFJC,Jordan and Sons,Maria Miller,Supply Chain Manager,North Rebecca,USA,Corporate,Food & Beverage,2021-07-01,793559.4
SHZXE,Stokes-Taylor,Dr George Burns,Sales Associate,Masonshire,UK,Small Business,Healthcare,2021-02-01,98044.84
YYZZM,De-Pal,Zansi Khanna,Purchasing Manager,Mangalore,India,Retail,Food & Beverage,2020-04-02,53609.13
RQIZW,Rensa Group,Evi van Duivenvoorde-van Leeuwen,Order Administrator,Ter Heijde,Netherlands,Government,Technology,2019-04-16,154458.2
ACPKZ,Phillips-Reid,Stephen Heath,Sales Representative,Stoneburgh,USA,Small Business,Retail,2022-07-11,239333.0
JPXRR,Klingler Marte AG,Dipl.-Ing. Pascal Schramm,VP of Purchasing,Graz,Austria,Retail,Transportation,2024-09-13,187217.43
KNNRW,"Battaglia, Crisafulli e Bellini e figli",Vittorio Antonini-Malenchini,Supply Chain Manager,Macchia D'Isernia,Italy,Small Business,Transportation,2020-03-12,10261.64
FASOK,"Proietti, Benussi e Baglioni SPA",Giovanna Aloisio,Order Administrator,Salaparuta,Italy,Corporate,Hospitality,2021-02-20,116151.53
SGXUA,Nette Heidrich GmbH & Co. KGaA,Dr. Eva-Marie Geisel,Accounting Manager,Kronach,Germany,Wholesale,Manufacturing,2023-03-16,432430.37
TMMAK,"Whitaker, Martinez and Green",Andrew Gutierrez,Operations Manager,North Caitlin,USA,Retail,Education,2018-08-20,179569.41
WDVPJ,Leblanc-Soto,Brett Rivera,Accounting Manager,Allenville,Canada,Small Business,Technology,2023-08-21,109797.96
DCTSV,Perry Group,Charlotte Smith-Hunt,Logistics Coordinator,Emilyshire,UK,Retail,Technology,2025-04-07,36955.5
NZCZT,Shaw Ltd,Amber Phillips,Logistics Coordinator,East Hugh,UK,Retail,Transportation,2022-07-30,55149.95
PUSIE,"Sharpe, Roberts and O'Brien",Max Todd,Order Administrator,Amberchester,UK,Government,Technology,2023-02-17,1452037.72
VKXNM,Viana,Antonella Fogaça,Purchasing Manager,Peixoto,Brazil,Government,Food & Beverage,2018-02-24,200739.55
MZCRQ,Brun Perret S.A.,Nicolas Chauveau de la Antoine,VP of Purchasing,Dubois,France,Government,Transportation,2018-04-27,869567.84
TBHZY,Thomas PLC,Andrew Mata,Supply Chain Manager,South Kevinmouth,USA,Small Business,Manufacturing,2021-01-17,27016.24
HQXWU,Stowarzyszenie Kujawiak,pan Marcel Potoczek,Order Administrator,Świebodzice,Poland,Wholesale,Retail,2023-04-16,595702.22
XFFEN,(유) 코어겨레시스템즈,김승민,Operations Manager,철원군,South Korea,Wholesale,Technology,2022-06-27,502365.33
ORBDX,Sousa - ME,Maria Clara da Mata,Sales Associate,Pinto,Brazil,Corporate,Transportation,2019-06-22,953056.26
VIOWS,Pottier Bruneau S.A.R.L.,Agnès-Laure Julien,Purchasing Manager,Rousset,France,Wholesale,Transportation,2023-10-31,720844.77
NPBSA,合同会社中村情報,井上 千代,Logistics Coordinator,文京区,Japan,Small Business,Hospitality,2021-06-03,247267.15
HKGSC,Wilcox PLC,Daniel Smith,Purchasing Manager,Hallmouth,USA,Retail,Agriculture,2019-11-12,64073.77
LUETW,"Joshi, Bedi and Golla",Pallavi Mukherjee,Operations Manager,Mangalore,India,Corporate,Agriculture,2019-02-22,921383.92
TZEMS,Svensson Alm HB,Maria Johansson,Operations Manager,Södertälje,Sweden,Retail,Agriculture,2019-09-22,170299.19
MAMOD,Kager AG,Anja Fehringer,Sales Representative,Eisenstadt,Austria,Small Business,Retail,2020-06-13,86911.91
CQUVO,Freeman Inc,Herbert Ferguson,Sales Representative,Brownshire,USA,Wholesale,Technology,2025-03-01,375226.36
BKKSD,Richter Schlögl AG,Constantin Frey-Wurzinger,Sales Associate,Laakirchen,Austria,Small Business,Healthcare,2020-12-12,139581.88
OZLKK,Miller PLC,Robert Foley,VP of Purchasing,West Jesse,USA,Small Business,Hospitality,2024-01-01,193291.31
ARTAT,Pugh PLC,Brandon Wright,Supply Chain Manager,Rebeccastad,USA,Wholesale,Food & Beverage,2023-05-13,349088.03
MUNNT,Inversiones Integrales S.L.N.E,Mario Sosa Canet,Logistics Coordinator,Tarragona,Spain,Wholesale,Technology,2021-09-22,569808.59
FAUUS,Iversen BA,Andrea Knudsen,Supply Chain Manager,Kimsand,Norway,Retail,Agriculture,2022-09-26,62471.7
PRRMH,Lopes Lejeune S.A.,Martin Mathieu,Operations Manager,LucasBourg,France,Retail,Retail,2023-01-12,155844.22
WURGI,"Moss, Norman and Edwards",Sally Clarke,Order Administrator,South Amandaland,UK,Small Business,Technology,2020-05-05,120368.31
HUNNL,Fliegner Blümel GmbH,Jo Klemt-Stahr,Supply Chain Manager,Sangerhausen,Germany,Corporate,Transportation,2021-05-04,598525.05
XBHTT,Torres Ltd,Vincent Johnson,Owner,Lake Kathyton,USA,Corporate,Retail,2018-10-27,427341.82
FFVKY,Largey Group,Mrs. Susannah Claffey,Accounting Manager,Laoise Ville,Ireland,Small Business,Education,2021-08-22,238349.46
AXTZL,"Warren, Grant and Medina",Douglas Dickson,Accounting Manager,Douglasfurt,USA,Wholesale,Food & Beverage,2025-01-12,556019.57
CNDDM,"Mills, Russell and Romero",Morgan Davis,Logistics Coordinator,Sarahton,USA,Small Business,Hospitality,2025-06-10,35660.37
FTOZB,"Johnson, Garza and Cook",Justin Blake,Order Administrator,Mendozahaven,Australia,Wholesale,Healthcare,2018-04-04,314594.32
KYFMF,Spółdzielnia Waloszczyk Sp.j.,Jakub Gałach,Accounting Manager,Marki,Poland,Corporate,Agriculture,2025-05-15,946492.71
EYNMX,合同会社森食品,高橋 知実,Marketing Manager,足立区,Japan,Small Business,Retail,2019-07-31,50628.44
FAVSV,Mandal-Badami,Zaitra Kapoor,Logistics Coordinator,Deoghar,India,Government,Food & Beverage,2019-08-31,113120.68
IRGXF,斎藤情報合同会社,鈴木 直子,Operations Manager,墨田区,Japan,Corporate,Healthcare,2025-04-27,231533.02
FDQXN,주식회사 씨앤씨,김성훈,Procurement Specialist,시흥시,South Korea,Corporate,Technology,2022-03-25,652886.47
DQXQA,Kollmann Nowak KG,Dipl.-Ing. Nadia Kofler,Operations Manager,Sankt Valentin,Austria,Corporate,Hospitality,2020-07-13,612819.71
QJYRM,Callegaro-Branciforte s.r.l.,Michelangelo Ricciardi-Beccheria,Sales Associate,Semiana,Italy,Small Business,Technology,2023-01-05,137386.67
QKJSH,유한회사 라온백제소프트,김명숙,Logistics Coordinator,서천군,South Korea,Wholesale,Retail,2022-11-30,94497.84
SUMRL,Pruvost Caron SA,Daniel Lévêque,Owner,Perrotnec,France,Small Business,Retail,2020-06-25,159163.55
QZPNJ,Dupuis Pires S.A.R.L.,Valérie Guillot,Marketing Manager,Saint Eugène,France,Corporate,Retail,2020-11-02,549864.38
QOFLX,Caldeira,Elisa Leão,Operations Manager,Freitas,Brazil,Retail,Agriculture,2020-02-15,216314.58
CJGCN,森水産株式会社,渡辺 篤司,Supply Chain Manager,いすみ市,Japan,Wholesale,Technology,2025-02-23,723865.19
URSDA,Morellato-Micheletti SPA,Annetta Morucci-Malaparte,Sales Associate,San Daniele Del Friuli,Italy,Small Business,Agriculture,2021-10-20,104172.64
AQFHK,Valle S. R.L. de C.V.,Dr. Raquel Saldivar,Purchasing Manager,San Susana los bajos,Mexico,Retail,Construction,2019-10-11,146366.48
GOJQX,Carvalho,Marcos Vinicius Brito,Owner,Cunha do Sul,Brazil,Corporate,Education,2019-07-08,225938.57
MECJT,Wright-Robinson,Alyssa Carpenter,Marketing Manager,Jeffreyburgh,USA,Retail,Transportation,2022-08-11,77264.31
ZFPPX,Almeida Mendonça e Filhos,Sra. Bianca Macedo,Accounting Manager,Dias Paulista,Brazil,Corporate,Agriculture,2021-02-05,584738.09
TKLRJ,Wyatt-Bibi,Lewis Evans-Bishop,Purchasing Manager,Popemouth,UK,Small Business,Agriculture,2019-03-01,125197.07
DWADU,Welch-Brown,David Anderson,Operations Manager,Benjaminfurt,USA,Retail,Technology,2023-07-29,169512.84
TETRL,Castaneda-Cantrell,Ian Hopkins,Logistics Coordinator,Port Josehaven,USA,Wholesale,Retail,2024-05-17,148258.6
HNGFZ,Barton PLC,Alexandra Jones,Sales Associate,Reynoldsside,Australia,Government,Food & Beverage,2024-01-02,1614201.73
AAOLS,Robinson and Sons,Juan Wise MD,Logistics Coordinator,New Angelaborough,Canada,Corporate,Transportation,2021-02-13,247479.08
EIYLT,Blomqvist Isaksson HB,Philip Said,Supply Chain Manager,Växjö,Sweden,Small Business,Healthcare,2020-04-09,167796.02
PQHML,Casa Grande S.A.,Dom da Cunha,Owner,Correia de Minas,Brazil,Wholesale,Construction,2019-10-31,511399.09
MXHYS,Young-Jones,Darrell Jones,VP of Purchasing,New Anthonyberg,Canada,Small Business,Agriculture,2020-11-06,31323.37
TVSKY,Mistry-Cartwright,Helen Butler-Smith,Accounting Manager,Baileyland,UK,Corporate,Transportation,2018-03-09,803136.32
ZOTWT,福田保険株式会社,村上 洋介,Logistics Coordinator,国分寺市,Japan,Small Business,Agriculture,2024-01-11,236129.27
ILXCE,"Martinez, Stewart and Gould",Megan Thomas,Procurement Specialist,Jessicachester,USA,Wholesale,Manufacturing,2022-03-14,561608.82
PXOGL,Charpentier Andre SA,Gilles Chevalier-Guyot,Marketing Manager,Saint OlivieBourg,France,Wholesale,Education,2021-11-12,56462.14
NQNKT,Construcción AZV S.L.,Cayetano del Carmona,Owner,Palencia,Spain,Corporate,Food & Beverage,2023-01-04,535928.79
PRHUY,das Neves,Ana Carolina Montenegro,Sales Representative,Leão do Sul,Brazil,Corporate,Healthcare,2022-04-16,333261.75
JNPEC,Stichting de Jonge,Britt Spies-van de Brink,Purchasing Manager,Soesterberg,Netherlands,Government,Technology,2021-12-12,161167.84
LAOFW,Johnson Inc,Robert Hines,Sales Associate,Nelsonfort,USA,Small Business,Technology,2018-12-09,109655.81
PBMGH,银嘉信息有限公司,唐鹏,Sales Associate,玲市,China,Wholesale,Construction,2019-09-01,113831.11
CCEVB,Baker-Montgomery,Tammy Fox,Marketing Manager,South Johnville,Australia,Wholesale,Technology,2023-04-22,531595.58
OKNYB,Van Bogaert-Yilmaz CV,Roland Heylen,Supply Chain Manager,La Bruyère,Belgium,Retail,Food & Beverage,2018-07-13,15389.26
DNFFD,Alegria y Gomez S.A.,Felicia Guillen Bas,Procurement Specialist,Huelva,Spain,Small Business,Technology,2021-08-31,5311.02
NIAWE,Hernández y Bonilla S.L.,Apolinar Amor Ramis,Order Administrator,Girona,Spain,Wholesale,Transportation,2021-01-18,164941.58
CWAEH,Cavalcante Ltda.,Miguel Andrade,Order Administrator,da Paz do Sul,Brazil,Retail,Hospitality,2018-06-18,240961.57
JBTRC,Roberts-Meyer,Eric Hoffman,Accounting Manager,Williamhaven,USA,Small Business,Construction,2018-07-09,33404.26
QSAJD,明腾传媒有限公司,王鹏,Purchasing Manager,丹丹市,China,Government,Construction,2023-08-25,522961.31
KLNUM,Fundacja Ziniewicz i syn s.c.,Karina Rudzik,Operations Manager,Ząbki,Poland,Corporate,Food & Beverage,2024-10-19,659909.87
DWSTY,"Gonzalez, Harris and Branch",Joseph Rodriguez,Procurement Specialist,South Danielchester,Canada,Retail,Education,2024-03-27,9231.78
SPCZF,快讯科技有限公司,宁玲,Sales Representative,英市,China,Corporate,Healthcare,2025-01-29,315476.11
ZBWWV,Shepherd-Wright,Bradley Wilson,Owner,Lake Irene,UK,Government,Healthcare,2021-11-21,1008200.92
YMJOK,岡本印刷有限会社,伊藤 和也,Logistics Coordinator,八王子市,Japan,Small Business,Agriculture,2023-10-26,6691.74
BXYEK,Hahn Stiftung & Co. KGaA,Ing. Eugen Ackermann B.Sc.,Logistics Coordinator,Schwarzenberg,Germany,Corporate,Food & Beverage,2023-03-17,667183.21
ZPVYL,新宇龙信息传媒有限公司,张海燕,Operations Manager,潮州县,China,Government,Retail,2019-10-07,309318.1
BQOXR,Cunha,Liz Teixeira,Sales Representative,Sales Grande,Brazil,Retail,Healthcare,2020-01-18,219326.39
PFBIP,Robbins-Hernandez,Rebecca Cain,Logistics Coordinator,Meganfurt,Canada,Small Business,Transportation,2024-06-05,147298.24
BUFUV,华成育卓网络有限公司,潘冬梅,Order Administrator,俊县,China,Small Business,Agriculture,2023-04-04,166235.82
PWCAP,Paris Verdier S.A.,Olivier Raynaud,Sales Associate,BesnardVille,France,Small Business,Construction,2021-03-24,191888.45
BHAEB,Holm Lundin HB,Monika Johansson,Owner,Helsingborg,Sweden,Wholesale,Technology,2024-08-07,29267.18
UUYXT,Price LLC,Michael Matthews,Accounting Manager,West Karen,USA,Corporate,Technology,2020-12-12,847843.07
SRMCA,Sanoma,Alicia Govarts-Spies,Procurement Specialist,Munnekezijl,Netherlands,Wholesale,Manufacturing,2020-09-14,333017.77
HWAKP,Baker and Sons,Terence Smith,Logistics Coordinator,South Bethan,UK,Small Business,Agriculture,2024-04-17,13509.22
SLILO,Servicios XEH S.Com.,Serafina Tamara Ballesteros Mur,VP of Purchasing,Salamanca,Spain,Small Business,Agriculture,2024-12-03,229065.38
RMDZC,Robinson-Bailey,Simon Leonard,Sales Representative,Lake Williamland,UK,Government,Food & Beverage,2024-02-17,651676.17
YZLLI,Briemer Liebelt AG,Corinne Rörricht B.Eng.,Marketing Manager,Wolfratshausen,Germany,Government,Agriculture,2022-09-03,646544.06
KCPIB,Butte,Willfried Christoph-Heinrich,Sales Associate,Badalzungen,Germany,Retail,Manufacturing,2023-01-15,126365.42
QDZRJ,Rezende Teixeira S.A.,Liz Rios,Procurement Specialist,Oliveira do Norte,Brazil,Small Business,Food & Beverage,2023-09-23,38013.92
RDUYC,"Zamengo, Pirelli e Sobrero e figli",Gian Borghese,Sales Associate,Monticello Brianza,Italy,Small Business,Agriculture,2019-12-23,102759.29
EPDVK,Moreno-Snyder,Veronica Fry,Procurement Specialist,Lake Victoria,USA,Small Business,Technology,2024-06-01,123363.63
KJVTV,Montes-Hardy,Charles Huerta,Accounting Manager,East Andrew,USA,Corporate,Hospitality,2019-08-07,902003.65
MDCYI,Servicios GTH S.L.,Severino de Cortés,Accounting Manager,La Rioja,Spain,Corporate,Healthcare,2019-12-18,373192.63
TVAIV,Marshall Group,Trevor Davison,Supply Chain Manager,West Kayleigh,UK,Small Business,Technology,2022-07-27,220249.67
CYBUA,Pasquier S.A.R.L.,Laure Garcia,Order Administrator,Caron,France,Retail,Healthcare,2019-09-09,85962.2
EDHXA,"Bir, Kari and Gola",Logan Walla,Supply Chain Manager,Rewa,India,Retail,Construction,2024-01-13,61334.21
GDSDP,del Río-Olivares,Dr. María Teresa Vergara,Sales Representative,San Salma los altos,Mexico,Retail,Construction,2022-04-03,71362.53
TSUHS,Mayer LLC,Lucas Gill,Purchasing Manager,Kevinhaven,USA,Corporate,Food & Beverage,2020-02-02,817073.26
UNGXW,Souza Pires - ME,Dra. Ágatha Lopes,VP of Purchasing,Camargo,Brazil,Wholesale,Transportation,2018-07-23,660064.37
TDWBD,Louis Lambert S.A.R.L.,Alexandre-Thibaut Neveu,Purchasing Manager,Laurentboeuf,France,Small Business,Agriculture,2022-03-18,41081.75
MYWXN,Miller-Cook,Linda Keller,Procurement Specialist,Port Daniellefurt,USA,Corporate,Food & Beverage,2023-03-28,962108.42
ODIZI,Sommaruga s.r.l.,Annamaria Donà,Operations Manager,Acuto,Italy,Small Business,Construction,2022-04-29,189931.04
FINLH,Flantz,Olaf Vollbrecht,Order Administrator,Königs Wusterhausen,Germany,Retail,Technology,2025-02-23,57235.7
NYDTZ,高橋電気株式会社,加藤 明美,VP of Purchasing,山武郡芝山町,Japan,Corporate,Manufacturing,2019-02-03,330656.27
QFDXZ,Hicks-Jones,Casey Flores,VP of Purchasing,Mcdonaldbury,USA,Small Business,Retail,2023-05-29,140616.95
ZGJON,"Chapman, Burke and Stewart",Dr Kyle Townsend,Procurement Specialist,West Alison,UK,Retail,Retail,2020-01-08,6743.26
KLXSN,Jones Group,Victoria Richmond,Procurement Specialist,Smithhaven,USA,Small Business,Transportation,2021-03-11,78310.88
VLSDQ,加藤運輸有限会社,鈴木 さゆり,Order Administrator,品川区,Japan,Corporate,Healthcare,2025-02-07,730943.58
JEJTD,Vollbrecht Fritsch AG & Co. OHG,Alexandros Austermühle B.Sc.,Sales Representative,Lichtenfels,Germany,Corporate,Food & Beverage,2025-03-02,506726.45
XCUGA,Reid PLC,Liam Whitehead-Thompson,Purchasing Manager,Kimside,UK,Corporate,Technology,2019-01-17,127538.56
JPWJH,Spółdzielnia Paździora i syn s.c.,Kamil Kotlarek,Logistics Coordinator,Kwidzyn,Poland,Small Business,Manufacturing,2023-02-13,233235.5
PPMVR,"Warren, Miller and Fields",Jeffery Gomez,Order Administrator,Amyberg,USA,Corporate,Healthcare,2019-05-19,892805.81
YELPA,Chiesa-Alboni SPA,Maria Argurio,Owner,Montescudaio,Italy,Wholesale,Healthcare,2019-01-12,599072.0
HPMTO,Smith-Davies,Ms Grace Osborne,Order Administrator,Carterborough,UK,Wholesale,Technology,2022-09-19,479501.7
NCYNB,Jones-Weber,Heather Davis,Logistics Coordinator,North Susanland,Australia,Retail,Retail,2018-03-30,33322.89
DPFLX,Pinto Ltda.,Dra. Jade Santos,Procurement Specialist,Cardoso,Brazil,Corporate,Manufacturing,2021-03-20,604202.92
XFEEW,Clark Inc,Jason Ferrell,Order Administrator,East John,USA,Corporate,Food & Beverage,2018-04-15,932910.0
HFDIY,Söding,Herr Nikolaos Grein Groth B.Eng.,Logistics Coordinator,Soltau,Germany,Retail,Agriculture,2020-01-22,58494.11
MLSMA,Kabus Haase KG,Heinz-Joachim Wilms,Owner,Recklinghausen,Germany,Corporate,Technology,2018-03-24,440573.6
TKAZJ,"Dermody, Millican and McMurrough",Christy Montague,Logistics Coordinator,Lisa Ville,Ireland,Corporate,Agriculture,2024-04-07,859874.92
ZUQDP,Acosta-Torres,Scott King,Marketing Manager,Reneeland,USA,Retail,Agriculture,2025-01-24,106757.84
EOGLL,Hänninen,Janne Lehikoinen,Logistics Coordinator,Tuusniemi,Finland,Wholesale,Construction,2020-02-26,174343.09
XSJPV,Hansson & Andersson HB,Jessica Gustafsson,Supply Chain Manager,Ängelholm,Sweden,Corporate,Food & Beverage,2019-04-11,905127.25
ZAHJG,Schaaf AG & Co. KG,Apollonia Drubin,Sales Representative,Altötting,Germany,Corporate,Manufacturing,2020-05-19,245304.78
VHWOC,Lambert Group,Mitchell Stewart,Procurement Specialist,Gibsonborough,UK,Government,Technology,2018-12-01,767819.9
GDWTM,Erickson LLC,David Martin,VP of Purchasing,West Wesleyside,USA,Corporate,Food & Beverage,2019-06-13,341583.23
YUGYC,Wong-Fields,Thomas Singh,Logistics Coordinator,Tylerfurt,Australia,Small Business,Education,2019-04-23,146949.13
TVUSO,FPUH Budzich,Gaja Litwinowicz,Accounting Manager,Gdynia,Poland,Corporate,Construction,2023-10-13,284406.74
FCTKX,Camargo Ltda.,Luan Dias,Sales Associate,Cirino dos Dourados,Brazil,Small Business,Transportation,2021-05-03,48430.19
LMMOJ,Rohleder,Dipl.-Ing. Aloys Hartung,Procurement Specialist,Melle,Germany,Small Business,Healthcare,2020-01-27,209195.04
MZBIU,"Brown, Smith and Smith",Mrs Lindsey Carter,Procurement Specialist,Hardyside,UK,Corporate,Agriculture,2021-03-27,669739.37
EUWEP,Chechi-Emanuelli e figli,Sig. Laureano Oscuro,Owner,Marco,Italy,Government,Transportation,2018-05-04,1714097.26
WABFC,"Leon, Elliott and Ramos",Kyle Haas,Accounting Manager,North Erinmouth,USA,Small Business,Food & Beverage,2025-06-01,80415.33
FZMEB,"Walker, Erickson and Blake",Wesley Ramos,Supply Chain Manager,Markville,USA,Small Business,Hospitality,2018-08-29,5621.27
YCYUX,Smith-Hudson,Heather Schmidt,Accounting Manager,Buckton,Australia,Wholesale,Construction,2023-12-25,38447.42
ZROCZ,Lucero Ltd,Joaquin Santiago Benjamin Diaz,Operations Manager,San Luis,Argentina,Corporate,Food & Beverage,2021-11-28,412349.32
OMGLZ,Brown-Sexton,Jimmy Becker,Supply Chain Manager,East Emilyshire,Canada,Government,Hospitality,2024-08-27,185603.58
FEHRB,"Williamson, Perez and Mcdaniel",Diana Orr,Procurement Specialist,Lake Johnshire,USA,Wholesale,Construction,2022-07-12,435280.42
XXQMR,"Lauwers, Vercammen en Vandenbroucke BV",Mats Vermeiren Smolders,VP of Purchasing,Berchem,Belgium,Small Business,Transportation,2024-11-02,156425.31
WMDRI,Clark Ltd,Mr. Joseph Gomez,Supply Chain Manager,New Michael,USA,Corporate,Transportation,2022-10-26,692131.0
VSWAZ,"Valencia, Hunt and Hunt",Raymond Scott,Sales Associate,New Tanner,USA,Small Business,Technology,2023-03-22,129554.6
WRKBY,合同会社藤井通信,山崎 直樹,Procurement Specialist,長生郡睦沢町,Japan,Small Business,Construction,2021-09-20,121199.27
NZMVX,Olsen RFH,Tove-Sissel Hauge,Supply Chain Manager,Haug,Norway,Corporate,Healthcare,2021-06-20,951448.03
ZKHME,雨林木风计算机信息有限公司,郝平,Marketing Manager,秀云市,China,Corporate,Technology,2023-07-29,847674.26
XTJKW,Club Montalvo-Linares,Héctor María Cristina Mota,Accounting Manager,Vieja Argelia,Mexico,Wholesale,Agriculture,2025-01-07,347226.13
KGPGL,"Green, Peterson and Pearson",Tammie Black,Purchasing Manager,St. Lisashire,Australia,Small Business,Healthcare,2025-03-29,72393.68
GIAQG,Guillou,Stéphanie Guillou,Order Administrator,Maillet,France,Corporate,Transportation,2021-09-21,211170.41
OHVNK,"Urías, Becerra y Ochoa",Olivia Mares,Marketing Manager,Vieja Tailandia,Mexico,Small Business,Manufacturing,2018-04-17,86527.71
LVHWA,"Clark, Ferrell and Pearson",Michael Owens,Operations Manager,Davisborough,USA,Small Business,Education,2020-05-15,61245.16
SJKES,May Inc,Joseph Hughes Jr.,Purchasing Manager,East Jennifer,USA,Corporate,Construction,2021-10-03,410786.12
NSHUM,Andries-Verhelst VOF,Lutgardis Cornelis,Operations Manager,Steenkerque,Belgium,Corporate,Manufacturing,2020-06-30,132993.07
WFVSV,Luna and Sons,Zachary Taylor,Order Administrator,Edwardsburgh,USA,Corporate,Retail,2021-06-09,437230.74
WLPFX,Sales,Luísa Campos,Sales Associate,Pinto dos Dourados,Brazil,Small Business,Technology,2019-03-03,70287.08
UXWTG,Correia S.A.,Fábio Fonseca,Sales Representative,Tarouca,Portugal,Retail,Healthcare,2018-07-24,206447.84
MCPUS,Vieira,Luísa Andrade,Supply Chain Manager,Santos,Brazil,Corporate,Hospitality,2020-09-03,100703.7
EMBUC,Cooper-Hayes,Susan Hernandez MD,Supply Chain Manager,South Johnborough,USA,Small Business,Technology,2021-02-18,78262.28
PLOMN,da Luz,Dr. Ravy Gonçalves,Marketing Manager,Vargas,Brazil,Retail,Food & Beverage,2019-03-15,109643.47
FIWJS,"Elliott, Ho and Harper",Brittany Rhodes,Operations Manager,Port Roberttown,USA,Small Business,Healthcare,2021-04-12,214478.19
VITQE,Garcia-Moore,Susan Weaver,Owner,Lake Jennifer,USA,Corporate,Transportation,2018-03-14,77543.66
NITBC,Hübel Hölzenbecher GmbH & Co. KG,Elfi Steckel,Logistics Coordinator,Grevenbroich,Germany,Small Business,Hospitality,2020-10-12,235652.72
GSXWO,Shepherd-Peterson,Cameron Russell,Sales Representative,Royfort,Canada,Corporate,Transportation,2021-09-26,290875.93
PZYCT,"Obrien, Chambers and Livingston",Matthew Freeman,Marketing Manager,New Jennifer,Canada,Retail,Healthcare,2018-06-18,127066.2
LISUA,Bättig Bader & Cie.,Heidy Weber,Supply Chain Manager,Pfäffikon,Switzerland,Corporate,Food & Beverage,2022-03-28,646570.08
VJXVG,"Dhar, Samra and Badal",Qarin Doctor,Operations Manager,Phusro,India,Corporate,Transportation,2021-04-30,551324.78
RHNGZ,Bajaj-Rattan,Tanvi Barad,Owner,Surendranagar Dudhrej,India,Corporate,Agriculture,2018-03-07,849353.81
FYIHR,"Rice, Cook and Dean",Jacqueline Martin,Accounting Manager,West Dylan,UK,Retail,Construction,2022-08-01,36677.57
BADLW,Graham-Alvarez,Brian White,Procurement Specialist,New Deborahbury,USA,Corporate,Technology,2023-08-29,813409.2
TCMNT,Chapman Ltd,Angel Carlson,Procurement Specialist,Loganberg,USA,Wholesale,Manufacturing,2018-11-04,745539.24
ORXZP,주식회사 가야원더기획,허광수,Owner,성남시 중원구,South Korea,Corporate,Retail,2024-09-23,973131.87
QJASI,Wilkerson PLC,Joel Goodman,Sales Associate,South Kimberly,USA,Small Business,Food & Beverage,2020-05-13,35428.49
FXADY,Römer,Jasmin Wähner,VP of Purchasing,Eggenfelden,Germany,Small Business,Technology,2024-09-03,52979.24
PXXJZ,Brown and Sons,Michael Stone,Order Administrator,North Tinaburgh,USA,Corporate,Food & Beverage,2021-02-27,979547.93
PPUHU,"Tran, Valenzuela and Green",Holly Riley,Owner,Lake Nicole,USA,Wholesale,Transportation,2021-09-06,176148.27
DWQJC,Kirk Group,Samantha Lucas,Order Administrator,Scottview,USA,Corporate,Manufacturing,2024-11-14,171621.7
YDBZW,Thompson-Murray,John King,Procurement Specialist,Kelleyside,USA,Corporate,Food & Beverage,2019-12-16,335908.62
UAGZX,Coolblue,Jet Unruoch Hunerik,Order Administrator,Ten Boer,Netherlands,Corporate,Manufacturing,2021-07-05,723375.73
NLVPX,Mcknight Inc,Lucas Porter,Supply Chain Manager,Ashleyberg,USA,Wholesale,Retail,2022-02-02,221399.06
QINCW,Ross Inc,Brandy Hogan,Procurement Specialist,Port Gloria,Australia,Corporate,Retail,2018-07-14,866584.72
NDYWP,"Campos, Scott and Kim",Craig Vasquez,Purchasing Manager,Johnsonfurt,USA,Small Business,Retail,2023-06-18,218351.57
MKNNS,Riehl Pieper AG,Arne Stumpf MBA.,Order Administrator,Havelberg,Germany,Retail,Construction,2025-06-28,15049.58
NOSWQ,"Massey, Fields and Thomas",Cheryl Martinez,Accounting Manager,Port Kathleen,USA,Corporate,Agriculture,2019-12-20,480808.5
UASHO,"Cohen, Allen and Watson",Angela Ross,Supply Chain Manager,North Barbaraland,USA,Wholesale,Education,2025-04-28,559393.31
DGKHG,Berthelot,Raymond Besnard,Order Administrator,Saint Charlotte,France,Corporate,Technology,2018-01-04,615876.72
UPUYJ,Zahn,Janin Dobes-Kobelt,Order Administrator,Bad Kreuznach,Germany,Small Business,Hospitality,2021-08-05,215406.71
SRLUH,Ramos SA,Louise Boyer,Operations Manager,Jean,France,Small Business,Transportation,2019-09-08,71519.8
EHSDN,Siqueira,Maria Helena Machado,Sales Representative,Ramos,Brazil,Retail,Construction,2024-11-01,203997.31
PQABH,Miller-Brown,Anna House,Order Administrator,North Ericaton,USA,Retail,Construction,2024-02-10,245901.83
IRKXX,Novais,Sra. Ana Silveira,Purchasing Manager,Albuquerque,Brazil,Small Business,Retail,2020-10-15,53382.1
URMEJ,Ferreira Rios Ltda.,Olívia Castro,Marketing Manager,Santos,Brazil,Small Business,Food & Beverage,2023-02-12,232881.66
LGTAH,Bali Inc,Orinder Singhal,Sales Representative,Madanapalle,India,Retail,Retail,2021-07-19,125250.67
KFBHJ,森運輸合同会社,山崎 陽子,Purchasing Manager,北区,Japan,Government,Healthcare,2020-05-29,624979.55
YVBHJ,Bouvet,Gilbert Samson de la Perrot,Procurement Specialist,Jacob,France,Corporate,Manufacturing,2022-12-20,385532.6
IVYUY,"Gilbert, Harmon and Caldwell",Douglas Sullivan,Sales Associate,West Kimberlyborough,Canada,Retail,Healthcare,2021-04-21,54866.64
YMZTK,Ottino SPA,Gino Sauli,Owner,Savignano Irpino,Italy,Small Business,Construction,2024-07-04,92249.74
ZTCNT,Hogan-Foster,Rachel Franklin,Owner,Fergusonfurt,USA,Corporate,Hospitality,2023-10-01,499966.89
IMIEQ,Radisch GmbH,Jennifer Wilms,Supply Chain Manager,Miltenberg,Germany,Small Business,Healthcare,2020-04-04,59651.55
XUQZW,Fonseca - EI,Matteo Moreira,VP of Purchasing,da Mota,Brazil,Government,Food & Beverage,2020-01-17,1094673.12
WZOQA,Andersen & Søn A/S,Åge Frandsen,Purchasing Manager,Hellebæk,Denmark,Corporate,Education,2020-02-15,800552.52
PCJFB,Rocha Ltda.,Jade da Luz,Sales Associate,Alves Verde,Brazil,Corporate,Food & Beverage,2022-08-17,630534.72
RGFOG,"Kim, White and Brooks",Charles Alexander,Supply Chain Manager,North Rachelland,USA,Corporate,Food & Beverage,2023-03-08,682404.96
OQNYZ,(유) 하나기술,김정순,Purchasing Manager,양구군,South Korea,Small Business,Construction,2022-07-27,56757.49
YLCTU,"Turner, Storey and Morton",Lisa Smith,Sales Associate,Hardyborough,UK,Small Business,Manufacturing,2018-05-24,220766.13
TOHSE,"Sansoni, Fieramosca e Leone SPA",Ermanno Comisso,Sales Representative,Bulgarograsso,Italy,Wholesale,Technology,2019-12-26,340349.49
DVHWG,Chauvet,Christiane Petit,VP of Purchasing,Rémy,France,Small Business,Retail,2020-03-22,191598.24
LGPQN,Carson PLC,Tammy Morse,VP of Purchasing,Lake Chelsealand,Canada,Government,Transportation,2024-05-26,942890.94
HOINR,Johnsson Mohammed HB,Greger Adolfsson,Accounting Manager,Karlskoga,Sweden,Retail,Manufacturing,2019-11-10,99085.44
ZOSGV,Mullen-Olson,Darlene Wells,Order Administrator,North Jose,Canada,Wholesale,Technology,2018-08-03,250440.48
PADJU,Porter PLC,Devon Mcbride,Owner,South Sean,USA,Wholesale,Construction,2025-01-24,608772.8
YKKZN,Bibi-Heath,Dylan Murphy,Purchasing Manager,Singhmouth,UK,Government,Agriculture,2020-03-13,445917.25
UDRQZ,Hunt-Stephenson,Tracy Young,VP of Purchasing,North Samanthaberg,USA,Corporate,Technology,2023-05-31,582175.69
XFFMO,"Ritter, Terrell and Perry",April Murphy,Accounting Manager,Whitemouth,USA,Corporate,Technology,2020-06-30,691715.42
NMHWN,Travis PLC,James Wright,Order Administrator,North Ericview,USA,Small Business,Healthcare,2024-04-22,17607.15
IPRXI,"Hussain, Harris and Butler",Miss Yvonne Iqbal,Operations Manager,West Michelleside,UK,Government,Education,2024-01-08,1668781.94
KRBJB,Munoz Payet et Fils,Antoine Turpin-Leroy,Logistics Coordinator,Daniel-la-Forêt,France,Corporate,Technology,2021-11-20,655341.28
LQYGZ,Grondin,Laurent Fontaine,Marketing Manager,Munoz,France,Corporate,Food & Beverage,2018-12-24,399262.8
ZJWUE,"Bradshaw, Allen and Brown",Toni Thompson,Owner,Joneschester,USA,Corporate,Hospitality,2022-10-07,981651.18
LLCJB,Jacquet Léger S.A.R.L.,Paulette Roche,Order Administrator,Saint GillesBourg,France,Corporate,Construction,2019-07-28,138053.86
JYAIJ,Artner & Meyer KG,Lukas Zehetner,Purchasing Manager,Saalfelden am Steinernen Meer,Austria,Corporate,Education,2023-09-07,885167.87
BCGEE,Gonçalves - ME,Liam Sampaio,Sales Representative,Ferreira do Galho,Brazil,Wholesale,Agriculture,2020-06-25,654322.9
LSFWR,Mallet,Joseph Lesage-Germain,Logistics Coordinator,Chevalier,France,Wholesale,Manufacturing,2021-12-02,118421.12
CKXTN,Martin PLC,Casey Taylor,Purchasing Manager,Lake Alexandra,USA,Wholesale,Transportation,2022-01-18,56332.88
DCGLV,Sauer Berger GmbH,Hedda Schacht,Accounting Manager,Eisenach,Germany,Small Business,Technology,2022-01-09,93653.13
IDAEQ,Holder PLC,Joann Johnson MD,Sales Associate,North Elizabeth,Canada,Corporate,Hospitality,2024-04-17,811684.53
XNFIW,Olsen PLC,Summer Davis,VP of Purchasing,East Julie,USA,Small Business,Education,2024-11-17,35258.16
BPDXD,Dillon Group,Veronica Martinez,Sales Associate,Noblefort,USA,Small Business,Transportation,2022-02-01,75437.67
FLHLZ,Renier Group,Sabatino Colletti,Sales Representative,Villammare,Italy,Corporate,Healthcare,2023-07-16,128550.37
HUELJ,Bowen and Sons,Xavier Webb,Owner,Port Joseph,USA,Corporate,Healthcare,2025-04-08,431620.87
ZIATG,昂歌信息网络有限公司,薛玲,Order Administrator,洁县,China,Small Business,Retail,2019-10-27,108141.67
XRKXT,Danielsen-Eide og Sønner,Elin Lunde,Sales Representative,Eirikfoss,Norway,Small Business,Education,2020-06-23,32619.98
YXVXY,Schmidt-Thornton,Antonio Martinez,Procurement Specialist,Walkerberg,USA,Small Business,Technology,2019-04-11,146866.59
YUZCN,Sharp-Barker,Denise Ellis,Sales Associate,Lukeberg,UK,Small Business,Construction,2020-06-25,54639.31
GUEUT,Roberts-Jenkins,Rachel Sutton,Marketing Manager,Staffordmouth,USA,Corporate,Education,2022-11-12,309011.18
PICWI,Webb-Allan,Max Davis,Owner,West Carolechester,UK,Retail,Construction,2022-10-12,77716.0
CNAHK,Ross-Newman,James Buchanan,Accounting Manager,Normantown,USA,Small Business,Agriculture,2020-03-23,197109.72
RTODA,Robertson-Pennington,Michael Porter,Purchasing Manager,East Jacob,Canada,Retail,Hospitality,2019-05-04,84133.48
NUCPE,Arnold and Sons,Teresa Foster-Parsons,Sales Associate,Bellmouth,UK,Wholesale,Healthcare,2018-03-21,187596.07
TAMUS,Löchel,Dr. Mike Schmiedecke,Marketing Manager,Helmstedt,Germany,Small Business,Food & Beverage,2022-05-14,5710.05
XDUGL,Distribuciones Robles y asociados S.A.,Aitana Moraleda Fábregas,Operations Manager,Ávila,Spain,Corporate,Retail,2018-12-19,141097.52
VTLCE,Jean S.A.,Dominique-Alix Lemonnier,Logistics Coordinator,Saint Michelledan,France,Wholesale,Construction,2018-09-07,147972.32
VFFXV,주식회사 이노마루소프트,최광수,Logistics Coordinator,천안시 서북구,South Korea,Small Business,Transportation,2023-10-23,162276.23
JNLPJ,Gonzalez Ltd,Abigail Torres Diaz,Order Administrator,La Rioja,Argentina,Small Business,Transportation,2020-02-06,238200.74
ROASZ,Nguyen Group,Mark Cole,VP of Purchasing,New Katie,USA,Small Business,Education,2018-07-13,223657.59
UPOGQ,Howe-Diaz,Marc Ford,Operations Manager,Michaelfort,Canada,Small Business,Technology,2020-07-21,75442.99
NSGHK,Raymond,Michèle-Michèle Michel,Logistics Coordinator,Breton,France,Wholesale,Manufacturing,2024-09-19,697855.4
VZIFV,de Kale & Hulshouts,Kevin Heijmen,Operations Manager,Maasbommel,Netherlands,Corporate,Transportation,2021-11-07,859867.3
WAGEA,Assunção,Emma Reis-Leite,Procurement Specialist,Ourém,Portugal,Retail,Education,2018-12-25,109217.76
SLPVK,Collazo-Bañuelos S.C.,Ing. Dalia Benavídez,Sales Representative,San Violeta los bajos,Mexico,Retail,Technology,2018-09-21,197970.79
BONWT,Farmaceútica PV S.Coop.,Feliciano Carlito Barreda Fuente,Owner,Zamora,Spain,Retail,Healthcare,2024-01-18,111821.3
QPVAO,Wells Group,Sierra Ford,VP of Purchasing,New Jessicaside,USA,Small Business,Food & Beverage,2019-01-23,218727.54
MKEAY,Ginevan Ltd,Nicola Hughes,VP of Purchasing,Shannan Ville,Ireland,Government,Agriculture,2023-11-21,977481.23
WUCRM,Instalaciones Agustí & Asociados S.Coop.,Cruz Manjón Alonso,Logistics Coordinator,Ávila,Spain,Small Business,Retail,2019-04-27,220830.62
OLRTX,"Davis, Arnold and Williams",Mary Gomez,Accounting Manager,Brandyton,USA,Small Business,Transportation,2023-04-21,115151.54
ZJSOC,"Proyectos Romo, Zúñiga y Hernádez",Celia Granado Corrales,Supply Chain Manager,San Hermelinda los bajos,Mexico,Wholesale,Retail,2018-01-23,51766.16
XDFKW,Strandberg & Axelsson AB,Matilda Nordström,Logistics Coordinator,Eskilstuna,Sweden,Wholesale,Transportation,2024-01-02,602883.42
UPJBJ,"Richardson, Jones and Lewis",Loretta Holt,Sales Associate,Pattersonchester,Australia,Small Business,Manufacturing,2018-08-27,220423.78
KMJDD,Allen-Weiss,Bruce Johnson,Purchasing Manager,East Nicole,Australia,Small Business,Transportation,2023-04-22,69224.36
ZMPJZ,Hubert SA,William Allain,Supply Chain Manager,Vaillant,France,Government,Education,2018-04-05,1343750.18
NJPPT,"Carey, Foster and Humphreys",Arthur Ellis,Sales Representative,Daviesport,UK,Small Business,Food & Beverage,2024-01-25,211376.58
BJGQD,Lopez PLC,Kenneth Lawrence,Sales Associate,North Emily,Canada,Wholesale,Hospitality,2019-06-11,443564.74
ZOFGA,Novais,Dra. Gabrielly Brito,VP of Purchasing,Cassiano de da Conceição,Brazil,Corporate,Agriculture,2023-09-13,504470.67
IKDUS,"Ross, Brown and Evans",Sheryl Mooney,Operations Manager,Millerborough,USA,Small Business,Healthcare,2023-03-06,85708.89
LEDRU,"Green, Clark and Lowe",Dr Jacob Fowler,Operations Manager,North Shaneborough,UK,Corporate,Agriculture,2023-11-10,167695.58
EPRFT,Hines and Sons,Robert Vargas,Purchasing Manager,Johnsonfort,USA,Small Business,Construction,2018-07-29,243520.85
DFLLL,"Sibilia, Pepe e Murri SPA",Sig.ra Mariana Nadi,Owner,Celzi,Italy,Wholesale,Construction,2020-09-07,496991.41
VLVQB,高橋農林有限会社,鈴木 晃,Order Administrator,横浜市磯子区,Japan,Retail,Transportation,2019-06-21,182568.78
OLFXR,Tencalla-Borsiere SPA,Susanna Bersani-Mennea,Marketing Manager,Felline,Italy,Small Business,Education,2025-04-26,55566.98
YBRMA,Finley PLC,Shannon Harris,Supply Chain Manager,Rossmouth,USA,Corporate,Transportation,2018-03-04,200025.07
NTEPW,Wheeler-Campbell,Shari Faulkner,Operations Manager,Parksbury,Canada,Small Business,Technology,2024-06-15,50681.06
FOKJV,Hatfield and Sons,Joel Johnson,Operations Manager,Lake Erinhaven,Canada,Retail,Agriculture,2024-02-20,136591.24
KTFXQ,Jackson Inc,Jill Parker-Burton,Accounting Manager,East Robin,UK,Corporate,Hospitality,2020-03-27,107421.15
ADMTM,Lloyd Group,Joseph Henry,Supply Chain Manager,Nicoleside,Australia,Corporate,Manufacturing,2023-03-14,849418.86
XAWUN,"Lee, Hutchinson and Jackson",Kyle Smith,VP of Purchasing,Lopezhaven,USA,Small Business,Construction,2024-05-17,223944.35
CYTWP,Gentry-Roberson,James Dougherty,Order Administrator,Michaelville,Canada,Small Business,Education,2019-08-03,56483.62
NQCIM,Lawrence Group,Mr Kenneth Bell,Marketing Manager,Port Damian,UK,Corporate,Education,2021-03-18,425840.52
WVHYR,Industrias Sáenz y Estévez,Ramón Espinoza,Sales Associate,Nueva Portugal,Mexico,Corporate,Education,2018-02-16,913161.91
ZAEDF,Booth-Ali,Justin Reynolds,Logistics Coordinator,Oliverview,UK,Corporate,Technology,2021-11-16,641834.34
DGHMW,太田食品株式会社,伊藤 香織,Operations Manager,山武市,Japan,Corporate,Manufacturing,2018-04-16,267620.19
XXUYV,Döring GmbH & Co. KG,Gesa Geisler,Accounting Manager,Neunburg vorm Wald,Germany,Small Business,Food & Beverage,2020-12-29,181581.87
BUYNZ,Green PLC,Jose Rodriguez,Owner,Johnnyland,USA,Small Business,Education,2020-10-09,31547.16
DGTCE,Stephens Ltd,Daniel Gray,Sales Representative,North Robertfurt,USA,Corporate,Hospitality,2018-11-20,513224.28
JBPLR,Krause Becker AG & Co. OHG,Annelie Cichorius-Plath,Purchasing Manager,Lippstadt,Germany,Small Business,Education,2023-08-11,71104.08
RLJUD,Patton LLC,Mark Gray,Order Administrator,Reneeburgh,USA,Retail,Construction,2023-07-23,201030.44
XSWOL,"Booker, James and Mullins",Terri Maddox,Supply Chain Manager,South Shannon,USA,Corporate,Education,2025-05-29,740675.79
OSEUP,Costa Ltda.,Júlia Pires,Sales Representative,da Mota Alegre,Brazil,Corporate,Construction,2024-05-08,869647.64
CHOXH,Partida-Pineda A.C.,Esther Aguilar Briseño,Purchasing Manager,Vieja Somalia,Mexico,Corporate,Manufacturing,2025-05-04,56497.85
VYSKP,Crawford and Sons,Tracy Bennett,Marketing Manager,Meadowsberg,USA,Small Business,Manufacturing,2023-03-05,214406.57
DXVVA,Vogt,Natalija Hänel MBA.,Operations Manager,Pfaffenhofen an der Ilm,Germany,Small Business,Food & Beverage,2020-10-03,42275.97
NHHQN,Dunlap LLC,Lynn Smith,Procurement Specialist,West Anthony,Canada,Small Business,Education,2023-05-15,157939.12
RDEUD,Jesus e Filhos,Sr. Yago Camargo,VP of Purchasing,Correia,Brazil,Small Business,Education,2021-02-01,237608.82
XIHQD,Clausen & Søn A/S,Gunner Danielsen,Order Administrator,Lemvig,Denmark,Corporate,Retail,2019-06-01,733356.9
ACENW,Martins,Anthony Gabriel Sales,Marketing Manager,Cavalcanti do Amparo,Brazil,Corporate,Technology,2024-12-14,837380.27
EZHOY,Silva,Lívia Santos,Owner,das Neves,Brazil,Wholesale,Retail,2024-01-30,664020.75
XKYMC,Koninklijke Scuylenborchs,Johanna Verhagen,Marketing Manager,Loosbroek,Netherlands,Retail,Retail,2019-01-14,7456.78
GVTGG,Pollard Ltd,Michael Costa,Sales Associate,Andersonmouth,USA,Small Business,Food & Beverage,2019-04-07,204317.93
AUQTQ,Richard SA,Antoinette Jourdan,VP of Purchasing,Martins-la-Forêt,France,Retail,Construction,2020-04-17,189067.11
SXSXH,Grenier,Éléonore Rey,Procurement Specialist,Parent,France,Wholesale,Transportation,2018-11-18,377926.27
BQEHR,Dawson-Pierce,Jenny Blankenship,Owner,Higginston,USA,Corporate,Healthcare,2018-05-26,714010.09
JBRVT,Bol.com,Lise Groen-Hofman,Logistics Coordinator,Leveroy,Netherlands,Retail,Retail,2022-10-08,74496.04
ZIEJX,Pons,Astrid Gallet,Sales Associate,Fournier,France,Wholesale,Agriculture,2024-06-02,454642.77
EZLST,"Turner, Campbell and Hale",Carrie Thornton,Logistics Coordinator,West Jennifer,USA,Corporate,Agriculture,2023-10-20,353109.49
OCOUN,"Harris, Lewis and Jackson",Kaitlyn Howard,Marketing Manager,Barrettshire,USA,Retail,Healthcare,2025-06-12,242710.36
ULQNM,Keller Inc,Jennifer Nguyen,Logistics Coordinator,Danafort,Canada,Retail,Manufacturing,2018-09-20,49258.18
JXUGN,Vrancken Groep,Tijs Die Bont,Supply Chain Manager,Waalwijk,Netherlands,Small Business,Healthcare,2024-06-26,22340.25
LPECE,Moyer-Leonard,Linda Jones,Marketing Manager,South Jessicaville,USA,Small Business,Transportation,2018-11-14,181379.14
VZZAM,Baldwin-Hodgson,Miss Pamela Palmer,Owner,North Carolehaven,UK,Wholesale,Agriculture,2019-10-22,691149.51
ORPUK,유한회사 스타,김지연,Order Administrator,정선군,South Korea,Small Business,Agriculture,2019-08-06,106956.41
DBOAI,Viitala Huttunen Oyj,Veikko Mäkinen,Supply Chain Manager,Saarijärvi,Finland,Small Business,Construction,2018-01-13,196379.88
HJTEJ,Castro-Clay,Gina Thompson,Order Administrator,East Christopherside,USA,Small Business,Healthcare,2024-03-17,205197.27
STPJC,Distribuciones Ramis S.Coop.,América Rebollo-Ramis,Sales Associate,Toledo,Spain,Corporate,Education,2018-02-23,154247.17
YCPMI,"Sani, Patel and Jani",Jalsa Sharaf,VP of Purchasing,Alappuzha,India,Corporate,Technology,2020-04-21,267909.48
TAWTG,"Wagle, Deol and Chopra",Akshay Gulati,Operations Manager,Bangalore,India,Corporate,Retail,2024-03-27,183633.46
KSVUM,"Wheeler, Riggs and Griffin",Katherine Frank,Owner,Ellisonchester,USA,Retail,Healthcare,2023-08-19,221462.33
EQODC,Distribuciones Castellana S.Coop.,Lucho Villa Guitart,Purchasing Manager,Málaga,Spain,Retail,Agriculture,2020-01-13,204921.88
OFYHL,Laboratorios Puga-Salazar,Paola Marcos Parra del Valle,VP of Purchasing,San Javier de la Montaña,Mexico,Retail,Education,2024-05-22,219944.85
DXLIP,Paulsen & Simonsen ApS,Hannah Bruun,Marketing Manager,Svaneke,Denmark,Wholesale,Transportation,2021-07-12,671082.14
CPYGZ,Rhodes-Davis,Caitlin Garcia,Owner,Tyroneshire,USA,Retail,Agriculture,2020-08-16,103673.74
BLTUP,De Jonghe CV,Monique Bosmans,Accounting Manager,Opont,Belgium,Government,Food & Beverage,2025-04-22,150827.0
NNASH,Gonzalez y Barragán S.A.T.,Narcisa Jaume Ojeda,Order Administrator,Huesca,Spain,Wholesale,Food & Beverage,2025-02-19,690329.07
NHSAC,Allen PLC,Olivia Duarte,Owner,Molinaview,USA,Corporate,Manufacturing,2023-10-24,973889.3
QMLUE,Oconnor and Sons,Jeffrey Cooper,Purchasing Manager,West Steven,USA,Corporate,Construction,2023-08-01,595245.21
WFDAE,Bergström Hedlund AB,Oskar Lidström,Accounting Manager,Uppsala,Sweden,Government,Manufacturing,2023-05-25,504785.8
HCKBB,Pittman-Hobbs,Thomas Russell,Owner,East Derek,USA,Corporate,Technology,2021-04-04,51847.07
HFGJY,Haney and Sons,Tony Terry,Operations Manager,Port Stacey,USA,Small Business,Retail,2021-11-23,16594.66
ZDRRP,Joly,Paul Parent-Schmitt,Order Administrator,Marques,France,Small Business,Transportation,2023-08-18,36966.83
JUSUP,Garcia and Sons,Michelle Summers,Procurement Specialist,North Amyshire,USA,Retail,Agriculture,2020-05-04,126720.19
WLLTX,da Cunha Andrade S.A.,Sra. Alexia da Mata,Purchasing Manager,Correia,Brazil,Corporate,Transportation,2019-10-01,491483.32
UPCZF,Vega Ltd,Stacy Robertson,Operations Manager,Michaelland,USA,Small Business,Retail,2018-12-17,15221.34
FHDGI,Lévy,Grégoire Barthelemy,Procurement Specialist,Besnard,France,Small Business,Agriculture,2018-10-04,203079.52
TLSHO,"Owen, May and Watson",Megan Woods,VP of Purchasing,Duncanfurt,USA,Corporate,Construction,2022-01-18,674454.58
SBQUJ,"Pavone, Malaparte e Pacomio Group",Leone Collina-Cafarchia,Operations Manager,Castellinaldo,Italy,Wholesale,Agriculture,2021-09-01,265302.38
OTOIR,"Ryan, Walker and Oliver",Dylan Morris,Logistics Coordinator,Lake Madison,USA,Corporate,Education,2019-06-27,905501.18
PTPLR,Yuste y Ávila S.Com.,Eleuterio Cazorla,Order Administrator,Santa Cruz de Tenerife,Spain,Corporate,Technology,2024-01-07,266508.59
KLDBM,Quinn Group,Leon Jones,VP of Purchasing,Lake Phillip,UK,Corporate,Education,2018-08-08,237358.83
HBXJQ,Almeida,Enzo Brito,Logistics Coordinator,Sá Verde,Brazil,Small Business,Healthcare,2024-03-06,170073.58
YWLYN,Robson-Roberts,Mr Maurice Richardson,Supply Chain Manager,East Mohamedtown,UK,Government,Transportation,2020-12-20,989169.78
WNUYE,Wiener Zimmermann e.V.,Ronya Kucera-Riedmann,Logistics Coordinator,Mattersburg,Austria,Retail,Retail,2022-11-04,243863.87
TABUR,Malpighi s.r.l.,Marta Cabrini,Owner,Villanovetta,Italy,Retail,Food & Beverage,2024-03-18,193411.98
MZZUH,"Gregory, Patterson and Thomas",Misty Davis,Purchasing Manager,East Allisonburgh,Canada,Government,Education,2020-04-29,1370466.39
AYCXY,Garcia,Eduardo Caldeira,Accounting Manager,Fogaça Verde,Brazil,Small Business,Technology,2023-09-10,123451.47
GHYDH,Rocha Macedo Ltda.,Oliver da Conceição,Operations Manager,Pimenta Alegre,Brazil,Corporate,Manufacturing,2024-11-14,584803.41
CUZNM,Albers Gute KG,Friedhilde Zirme,Owner,Lübeck,Germany,Corporate,Retail,2020-09-18,359984.65
SRFTM,"Pillai, Issac and Borde",Dalbir Varghese,Sales Representative,Bellary,India,Small Business,Technology,2018-03-27,166554.72
OPMXP,Chand Inc,Unni Jani,VP of Purchasing,Gandhinagar,India,Corporate,Healthcare,2019-08-30,657132.87
UFZUL,"Dudley, Bell and Myers",Christine Bush,Supply Chain Manager,East Stacey,USA,Retail,Agriculture,2019-07-14,233707.17
GVEMH,da Mata,Hadassa Peixoto,Procurement Specialist,Lima,Brazil,Corporate,Healthcare,2023-01-02,106228.46
THDCG,Pereira S.A.S.,Alfred Marion,Order Administrator,Sainte Emmanuelle,France,Government,Education,2021-11-22,284104.98
EJCVB,Argurio-Roth e figli,Dott. Lucia Maspero,Marketing Manager,Frassine,Italy,Corporate,Transportation,2024-12-03,307271.24
EXUMA,Ayala-Grant,Melissa Beck,Logistics Coordinator,Christinaview,Australia,Small Business,Technology,2018-09-08,38827.73
QEDVG,Norton-Buchanan,Allison Gonzalez,VP of Purchasing,South Kellystad,USA,Corporate,Construction,2022-10-14,844168.91
QAACT,(주) 가람,권준서,VP of Purchasing,보은군,South Korea,Small Business,Food & Beverage,2020-01-15,197094.54
DBRGQ,Ruppert Jacob GbR,Dr. Marlies Heintze MBA.,Sales Associate,Wolfenbüttel,Germany,Wholesale,Transportation,2023-10-12,499139.73
TJFGD,Helland-Berntsen,Rune-Anders Ruud,Sales Associate,Jenssen,Norway,Corporate,Technology,2021-04-10,153234.39
RQSIT,合同会社田中情報,中島 美加子,Sales Associate,白井市,Japan,Wholesale,Hospitality,2022-06-13,412105.36
IFTZI,Karlsson & Widén HB,Mohammed Henriksson,Sales Representative,Lidingö,Sweden,Small Business,Retail,2020-05-22,181359.98
BCWPW,Gordon Group,Frank Hernandez,Accounting Manager,New Michelleshire,Canada,Retail,Retail,2024-03-18,200772.7
JJFJB,Ramirez-Pham,Carol Arias,Marketing Manager,Kimbury,USA,Retail,Education,2020-09-07,219594.31
NIYMB,"Sullivan, Rivera and Barajas",Brian Kelly,Operations Manager,Port Joemouth,USA,Wholesale,Agriculture,2018-06-23,88821.71
XVVJU,株式会社中村食品,清水 真綾,Accounting Manager,北区,Japan,Retail,Education,2018-01-02,49304.36
MMGUH,林水産株式会社,加藤 美加子,Sales Associate,夷隅郡大多喜町,Japan,Corporate,Construction,2021-06-11,283017.93
HBLKN,"Johnston, Blake and Cox",Shirley Francis,Procurement Specialist,North Declan,UK,Retail,Technology,2018-05-02,77924.59
YRJJF,Vogt KG,Maya Johann-Killer,Operations Manager,Wanzleben,Germany,Small Business,Agriculture,2021-10-07,91150.88
HUACD,Valladares-Armendáriz,Hermelinda Casillas Martínez,Accounting Manager,Nueva España,Mexico,Corporate,Retail,2020-10-17,866722.75
ZTPBT,"Perry, Espinoza and Morales",Danny Edwards,Owner,Port Michelleburgh,USA,Small Business,Construction,2022-05-24,214336.42
DQGAO,Guadalupe Villena Alberdi S.A.,Andrés Espinosa Mariscal,Sales Associate,Lleida,Spain,Retail,Education,2018-09-17,168765.06
CMFRU,(주) 스타,이하은,Marketing Manager,안양시 만안구,South Korea,Corporate,Food & Beverage,2022-06-25,666630.57
RSPGQ,"Carroll, Lane and Lopez",Richard Brooks,Procurement Specialist,Matthewshire,USA,Retail,Manufacturing,2018-09-17,237195.15
LOEYL,Schlatter & Co.,Annelise Bieri Näf,Operations Manager,St. Gallen,Switzerland,Small Business,Manufacturing,2018-07-30,144627.66
IUPTJ,Herrera Ltd,Travis Harper,Supply Chain Manager,West Karen,Australia,Small Business,Transportation,2025-02-06,184596.26
ESSMW,Stichting van Susa,Micha van Breugel,VP of Purchasing,Capelle aan den IJssel,Netherlands,Wholesale,Retail,2019-02-25,343600.44
FWYHA,"Robinson, Hess and Jones",Kenneth Martin,Marketing Manager,North Anna,USA,Small Business,Healthcare,2025-01-22,101563.88
DKMXH,"Despacho Ávila, Gallardo y Romo",Mariana Saldivar Naranjo,Owner,San Judith de la Montaña,Mexico,Wholesale,Manufacturing,2023-05-15,734408.17
XIJCO,Henderson-McCarthy,Janet Marshall,Marketing Manager,South Wayne,UK,Small Business,Hospitality,2023-05-27,241381.86
YSUNP,"Wilson, Howard and McCarthy",Dr Alan Mahmood,Owner,Daviesburgh,UK,Small Business,Manufacturing,2018-10-29,171396.88
JUYZY,"Williams, Holden and Collins",Helen King,Operations Manager,Port Aimee,UK,Wholesale,Technology,2023-04-29,380516.91
EQIGX,Gangemi e figli,Fiorenzo Mocenigo,Marketing Manager,Planol,Italy,Wholesale,Transportation,2022-05-17,165306.58
SNFKT,"Tomasetti, Taliercio e Chittolini SPA",Cristina Galvani,Sales Representative,Nave San Rocco,Italy,Corporate,Education,2023-12-05,163709.01
JMTBF,"Peterson, Jordan and Barrett",Lisa Mathis,VP of Purchasing,Port Andrewshire,USA,Small Business,Agriculture,2023-04-11,99414.71
RJUVF,die Pelser Groep,Yassin Sire,Operations Manager,Numansdorp,Netherlands,Corporate,Education,2018-03-26,502582.53
AEOOB,Davis and Sons,Sarah Sparks,Operations Manager,New Davidview,USA,Corporate,Construction,2023-10-25,988736.33
QVMWX,"Wu, Mack and King",Renee Larsen,Purchasing Manager,Lake Cherylville,USA,Retail,Construction,2019-12-04,121701.89
YYTNB,"Randall, Nelson and Elliott",Keith Gomez,Sales Representative,Smithmouth,USA,Government,Transportation,2024-03-17,1372699.13
PVSNK,"Cagney, Mescall and Driscoll",Dr. Deborah May,Logistics Coordinator,Collette Ville,Ireland,Corporate,Construction,2023-02-16,105852.55
ARMWY,"Payne, Whitaker and Duncan",David Franklin,Purchasing Manager,Christianberg,USA,Small Business,Manufacturing,2022-12-26,90056.55
ZSOUD,"Smith, Oliver and Gibson",Marie Velez,Marketing Manager,West Melanie,USA,Corporate,Education,2023-01-21,820156.5
XNMJL,银嘉传媒有限公司,许红梅,Operations Manager,长春市,China,Wholesale,Food & Beverage,2020-12-05,168333.05
VONUW,Simpson-Warren,Becky Hays,Supply Chain Manager,Wumouth,USA,Corporate,Hospitality,2022-05-14,491614.11
YTDFA,Taylor Ltd,Lee Griffin,Operations Manager,Millerfurt,USA,Small Business,Agriculture,2020-11-25,108683.24
NUIRI,"Puga, Aguilera y Espinal",Rubén Octavio Cavazos Jimínez,Owner,San Pascual los altos,Mexico,Small Business,Construction,2024-11-16,189498.94
BQXEG,"Ali, Brooks and Harvey",Dr Tracy Bryant,Sales Associate,Perryport,UK,Small Business,Technology,2018-05-03,36344.33
LIODT,Prince Group,Christine Love,Sales Representative,West Earl,USA,Corporate,Healthcare,2019-05-06,668735.94
RXRRX,Cook LLC,Dr Andrew Savage,Sales Representative,Zoeport,UK,Corporate,Technology,2022-07-01,297750.81
HWWXC,Chavez Inc,Samuel Morgan,Logistics Coordinator,North Connie,USA,Wholesale,Technology,2024-10-21,350621.05
LXOWK,Kaltenbrunner GesbR,Dennis Schröder,Procurement Specialist,Radstadt,Austria,Wholesale,Education,2020-01-15,411351.37
QYCKV,Durand,Henriette Hervé,Sales Associate,Berger,France,Small Business,Retail,2019-02-13,244692.59
CLGPN,"Edwards, Harvey and Butler",Leah Dixon,Order Administrator,Ericville,UK,Corporate,Transportation,2023-12-10,99765.65
HFVLG,Zenz Schlögl OG,Frederik Weidinger,VP of Purchasing,Rust,Austria,Government,Agriculture,2024-12-10,1996850.48
GGYOH,PPUH Miękus Sp. z o.o. Sp.k.,Roksana Brachman,Owner,Sochaczew,Poland,Corporate,Transportation,2022-06-08,646852.87
IUVJU,"Hernandez, Russo and Williams",Timothy Simmons,Sales Representative,East Christopher,USA,Retail,Construction,2021-09-08,39192.63
ZUYRY,"Glenn, Santana and Holmes",Marissa Choi,Sales Representative,Hernandezport,USA,Small Business,Healthcare,2019-03-22,241155.49
DJXZZ,Padmanabhan-Sheth,Teerth Natarajan,Sales Representative,Dibrugarh,India,Retail,Food & Beverage,2021-07-19,11581.66
LNOUC,Nadi-Ceravolo s.r.l.,Leonardo Tebaldi,Marketing Manager,Montanaso Lombardo,Italy,Corporate,Manufacturing,2019-06-19,222547.26
JAOSA,Dixit-Murty,Chakrika Grewal,Order Administrator,Pondicherry,India,Retail,Agriculture,2019-07-09,57150.06
BYAXG,Barreto-Robledo,Ing. Eduardo Uribe,Marketing Manager,Vieja Austria,Mexico,Wholesale,Technology,2025-05-19,270323.91
PITNQ,Rogers-Hall,Chelsea Hayden,VP of Purchasing,North Valerie,USA,Small Business,Transportation,2021-04-23,217107.0
VAMBB,Rocca-Parisi s.r.l.,Dott. Nina Cerquiglini,Operations Manager,Francavilla Al Mare Rione Foro,Italy,Corporate,Technology,2020-03-29,144347.5
GWABH,"Booth, Knight and Hooper",Gary Hartley,Supply Chain Manager,Sinclairland,UK,Corporate,Transportation,2023-02-16,992241.33
HKLRQ,유한회사 인포연구소,김지영,Sales Associate,제천시,South Korea,Corporate,Transportation,2019-01-08,464829.81
XXSUV,Gepa van Bourgondië & Boudewijns,Sam Spier-Fechant,Logistics Coordinator,Koarnjum,Netherlands,Small Business,Education,2023-12-04,209168.31
DDTSH,Hartmann Adler KGaA,Ahmet Kraushaar,Accounting Manager,Görlitz,Germany,Corporate,Agriculture,2024-11-28,393470.29
BCTNM,Thomas-Kramer,Tara Gomez,Sales Associate,Collinsborough,USA,Corporate,Manufacturing,2019-08-08,701746.91
QDSOP,"Flynn, Horn and Davis",Samuel Perez,Procurement Specialist,West Kristen,USA,Retail,Retail,2024-12-28,35054.88
ALVFZ,Pinto Lopes - EI,Ana Borges,VP of Purchasing,Sá,Brazil,Government,Manufacturing,2018-05-06,1464911.78
GUKYM,Overgaard ApS,Henry Jeppesen,Order Administrator,Rønnede,Denmark,Wholesale,Manufacturing,2023-07-16,105085.66
QJAIO,Koch & Søn ApS,Univ.Prof. Mille Rasmussen,Marketing Manager,Ullerslev,Denmark,Small Business,Hospitality,2021-11-01,103458.0
ILKXV,Grupo Carlos S.Com.,Calista Valera-Jara,Operations Manager,Lleida,Spain,Wholesale,Technology,2021-04-11,700854.7
SKWMK,Desarrollo del Sur S.L.N.E,Teófila Arrieta-Galvez,Procurement Specialist,Baleares,Spain,Small Business,Food & Beverage,2019-03-15,127532.81
IQPIW,Perez PLC,Justin Noble,Sales Representative,Smithmouth,Australia,Corporate,Education,2019-07-20,108921.9
NMDOM,das Neves e Filhos,Dra. Helena Gonçalves,Sales Representative,das Neves de Marques,Brazil,Small Business,Manufacturing,2021-07-14,186398.15
ACSJB,Scott-Stevens,James Heath,Supply Chain Manager,Richardtown,USA,Corporate,Agriculture,2023-01-14,494042.54
QLRAJ,小林銀行株式会社,石井 英樹,Operations Manager,横浜市戸塚区,Japan,Corporate,Technology,2019-02-28,867798.34
PGUCG,Zirme OHG mbH,Burckhard Salz-Hahn,Marketing Manager,Pirmasens,Germany,Corporate,Healthcare,2019-03-28,999833.38
GVXCC,Supermercados Cañellas y asociados S.C.P,Marcelino Fuster,Procurement Specialist,Álava,Spain,Corporate,Food & Beverage,2024-10-16,430459.49
NIMJS,"Maxwell, Schneider and Murillo",Christopher Hodges,Order Administrator,Moralesfurt,USA,Corporate,Technology,2018-03-30,149124.88
FPYJS,Daniels-Hinton,Dale Valdez,Procurement Specialist,Jamiemouth,USA,Corporate,Hospitality,2021-11-27,940586.39
WFNSC,Marttila Ylönen As Oy,Tuulia Nurminen,Marketing Manager,Orimattila,Finland,Small Business,Technology,2018-09-26,239033.89
LWRFV,盟新科技有限公司,向静,Logistics Coordinator,健县,China,Wholesale,Education,2023-09-04,540178.36
LGMND,Mohanty PLC,Krisha Krishnan,VP of Purchasing,Gwalior,India,Small Business,Food & Beverage,2023-03-02,174662.65
TZUXL,"Morgan, Bailey and Ward",Ms. Lori Watson,Accounting Manager,Garrettbury,Canada,Retail,Construction,2021-09-29,80097.12
SEFUR,Duval Guillaume S.A.R.L.,Louis Le Verdier,Procurement Specialist,Schmittdan,France,Corporate,Technology,2020-12-30,548950.16
DZLLO,Pölitz Nohlmans GmbH & Co. KGaA,Ing. Laila Häring B.Eng.,Supply Chain Manager,Bernburg,Germany,Retail,Food & Beverage,2019-07-25,27161.69
DZVMC,Stichting van Salmen,Lola Duivenvoorden,Owner,Zuidwolde,Netherlands,Government,Construction,2020-08-05,694335.27
RDAOR,"Johnson, Kelley and Stephens",Jeffrey Henry,Sales Representative,South James,Australia,Corporate,Retail,2022-07-20,167990.03
JBBHJ,Persson & Rosengren AB,Sebastian Andersson,Sales Associate,Örebro,Sweden,Corporate,Manufacturing,2019-09-05,824733.89
KEAKL,Cook PLC,Elizabeth White,Marketing Manager,Port Teresa,Australia,Small Business,Healthcare,2021-09-28,152398.27
JNHTJ,Assunção Figueiredo S/A,Afonso Valente,Order Administrator,Chaves,Portugal,Corporate,Agriculture,2023-12-31,136776.49
GQIYP,Hobbs-Walker,Fiona Campbell-Brown,Procurement Specialist,West Hayleybury,UK,Wholesale,Hospitality,2021-12-22,512607.85
BWNEY,유한회사 우리유통,김영길,Owner,수원시 영통구,South Korea,Small Business,Education,2022-05-18,8548.25
PTGEB,Thomsen & Christensen A/S,Dr. Kenneth Olesen,Supply Chain Manager,Nakskov,Denmark,Small Business,Construction,2019-09-05,153984.85
DHHUC,Boyer Marchal S.A.S.,Sabine Leroux,Supply Chain Manager,Étienne,France,Corporate,Transportation,2022-08-26,141382.97
GIRYD,Caldeira,Maria Clara Fonseca,Operations Manager,Pinto de Costa,Brazil,Small Business,Healthcare,2019-03-06,124932.11
GKLLM,Mosemann Albers AG,Miodrag Käster,Marketing Manager,Sömmerda,Germany,Small Business,Manufacturing,2022-08-21,141566.99
MCXKC,Lowe-Harris,Monica Horn,VP of Purchasing,Port Tammychester,USA,Corporate,Healthcare,2021-10-22,808705.29
WPESV,Romero-Watts,Melissa Fisher,Purchasing Manager,North Sarahhaven,Canada,Small Business,Hospitality,2020-07-27,55885.05
WQOLM,"Wells, David and Mason",Mrs. Sandra Knapp,Logistics Coordinator,Mariaborough,USA,Small Business,Construction,2025-06-10,162788.35
EHLES,Robertson-Young,Chloe Cooper,Supply Chain Manager,South Hannah,UK,Corporate,Retail,2024-04-17,622870.1
BLCPD,"Coleman, Pham and Baxter",Rhonda Lindsey,Operations Manager,Aprilfurt,Canada,Small Business,Healthcare,2020-11-19,144003.02
IRCHE,Iannuzzi-Rubbia SPA,Sig. Gino Leone,Logistics Coordinator,Sonico,Italy,Corporate,Retail,2024-10-18,983872.95
YKQRP,Holland-Love,Alexander Diaz,Owner,Simpsontown,USA,Corporate,Manufacturing,2022-03-11,842452.22
GFGGV,Shelton-Adkins,Emily Perez,Logistics Coordinator,Marvintown,USA,Wholesale,Technology,2019-10-11,451473.62
ETYAB,Ramirez-Camacho,Walter Warren,VP of Purchasing,Jeromeborough,USA,Corporate,Transportation,2019-06-28,428074.79
IMBQX,Antoine,Élisabeth-Éléonore Mace,Operations Manager,Mathieu-sur-Hoarau,France,Retail,Education,2021-01-19,168820.29
PFOJB,Turner-Yang,Thomas Shepherd,Owner,South Jeffreyborough,USA,Small Business,Food & Beverage,2018-06-01,168072.36
ZITLY,Miller-Smith,Colleen Cochran,Operations Manager,Marymouth,USA,Retail,Manufacturing,2018-10-10,103609.37
DERZR,Jesus Fonseca - EI,Vitor Machado,Marketing Manager,Costela do Oeste,Brazil,Corporate,Technology,2024-09-04,655836.25
SVJUT,Mcdonald-Holland,William Kramer,Sales Associate,Shieldston,USA,Retail,Agriculture,2019-11-09,74836.19
BHKFD,Transportes Ferrándiz S.L.L.,María Teresa Sánchez-Lamas,Order Administrator,Guipúzcoa,Spain,Small Business,Education,2022-06-16,243352.52
VNCSZ,Mander Inc,Gaurang Bail,Sales Associate,Unnao,India,Small Business,Technology,2021-04-08,92948.98
JPIKB,Nilda Canet Mosquera S.A.,Juan Antonio Eleuterio Serrano Tamarit,VP of Purchasing,Cantabria,Spain,Retail,Healthcare,2021-11-19,177808.08
IEVTN,Simon Launay SA,Gilbert-Franck Lebrun,VP of Purchasing,Bègueboeuf,France,Corporate,Food & Beverage,2020-01-08,585755.97
XITIM,Rice-Clark,Tracy Pruitt,Supply Chain Manager,South Anthony,USA,Small Business,Healthcare,2023-09-13,116023.99
MKHHY,Barber PLC,Jeffrey Ruiz,Accounting Manager,Millerside,USA,Corporate,Retail,2023-02-05,637886.21
OFMEO,Leroux S.A.S.,Georges Fouquet,Purchasing Manager,Gauthier-sur-Mer,France,Corporate,Healthcare,2022-04-10,393618.46
IZEDP,Guha Group,Zehaan Patla,Order Administrator,Kota,India,Corporate,Manufacturing,2023-03-31,589377.52
OAURR,주식회사 월드자동차,박순옥,Order Administrator,청주시 청원구,South Korea,Corporate,Food & Beverage,2021-10-14,925090.41
YRRTK,Camus S.A.S.,Alphonse Techer,VP of Purchasing,Clercboeuf,France,Small Business,Food & Beverage,2018-11-22,237966.59
EHLKP,Loos GbR,Ivo Beier,Logistics Coordinator,Pegnitz,Germany,Small Business,Technology,2019-07-16,232674.8
ROINN,Supermercados Leiva & Asociados S.L.L.,Edu del Sevillano,VP of Purchasing,Las Palmas,Spain,Wholesale,Food & Beverage,2024-12-19,408798.7
EULOU,Knowles-Marshall,Donna Shaw,Sales Associate,South Jeffrey,UK,Small Business,Retail,2021-11-08,56625.21
DLVMQ,商软冠联科技有限公司,罗璐,Accounting Manager,六安县,China,Wholesale,Technology,2019-11-04,693313.64
PEYSH,Suministros MQG S.L.L.,Eliseo Arnaiz-Moles,Sales Representative,Albacete,Spain,Corporate,Healthcare,2019-07-02,290649.55
WLKBC,Bonilla Inc,Stephen Graham,Accounting Manager,Ericton,USA,Small Business,Technology,2018-12-06,26298.86
JNEVK,Moore-Whitaker,Stephanie Lawson,Logistics Coordinator,Jamesbury,USA,Wholesale,Agriculture,2018-02-28,717903.45
QEZPZ,"Dahl, Gulbrandsen og Iversen",Tommy Hagen,Owner,Olaberg,Norway,Wholesale,Construction,2021-04-19,286164.28
LSKCR,Fogaça Ltda.,Fernando Rodrigues,Accounting Manager,Costela de Castro,Brazil,Corporate,Agriculture,2018-03-12,976266.05
RWOOD,Delacruz Ltd,Cindy Hansen,Supply Chain Manager,Adamport,USA,Wholesale,Manufacturing,2018-12-17,364964.09
UQUFZ,Beck PLC,Andrew Barajas,Supply Chain Manager,Mahoneyberg,Canada,Retail,Healthcare,2024-01-20,159751.26
UCREY,Turner Inc,Amanda Young,Owner,West Kennethport,Canada,Corporate,Healthcare,2023-04-25,141010.2
EADPJ,Varty LLC,Vedika Sekhon,Marketing Manager,Dharmavaram,India,Corporate,Healthcare,2024-01-30,280247.61
QRRHA,Inmobiliaria Mur S.L.,Cándida Zorrilla Calvo,Procurement Specialist,Ávila,Spain,Corporate,Retail,2022-01-06,510782.41
DPLEV,Thomas-Gregory,Sheila Kim,Sales Representative,Melissashire,USA,Small Business,Construction,2020-08-29,9451.12
GRLQK,Gimenez and Sons,Guadalupe Valentin Flores Pereyra,Supply Chain Manager,Mendoza,Argentina,Government,Food & Beverage,2022-12-16,114824.85
CPZTY,Rogers LLC,Dana Giles,Sales Associate,New Rodneymouth,USA,Retail,Healthcare,2024-05-01,206103.04
HIGZU,Harmon-Chavez,Robert Smith,Procurement Specialist,Williamport,USA,Retail,Transportation,2022-05-21,32864.47
ISHQC,维旺明科技有限公司,蔡玉兰,VP of Purchasing,桂兰市,China,Corporate,Agriculture,2019-10-12,479586.26
DZXVB,Johnson-Cantu,Timothy Reed,Supply Chain Manager,Carolynborough,USA,Corporate,Agriculture,2020-10-04,59186.76
YFQOC,Royal van de Ven,Thijn Dachgelt,Marketing Manager,Velsen-Noord,Netherlands,Corporate,Technology,2023-09-02,682762.35
JPSES,Beck Group,Gary West,Procurement Specialist,Burtonfort,USA,Corporate,Education,2020-01-14,227557.13
EDWWC,Lemaître Jacquet et Fils,Christophe Carpentier,Purchasing Manager,Pons-les-Bains,France,Corporate,Transportation,2024-05-19,585799.53
EYTEK,"Willis, Shepherd and Olson",Andrew Snyder,VP of Purchasing,Morganstad,Australia,Corporate,Hospitality,2022-06-30,430846.78
CLXUT,Lévy,Roland Lagarde du Pinto,Sales Associate,Fouquet,France,Wholesale,Construction,2024-05-03,30118.01
INWTL,Williams and Sons,Annette Moore,Marketing Manager,Slaterfort,UK,Wholesale,Retail,2018-11-18,149059.44
HMUYF,Cox-Walker,Tara Frank,Owner,Griffintown,Canada,Corporate,Food & Beverage,2020-10-25,392963.31
PHBRA,Casey and Sons,Michael Sanders Jr.,Order Administrator,West Lisaville,USA,Wholesale,Food & Beverage,2023-03-13,407522.87
EHYLG,Baron Henry S.A.R.L.,Antoine Maillot,Operations Manager,Marchal,France,Small Business,Technology,2020-07-09,115760.64
TOSZQ,Charpentier Benard SARL,Maggie Marchal du Lemoine,Sales Associate,Sainte Frédérique-sur-Mer,France,Corporate,Manufacturing,2019-07-12,839238.97
NISAM,"Jones, Coates and Miller",Mrs Heather Perry,Sales Representative,Thomasport,UK,Small Business,Transportation,2025-05-29,162104.02
GSOOD,"Naessens, Beckers en Huybrechts NV",Benny Ceulemans,Logistics Coordinator,Limbourg,Belgium,Small Business,Healthcare,2023-02-06,36956.84
CEVGL,Jungfer,Herr Luigi Trupp,Marketing Manager,Roth,Germany,Wholesale,Agriculture,2019-09-26,47499.72
PJEBI,유한회사 가온중앙소프트,장영자,Purchasing Manager,고성군,South Korea,Government,Manufacturing,2022-04-25,1726135.89
CCBKO,Imbert,Benjamin Fontaine,Operations Manager,Guichard,France,Small Business,Agriculture,2023-12-03,141256.91
QCXUG,Mikkelsen & Søn A/S,Borris Carlsen,Owner,Helsinge,Denmark,Small Business,Construction,2018-04-30,11183.76
OCGZN,"Linares, Arriaga y Apodaca",Dr. Eva Gamboa,Supply Chain Manager,San Federico los bajos,Mexico,Corporate,Hospitality,2022-05-27,144808.52
VVIKU,Agate Ltd,Sara Venkataraman,Sales Associate,Rajkot,India,Small Business,Technology,2022-03-12,226019.2
IGKAM,"Lewis, Phillips and Cisneros",Brett Avila,Supply Chain Manager,Reynoldsbury,Canada,Corporate,Hospitality,2023-08-09,477357.94
BXWMU,Shaw-Roberts,Christopher Dunn-Burns,Sales Representative,East Billyburgh,UK,Retail,Healthcare,2023-07-27,141004.11
ZYHNE,Graham-Castillo,Robert Parker,Operations Manager,West Stevenside,USA,Government,Education,2019-06-16,1737871.71
BXQQE,"Hubbard, Gill and Greene",David Wheeler,Accounting Manager,Aprilside,Australia,Small Business,Agriculture,2021-07-22,121203.83
SMZYQ,Nelson-Knight,Joseph Alvarado,Marketing Manager,Sarahview,USA,Corporate,Education,2020-11-17,715557.96
QEXAV,주식회사 제나,이미경,Marketing Manager,용인시 수지구,South Korea,Small Business,Technology,2020-06-22,168164.66
PNTHH,Powell-Valdez,Douglas David,Sales Representative,Sparksshire,USA,Government,Healthcare,2023-09-09,1212518.7
SKRDG,"Mcmillan, Trujillo and Adams",Jasmine Barnes,Purchasing Manager,North Donnaside,USA,Small Business,Agriculture,2019-05-14,106995.45
EZMIZ,Verdier Rodrigues S.A.,Grégoire Jacob,Marketing Manager,Marin-les-Bains,France,Wholesale,Manufacturing,2019-05-24,673841.75
QBCLG,Eriksen BA,Mathias Lie,Owner,Andersen,Norway,Corporate,Retail,2025-05-09,137272.89
FWZEW,Trub,Edgar Pieper,Marketing Manager,Neustrelitz,Germany,Small Business,Agriculture,2024-11-22,141368.17
FJAHJ,"Ware, Meyer and Murphy",Amber Baker,Logistics Coordinator,Markfurt,USA,Corporate,Manufacturing,2023-02-22,243216.48
YCCIX,Royal van Hagen,Maria de Beer,Accounting Manager,Spaarndam,Netherlands,Corporate,Construction,2021-10-07,365827.34
EVQNH,Ayala S.A. de C.V.,Ángel César Ortiz Roque,VP of Purchasing,San Francisca los altos,Mexico,Wholesale,Technology,2019-12-01,197286.85
JECZK,"Baker, Donaldson and Sexton",Andrew Jenkins,Operations Manager,Suzannestad,USA,Small Business,Retail,2019-06-12,226008.49
HPWZE,"Proyectos Hernandes, Díaz y Arias",Guillermo Corona Brito,Operations Manager,San Margarita los bajos,Mexico,Wholesale,Education,2021-06-01,180445.56
QWJQV,中建创业网络有限公司,刘凯,Order Administrator,合山县,China,Corporate,Food & Beverage,2023-01-10,108097.53
DJYBN,"Brown, Cook and Patel",Elaine Wilson,Accounting Manager,Adamside,UK,Small Business,Construction,2018-08-28,48468.43
GIMXE,岡本鉱業株式会社,青木 舞,Order Administrator,西多摩郡奥多摩町,Japan,Wholesale,Hospitality,2025-06-16,43640.53
DKHYT,Camus Leconte S.A.S.,Guillaume Rodriguez,Procurement Specialist,Martins,France,Small Business,Technology,2022-02-08,235243.59
TZQXQ,Ahmed Ltd,Mr Duncan Thomas,Owner,Derekberg,UK,Small Business,Construction,2022-07-09,100367.84
JWQGL,"Adams, Stevens and Roberson",Tamara Carpenter,Accounting Manager,Coxtown,Australia,Small Business,Retail,2020-07-02,200750.01
NMYQK,Serraglio SPA,Dott. Jolanda Riccardi,Owner,Bari Sardo,Italy,Small Business,Manufacturing,2025-03-05,112253.82
ACEAS,Stevens-Cooke,Lewis Thomas,Marketing Manager,Lake Pamelafort,UK,Corporate,Food & Beverage,2023-06-26,51565.34
BXMOV,"Ball, Martinez and Williams",Kurt Hernandez,Procurement Specialist,North Richard,USA,Small Business,Agriculture,2022-05-28,240671.4
CEOXG,"Corporacin Fernández, Rico y Carmona",Marisela Evelio Correa Armas,Logistics Coordinator,San Felipe de la Montaña,Mexico,Small Business,Manufacturing,2022-07-27,39547.43
MKJPQ,Campbell-Marsh,Jeffery Bell,Operations Manager,East Jeffreyfurt,USA,Small Business,Manufacturing,2018-08-25,45162.03
QHHHG,Kaiser Iten & Cie.,Andrzej Widmer,Owner,La Tour-de-Peilz,Switzerland,Small Business,Healthcare,2021-05-26,211336.18
SNLSJ,Morgan-Fisher,Stephanie Craig,Order Administrator,Sotofort,USA,Corporate,Education,2023-08-08,752874.23
PLIML,Gibson LLC,Adam Choi,Operations Manager,Pierceton,Australia,Wholesale,Construction,2021-03-12,390286.19
AIMMV,Flores Inc,Valerie Miller,VP of Purchasing,Port Patrickborough,Canada,Small Business,Healthcare,2024-01-27,100538.41
MSCJF,Knappe e.V.,Kenan Hein B.A.,Accounting Manager,Seelow,Germany,Wholesale,Agriculture,2024-06-25,99948.23
HWOZI,Moreno-Gross,Tracy Pitts,Sales Associate,Riveraton,USA,Wholesale,Retail,2024-09-19,409785.77
QQZLA,"Minhas, Guha and Dhillon",Utkarsh Balay,Supply Chain Manager,Gopalpur,India,Small Business,Education,2019-04-29,80277.27
XAMVU,Pasquier,Margaret Le Rousset,Purchasing Manager,Saint GuyVille,France,Corporate,Agriculture,2020-04-13,326415.55
RJVHC,Bolzmann,Meta Jäkel,Owner,Herford,Germany,Retail,Retail,2018-09-27,214378.32
HNZPG,"Quinn, Kirby and Russell",Harry Wilson-Fletcher,Sales Associate,North Guy,UK,Small Business,Education,2021-08-12,43582.0
GUTYI,Harrison-O'Connor,Richard Harper-Perry,Operations Manager,Trevorfurt,UK,Wholesale,Technology,2023-10-12,692832.36
UIXMW,Spółdzielnia Kunka,pan Alex Kazberuk,Procurement Specialist,Kalisz,Poland,Wholesale,Education,2018-09-20,552379.8
IEYYT,Anne-Madan,Darsh Choudhry,Accounting Manager,Mau,India,Small Business,Construction,2023-04-11,212196.99
RUUWW,"Jackson, Roach and Davenport",Daniel Pruitt,Supply Chain Manager,Davisside,USA,Wholesale,Retail,2020-10-20,475345.04
TZIEU,Marques - ME,Melina Freitas,Sales Associate,Fogaça,Brazil,Small Business,Construction,2022-07-12,237801.15
BBFNG,Sousa,Isaque Alves,Operations Manager,Araújo,Brazil,Corporate,Agriculture,2023-02-20,299116.79
OCDDO,"Cox, Bryan and Miller",Randy Lopez,Order Administrator,South Briannafurt,USA,Small Business,Education,2020-02-26,59237.16
ISFYW,佐藤通信合同会社,山下 あすか,Sales Associate,世田谷区,Japan,Wholesale,Education,2020-08-17,141743.09
BDLEH,"Roberts, Doyle and Turner",Ms Zoe Tyler,Procurement Specialist,Jadetown,UK,Small Business,Food & Beverage,2022-12-23,102478.74
GKBPN,Hancock-Smith,Christopher Smith,Marketing Manager,Ronaldburgh,USA,Small Business,Agriculture,2021-05-17,48991.74
JPVRR,Speer,Dipl.-Ing. Aleksej Wesack,Owner,Senftenberg,Germany,Corporate,Construction,2022-12-05,112658.88
WJZFV,"Fuentes, Brown and Hoffman",Sharon Stevenson,VP of Purchasing,New Oliviabury,USA,Corporate,Agriculture,2021-04-08,824441.82
CQGQW,Fox Inc,Bradley Watts,Owner,Port Suzanneland,UK,Government,Food & Beverage,2022-11-25,1297876.22
CMOBE,海创网络有限公司,胡秀云,Purchasing Manager,合山市,China,Corporate,Healthcare,2020-08-01,933309.72
ZYMLM,Turpin,Virginie Girard,Marketing Manager,Sainte Margueritedan,France,Retail,Education,2019-01-03,192484.95
IJIXF,Guillou,Benoît Duval,Procurement Specialist,Daniel-sur-Launay,France,Corporate,Education,2022-11-08,815626.51
FUSCB,山本水産有限会社,田中 花子,Sales Associate,川崎市宮前区,Japan,Small Business,Construction,2022-06-16,82207.86
VNTDR,Dominguez-Hart,Kevin Jackson,Marketing Manager,West Michelleville,USA,Government,Hospitality,2025-04-11,490972.49
ZIRIT,加藤銀行合同会社,小川 桃子,Owner,横浜市鶴見区,Japan,Small Business,Retail,2023-01-09,97246.44
DUALS,Bell Inc,Brian Owens III,Order Administrator,Fowlerborough,USA,Small Business,Hospitality,2020-09-20,187855.76
VMEYX,Walton Ltd,Grace Wood,Sales Associate,Natashamouth,UK,Retail,Agriculture,2025-01-27,246097.29
GDSVP,Porter-Lawson,William Mcfarland,Marketing Manager,Diamondport,Australia,Corporate,Construction,2019-08-15,317779.91
IMEEA,Köhler GmbH,Frau Cilli Killer B.A.,Marketing Manager,Bogen,Germany,Wholesale,Education,2022-08-02,392754.27
MCJEG,Terry LLC,Kenneth Hernandez,Procurement Specialist,Rodriguezland,USA,Small Business,Hospitality,2022-04-06,149976.49
SYHPY,주식회사 라온,장상철,Sales Associate,성남시 분당구,South Korea,Government,Education,2019-11-03,1287387.38
SPIVR,"Mendoza, Robinson and Flores",Casey Yates,Accounting Manager,Brooksbury,USA,Retail,Technology,2020-06-20,66598.2
GPABJ,Williamson-Conway,Mary Anderson,Accounting Manager,Georginafort,UK,Retail,Agriculture,2019-11-26,97041.81
IMABP,Camargo S.A.,Eduarda Guerra,Operations Manager,da Rocha,Brazil,Small Business,Education,2023-08-04,192302.15
RJYTQ,Hayes PLC,Rebecca Taylor,Marketing Manager,North Scott,USA,Small Business,Retail,2021-06-13,190898.75
XTXSB,Lauridsen & Nielsen A/S,Nanna Svendsen-Hermansen,Logistics Coordinator,Sindal,Denmark,Small Business,Hospitality,2024-04-08,118049.42
AQGSL,(주) 보람,박재호,VP of Purchasing,옥천군,South Korea,Corporate,Technology,2021-08-13,142856.92
AMQUT,Reynoso-Macías,Antonia Carmen Madera,Sales Associate,Vieja Somalia,Mexico,Retail,Education,2020-05-23,122950.71
MHENX,Martinez-Blanco,Bautista Romero Sosa,Marketing Manager,Santiago del Estero,Argentina,Retail,Agriculture,2022-05-28,189838.57
XICJB,Barbier,Thierry Maillard,Sales Associate,Fontaine-sur-Mer,France,Small Business,Agriculture,2020-11-07,22207.91
MSJKK,Köster,Mareen Kitzmann MBA.,Sales Associate,Schrobenhausen,Germany,Small Business,Construction,2019-12-04,223414.2
OKTKK,Moreels VOF,Sara Van Loo,Owner,Adinkerke,Belgium,Small Business,Education,2024-01-17,81827.97
DXFPK,中村電気合同会社,伊藤 裕美子,Marketing Manager,多摩市,Japan,Corporate,Manufacturing,2024-11-11,910984.26
NJPBD,Zimmermann Brunner AG,Adrian Hoffmann,Sales Representative,Spiez,Switzerland,Small Business,Technology,2023-11-04,226367.49
TIVSK,Bertin,Élise Lévêque Le Mary,Operations Manager,Noël,France,Small Business,Agriculture,2024-11-25,123025.05
NPKFO,Chhabra PLC,Yashasvi Sagar,Marketing Manager,Kakinada,India,Corporate,Retail,2025-03-10,519927.59
SKWZE,"Willis, Wood and Maddox",Joseph Hogan,Order Administrator,North Christopherfort,USA,Wholesale,Hospitality,2018-04-13,330918.3
ADMKX,Evans LLC,Marvin Harrell,Owner,Mitchellburgh,USA,Corporate,Technology,2020-11-17,243609.53
PONLM,Collier-Cook,Jason Martin,VP of Purchasing,North Maria,USA,Government,Agriculture,2020-07-24,789359.44
VAUEA,James-Johnson,Graham Connor-Smith,Marketing Manager,Christopherfort,UK,Small Business,Transportation,2024-04-08,55490.85
MJQHT,Potter and Sons,Crystal Cruz,Procurement Specialist,Lake Marissaview,Australia,Small Business,Hospitality,2021-07-16,5457.46
AZAWE,Atkinson Inc,Mrs Catherine Bennett,Marketing Manager,North Angelashire,UK,Corporate,Retail,2025-06-16,343111.08
SHSJT,Caldeira,Esther Fernandes,Order Administrator,Barbosa,Brazil,Corporate,Healthcare,2019-12-12,797694.21
CORDZ,"Rodriguez, Lopez and Bustos",Juana Santino Romero,Procurement Specialist,Mar del Plata,Argentina,Corporate,Technology,2020-11-14,864100.18
SIRKD,合同会社中村食品,松本 零,Purchasing Manager,文京区,Japan,Small Business,Healthcare,2020-01-09,230027.24
WSCYN,Hafner OG,Karl Kratzer,Purchasing Manager,Zwettl,Austria,Small Business,Construction,2024-01-09,12354.9
QLKKS,Martinsen ASA,Bente-Jorunn Knudsen,Supply Chain Manager,Moe,Norway,Small Business,Retail,2018-11-16,129243.97
EYINI,Niño-Rojas,Dr. Raúl Bahena,Marketing Manager,San Diana los altos,Mexico,Corporate,Transportation,2024-01-07,630555.0
RPZAF,"Thompson, Miller and Richards",Michael Santos,Order Administrator,New William,Australia,Corporate,Healthcare,2020-03-05,682979.94
FSTDR,Smith-Miller,Tonya Steele,Logistics Coordinator,Valenzuelashire,USA,Small Business,Transportation,2019-06-03,208464.5
IVVTB,Mitchell and Sons,Christian Bullock,Sales Associate,Port Jennifer,Canada,Small Business,Agriculture,2018-10-23,20088.97
DWKDW,Bataglia-Corcos SPA,Milena Marazzi,Supply Chain Manager,Mandatoriccio,Italy,Corporate,Agriculture,2021-04-07,623450.84
ESYGN,Antoine,Lucy Devaux,Sales Representative,Saint Célina-les-Bains,France,Retail,Hospitality,2025-01-15,85361.5
MMGCK,"Harvey, Adams and Murphy",Ben Wells,Purchasing Manager,South Graemeview,UK,Small Business,Education,2023-03-15,112913.55
DXEDY,"Gomez, Bustos and Sanchez",Lucio Lucas Gonzalez,Sales Associate,Bahía Blanca,Argentina,Corporate,Construction,2018-09-27,672736.44
SOVXY,Sierra S.A. de C.V.,Esteban Benjamín Muñoz,Supply Chain Manager,San Oswaldo de la Montaña,Mexico,Small Business,Manufacturing,2024-08-25,147198.3
RTGWL,Harris PLC,Linda Wood-Kennedy,Sales Associate,Hannahburgh,UK,Retail,Hospitality,2025-01-24,181848.3
OVIIU,Bass-Soto,Mrs. Whitney Edwards DVM,Owner,Erikside,USA,Wholesale,Construction,2021-03-06,641841.08
PSTND,有限会社佐々木水産,藤田 陽子,Marketing Manager,横浜市都筑区,Japan,Small Business,Education,2023-06-26,240022.1
TJADU,"Wason, Tak and Sandhu",Upma Mittal,Purchasing Manager,Panvel,India,Corporate,Transportation,2023-04-03,79156.41
OIFAN,Neuschäfer Eimer AG,Helmut Seip,Procurement Specialist,Eisenhüttenstadt,Germany,Corporate,Transportation,2023-12-12,179021.54
AWFQF,Almonte S.A.,Alejandro José Eduardo Beltrán,Procurement Specialist,Vieja Chipre,Mexico,Corporate,Hospitality,2020-02-16,200046.14
PLWLF,Devan-Padmanabhan,Qadim Sankaran,Sales Representative,Ramagundam,India,Retail,Healthcare,2024-08-20,163482.67
UNZJK,Mcgee-Estrada,Megan Watkins,Owner,Boltonchester,USA,Small Business,Hospitality,2023-08-22,146929.78
JRIUV,合同会社井上銀行,伊藤 稔,Marketing Manager,南房総市,Japan,Small Business,Transportation,2024-01-13,122187.47
KLPBG,James PLC,Neil Walker,Supply Chain Manager,Lake Kayleigh,UK,Corporate,Education,2019-04-01,307018.75
ONTGR,Rogner Siering GmbH & Co. KG,Ignaz Walter,Order Administrator,Gunzenhausen,Germany,Small Business,Agriculture,2019-05-10,110044.98
WIZDP,Bell Group,Crystal Meyer,Sales Representative,Bethland,USA,Small Business,Technology,2024-02-25,36306.07
MNBAI,"Pickering, Whitehead and Birch",Gail Bates,Owner,West Lindsey,UK,Small Business,Hospitality,2021-07-03,195997.22
VPMTB,Kensy AG,Univ.Prof. Adelinde Oderwald MBA.,Purchasing Manager,Altötting,Germany,Retail,Food & Beverage,2023-06-03,241713.14
LNYGL,Gabinety Macioł-Matejuk Sp. z o.o. Sp.k.,Konrad Derek,Logistics Coordinator,Wodzisław Śląski,Poland,Corporate,Manufacturing,2021-06-02,742040.91
VTGOZ,"Sanderson, Hayward and Harvey",Elaine Kaur,Procurement Specialist,Port Victorshire,UK,Small Business,Hospitality,2020-09-07,56613.62
IOMND,Novaes,Luiz Henrique da Mota,Marketing Manager,Castro,Brazil,Retail,Education,2024-09-29,76979.3
OGUEQ,Iten Braun GmbH,Roberta Bär,Purchasing Manager,Yverdon-les-Bains,Switzerland,Corporate,Construction,2018-07-04,673404.76
JHTPE,Davis-Gutierrez,Heather Mccall,Supply Chain Manager,North Candicefort,USA,Corporate,Retail,2020-04-24,347837.87
QVART,Maillet S.A.,Henriette Maréchal,Sales Representative,Peron,France,Corporate,Agriculture,2022-07-15,724225.02
ZKLZK,石川食品株式会社,伊藤 くみ子,Sales Representative,大網白里市,Japan,Wholesale,Agriculture,2019-10-12,443497.99
ZBFYI,Burton Ltd,Tony Fitzgerald,VP of Purchasing,Taylorton,UK,Corporate,Construction,2025-06-10,827200.87
FLHSF,Potier Giraud S.A.,Cécile Joly-Blondel,Procurement Specialist,Sainte Christophe-sur-Mer,France,Corporate,Healthcare,2020-08-24,437093.69
TRQWV,Leonard-Harmon,Erica Taylor,Logistics Coordinator,North Rebeccamouth,USA,Corporate,Technology,2023-08-13,764505.02
EADYO,"Henderson, Todd and Jimenez",Andrea Torres,Procurement Specialist,East Vicki,USA,Small Business,Healthcare,2018-10-15,59699.42
CMKIV,Österberg HB,Victoria Andersson,Sales Associate,Luleå,Sweden,Wholesale,Transportation,2023-11-09,76820.05
SWROD,"Oneal, Nunez and Johnson",Timothy Davis,Owner,East Janetport,USA,Retail,Food & Beverage,2022-02-06,230857.5
ZLUHJ,Silva,Arthur Miguel Aparecida,Supply Chain Manager,Azevedo,Brazil,Wholesale,Retail,2021-10-02,197714.64
FALNC,Rodriguez-Perez,Sr(a). Tomàs Fernandez,VP of Purchasing,Córdoba,Argentina,Corporate,Construction,2025-04-15,498541.46
JIWBY,Golak Sp.k.,pan Kazimierz Droś,Accounting Manager,Czerwionka-Leszczyny,Poland,Small Business,Technology,2019-06-09,121773.09
JSIFJ,Campbell PLC,Shannon Dickerson,Sales Representative,Lake David,USA,Small Business,Manufacturing,2018-02-26,243277.66
VVNZI,Berry Ltd,Scott Dobson,Logistics Coordinator,West Stewart,UK,Small Business,Construction,2018-12-22,145494.02
CNYTC,Jenkins Inc,Regina Phillips,Purchasing Manager,Smithtown,USA,Small Business,Technology,2022-09-18,121699.19
GWBLH,Gonzalez and Sons,Geoffrey Mcgee,Sales Associate,Deanfort,USA,Small Business,Food & Beverage,2023-09-11,164007.31
KWZAP,Cohen and Sons,Linda Howard,Marketing Manager,Andersonland,USA,Small Business,Healthcare,2021-08-31,248159.91
FLSEM,Nilsson HB,Sven Persson,Procurement Specialist,Skövde,Sweden,Retail,Food & Beverage,2021-07-27,65912.9
TXJRW,Hardin-Hancock,John Douglas,Procurement Specialist,Port Jason,Canada,Small Business,Healthcare,2022-01-09,78660.06
JHIBC,Pock & Haiden KG,Elsa Biedermann,Order Administrator,Raabs an der Thaya,Austria,Wholesale,Agriculture,2021-07-28,705461.16
KNAQU,Laureano S.A. de C.V.,Rodrigo Hernádez Matos,Accounting Manager,San Mónica los bajos,Mexico,Retail,Retail,2024-12-18,118676.88
RTKEY,Seidel Stiftung & Co. KGaA,Samira Ullrich B.A.,Procurement Specialist,Celle,Germany,Retail,Technology,2022-01-14,147101.37
TMSEX,Didier S.A.S.,Marcelle Petitjean,Marketing Manager,Saint Lorraine,France,Small Business,Food & Beverage,2022-10-01,56233.85
QHOLW,Ferreira - ME,Dr. Gael Nunes,Sales Representative,Vargas,Brazil,Small Business,Hospitality,2025-05-18,144845.42
XUESY,Stichting de Man,Amir Wolzak,Purchasing Manager,Lekkerkerk,Netherlands,Wholesale,Retail,2024-03-14,701540.41
DTAYZ,株式会社林ガス,森 太一,Sales Associate,長生郡白子町,Japan,Corporate,Healthcare,2018-03-27,700942.95
TXJIH,Perez-Edwards,Jesus Taylor,Procurement Specialist,Lake Taylorland,USA,Small Business,Education,2023-10-03,136999.2
XGGAX,Marques Novais e Filhos,Francisco Araújo,Order Administrator,Fogaça da Praia,Brazil,Small Business,Food & Beverage,2023-05-22,54741.2
NLERW,双敏电子信息有限公司,盛明,Owner,秀梅县,China,Small Business,Transportation,2021-07-04,146995.13
YJCVN,"Vora, Yogi and Gala",Hitesh Balay,Logistics Coordinator,Sirsa,India,Small Business,Retail,2023-11-04,27632.74
TJNEO,"Wade, Frost and Smith",Emily Wolf,Procurement Specialist,North Kimberlyport,USA,Small Business,Manufacturing,2021-01-06,240301.82
LBRVY,"Wallace, Barnett and Medina",Tony Davis,Sales Representative,Lake Valerieside,USA,Corporate,Construction,2021-03-16,211498.56
LNUQK,Butte Preiß GmbH & Co. KG,Walburga Heydrich,VP of Purchasing,Mallersdorf,Germany,Corporate,Healthcare,2018-12-12,124132.41
AOKCE,Turner-Valentine,Mr. Justin Perry Jr.,Sales Associate,North Waynemouth,USA,Retail,Retail,2023-11-01,130966.63
YSKPN,Allen LLC,Anthony Mitchell,Accounting Manager,Jeffreytown,USA,Wholesale,Transportation,2021-06-22,228933.58
CUGWS,Parker Group,Patricia Knight,VP of Purchasing,Sandovalview,USA,Corporate,Hospitality,2022-07-03,108009.93
CKTLZ,Sørensen & Søn A/S,Hr George Schmidt,Sales Representative,Trige,Denmark,Small Business,Education,2021-04-25,210086.01
HAQLX,"Shaw, Knight and Wright",Danielle Ahmed,Sales Associate,West Jade,UK,Corporate,Construction,2018-03-03,384395.56
CAILA,"Dara, Cheema and Handa",Girik Vaidya,Logistics Coordinator,Tumkur,India,Retail,Technology,2019-11-02,188126.99
UEKAK,Miller LLC,Melissa Ochoa,Owner,East Gabrielstad,Australia,Small Business,Transportation,2022-06-16,69152.44
FVQXS,Báez y Alonzo S.A.,Fabiola María Luisa Juárez Fajardo,Sales Representative,Vieja Letonia,Mexico,Retail,Manufacturing,2024-01-16,22784.89
KMOIM,Phillips-Compton,Rachael Rivera,Marketing Manager,Taylorland,USA,Wholesale,Retail,2024-07-23,684153.78
BERDF,Förster,Burkhard Briemer B.Eng.,Procurement Specialist,Bützow,Germany,Small Business,Education,2022-10-10,70188.81
VLUQA,Vargas Inc,Alyssa Smith,Operations Manager,East Jillianshire,USA,Wholesale,Construction,2019-07-13,398962.09
GRZQT,Ward and Sons,William Parker,Sales Associate,Lake Michelle,USA,Small Business,Hospitality,2023-11-17,66882.47
YRUMC,Lambert-Harding,Justin Warren-Moore,Operations Manager,West Diane,UK,Small Business,Education,2018-11-25,92423.78
BOUOE,Rodriguez-Jennings,Lisa Baldwin,Supply Chain Manager,Josephberg,Australia,Corporate,Food & Beverage,2021-02-04,829655.22
YXBUE,"Miller, Hill and Wilcox",Jeffrey Schroeder,Procurement Specialist,Amandaberg,USA,Small Business,Education,2021-01-03,38979.47
WODVK,Muñoz PLC,Isabella Santino Roldan Silva,Sales Associate,Santiago del Estero,Argentina,Corporate,Food & Beverage,2022-12-03,858485.66
MFSHX,Goswami and Sons,Robert Palan,Purchasing Manager,Guntakal,India,Corporate,Construction,2019-09-22,330579.05
VREBT,Dixon-Steele,Nancy Fuller,Operations Manager,New April,USA,Corporate,Technology,2020-07-08,823379.62
GFYHT,Mercadante-Beccheria s.r.l.,Dott. Ramona Salvemini,VP of Purchasing,Erula,Italy,Wholesale,Transportation,2020-09-14,490709.92
FPGVO,Eigenwillig Klemt AG & Co. KGaA,Melanie Tintzmann,Order Administrator,Niesky,Germany,Wholesale,Food & Beverage,2021-08-30,163531.05
NQVHK,Garcia,Noa Macedo-Figueiredo,Marketing Manager,Amadora,Portugal,Wholesale,Construction,2020-04-17,495415.9
VIBVY,Aragão,Pedro Henrique Albuquerque,Procurement Specialist,Nunes da Prata,Brazil,Retail,Hospitality,2024-07-19,86972.08
IOXME,Price PLC,Tyler Powers,Owner,Lindaborough,USA,Small Business,Transportation,2021-09-21,67018.01
OGCBD,"Perez, Blackwell and Bright",Matthew Roberts,Accounting Manager,Smithville,USA,Retail,Food & Beverage,2019-01-18,12242.86
JNXRX,Blackwell LLC,Christopher Ward,Procurement Specialist,Jessicachester,Australia,Small Business,Transportation,2018-04-30,189806.46
UPKYL,Lopez,Geneviève-Claire Lefort,Marketing Manager,Bigot,France,Small Business,Food & Beverage,2018-03-27,193034.35
UGDOO,Bohlin & Turesson HB,Maria Gustafsson,Marketing Manager,Sandviken,Sweden,Small Business,Construction,2020-12-15,56622.95
JWURP,Gamboa S.A.,Ana María Violeta Godoy Viera,Accounting Manager,San Fernando los altos,Mexico,Corporate,Healthcare,2022-10-03,601820.89
DAKUI,"Wali, Kuruvilla and Loke",Tripti Parmar,Operations Manager,Latur,India,Small Business,Technology,2021-03-15,107590.25
OBRCF,Wright-Pritchard,Miss Judith Bennett,Operations Manager,Rachaelstad,UK,Small Business,Transportation,2023-05-01,82199.23
QBIMX,Cameron-Quinn,Carrie Hardy,Sales Representative,South Jennaport,USA,Small Business,Agriculture,2023-02-08,61359.18
AYTJP,"Owen, Gonzales and Rodriguez",Samuel Huynh,Sales Representative,Rachelburgh,Canada,Wholesale,Technology,2019-08-07,55280.85
ZEPOM,Club Ceballos y Rolón,Benjamín Riojas,Marketing Manager,San Genaro los altos,Mexico,Corporate,Food & Beverage,2018-03-25,138342.52
VMSLI,"Hill, Williams and Chandler",Matthew Garcia,Logistics Coordinator,New Nicholas,USA,Small Business,Transportation,2021-10-13,214772.39
TYBZL,Hanna LLC,Chad Booth,Purchasing Manager,New Jennifer,USA,Small Business,Education,2019-03-20,206605.74
WOYGK,Wohlgemut Seip GmbH,Liesbeth Klemm,Owner,Passau,Germany,Government,Manufacturing,2025-04-28,140350.25
XKXSC,Pichon Valette S.A.R.L.,Valérie Maillard,Owner,Leclerc,France,Small Business,Food & Beverage,2022-09-07,76867.8
RZIQH,Lyons-Robinson,Sally Cooley,Marketing Manager,Leeberg,USA,Corporate,Retail,2023-05-13,814860.99
NULLB,주식회사 종합,신병철,Logistics Coordinator,양평군,South Korea,Small Business,Construction,2018-11-24,149107.43
NEKIB,Etzler GmbH,Ioannis Mans,Owner,Bergzabern,Germany,Corporate,Education,2019-12-06,467671.02
SLXYK,Sampaio,Maria Isis Nunes,Operations Manager,Vieira Alegre,Brazil,Government,Agriculture,2019-08-16,1680638.91
DUVEM,Azevedo,Dr. Renan da Cruz,Procurement Specialist,Alves,Brazil,Small Business,Agriculture,2020-09-01,129678.34
EPRBW,艾提科信网络有限公司,罗建平,Owner,淮安市,China,Small Business,Manufacturing,2021-07-27,29480.54
ROIJM,株式会社山田建設,岡本 学,Marketing Manager,江戸川区,Japan,Corporate,Manufacturing,2025-05-30,253779.31
FNJKM,(주) 한빛백제플랫폼,손정훈,Operations Manager,청주시 흥덕구,South Korea,Wholesale,Technology,2023-03-05,569747.63
GSWHH,"Bustos, Torres and Godoy",Bruno Ramirez Vera,Owner,Constitución,Argentina,Corporate,Manufacturing,2022-07-21,84398.78
KDUZB,Fernandes,Alexandre Guilbert,Sales Associate,Clément-les-Bains,France,Small Business,Food & Beverage,2025-01-27,113910.58
MPNET,Shine PLC,Miss Evie Gaynard,Procurement Specialist,Kori Ville,Ireland,Government,Education,2022-04-10,1523400.47
LFGZS,Clarke and Sons,Maureen Barker,Supply Chain Manager,Hardingville,UK,Wholesale,Construction,2021-06-13,133171.38
CWXMF,Olsson Andersson AB,Alexandra Svensson,Sales Associate,Skövde,Sweden,Small Business,Education,2024-06-22,247988.01
YNVVS,Mercier,Maggie Richard,VP of Purchasing,Peron,France,Retail,Healthcare,2020-02-05,238913.66
BBSEP,Laurent Rousseau S.A.R.L.,Pauline du Delahaye,Logistics Coordinator,Blondel,France,Corporate,Construction,2023-04-02,102386.23
ULOFK,Junk Karge OHG mbH,Viviane Adolph,VP of Purchasing,Rockenhausen,Germany,Corporate,Manufacturing,2023-08-24,931967.29
GZEJU,中村食品合同会社,田中 千代,Owner,渋谷区,Japan,Corporate,Healthcare,2021-02-02,905360.89
KMJMZ,Stey Kreusel AG & Co. KG,Cilly Otto MBA.,Operations Manager,Böblingen,Germany,Corporate,Retail,2022-01-18,887279.15
SRCLT,Roberts Ltd,Eric Ponce,Order Administrator,Lake Angela,Canada,Corporate,Manufacturing,2023-09-26,219525.5
ESXRF,藤井運輸合同会社,青木 くみ子,Procurement Specialist,南房総市,Japan,Small Business,Transportation,2021-08-25,227569.56
KYEWA,Heß Spieß AG & Co. OHG,Lisette Gutknecht,Logistics Coordinator,Büsingen am Hochrhein,Germany,Small Business,Healthcare,2021-03-11,237934.98
ZGBNZ,Weller,Ingrid Hertrampf-Beer,Accounting Manager,Rathenow,Germany,Retail,Retail,2024-09-13,87188.55
HUZNZ,"Powers, Neal and Elliott",Sharon Horton,Owner,Amandamouth,USA,Government,Technology,2020-01-11,1278673.44
XIUJR,Weitzel AG,Hans-Rudolf Seidel,Sales Representative,Miltenberg,Germany,Small Business,Hospitality,2022-10-21,63201.75
QZFWE,Roberts-Davis,David Riley,VP of Purchasing,Jayfort,USA,Corporate,Technology,2018-05-24,414684.08
ZHAGQ,Holsten KG,Theobald Dörschner MBA.,Accounting Manager,Jüterbog,Germany,Corporate,Hospitality,2023-01-24,707025.78
OFFEZ,Preiß,Vinko Heser-Hentschel,Logistics Coordinator,Pritzwalk,Germany,Small Business,Hospitality,2018-02-09,119258.65
JXGZA,Acevedo y Loya A.C.,Soledad Villalpando,Order Administrator,Vieja Jamaica,Mexico,Small Business,Retail,2018-07-06,33357.41
UWTXO,Matthäi,Heide Zimmer,Accounting Manager,Mallersdorf,Germany,Small Business,Education,2024-09-29,37678.86
DLZJJ,"Taylor, Williams and Arellano",Toni Barnett,Operations Manager,South Stephanie,USA,Corporate,Retail,2025-03-23,641749.75
ONXGC,Drubin Faust GmbH,Sylke Nette-Gorlitz,Marketing Manager,Düren,Germany,Small Business,Construction,2024-05-22,147722.04
SPRYI,Andersson HB,Mattias Sandberg,Sales Associate,Karlskoga,Sweden,Small Business,Technology,2018-11-12,65394.75
AQIIJ,Faust Stiftung & Co. KG,Clara Karge,Operations Manager,Konstanz,Germany,Wholesale,Construction,2018-02-23,657602.87
YBPMN,Le Roux S.A.R.L.,Frédérique Cordier-Guibert,Supply Chain Manager,Lambert-sur-Rocher,France,Small Business,Hospitality,2025-02-23,209602.18
UGWUI,Harris LLC,Thomas Sanchez,VP of Purchasing,Morganborough,USA,Corporate,Hospitality,2018-12-09,643191.72
RCYKC,Gay,Juliette Chauvet-Potier,Accounting Manager,Hebert-sur-Fouquet,France,Government,Hospitality,2024-01-06,707702.88
ULIDD,Svendsen BA,Berit Amundsen,VP of Purchasing,Grofoss,Norway,Wholesale,Transportation,2025-01-13,53366.44
CZCNC,有限会社後藤建設,佐藤 あすか,Supply Chain Manager,横浜市鶴見区,Japan,Wholesale,Hospitality,2020-01-31,471182.07
BVPZG,Siqueira e Filhos,Luana da Paz,Operations Manager,Gomes,Brazil,Wholesale,Manufacturing,2022-03-13,426507.41
WSTDD,Raj and Sons,Rajeshri Grewal,Sales Associate,Secunderabad,India,Small Business,Transportation,2024-09-07,189748.64
AAWIO,"Burns, Turner and Smith",William Whitaker,Supply Chain Manager,Pattersonhaven,Canada,Small Business,Food & Beverage,2019-02-13,85776.61
ZBDAF,Maldonado y Barrera S.A. de C.V.,Minerva Natividad Nájera,Logistics Coordinator,Nueva Gabón,Mexico,Wholesale,Education,2018-10-25,745627.64
TSXIZ,Cavalcanti,Giovanna Santos,Logistics Coordinator,Rodrigues Verde,Brazil,Corporate,Agriculture,2019-04-16,734625.27
VPAEC,Grupo Flores-Gaona,Ing. Ofelia Crespo,Marketing Manager,Vieja República de Moldova,Mexico,Retail,Hospitality,2023-11-20,105678.37
HADQE,Misicher Stiftung & Co. KG,Ehrenfried Etzler,Accounting Manager,Hainichen,Germany,Retail,Transportation,2023-05-21,208217.71
DCSSJ,"Kuruvilla, Panchal and Saini",Vasudha Bobal,Procurement Specialist,Shimoga,India,Retail,Technology,2018-10-30,195444.8
VGNOV,Santos-James,Ethan Kelley,Supply Chain Manager,New Christopher,USA,Retail,Education,2018-09-28,151710.48
KWDGC,"Maldonado, Sanchez and Benitez",Morena Caceres,Accounting Manager,San Juan,Argentina,Wholesale,Education,2025-02-02,327508.45
MXDKJ,福田ガス合同会社,小林 直子,Procurement Specialist,八王子市,Japan,Small Business,Healthcare,2025-04-16,10561.4
QWHYO,Michiels BV,Mohamed Vermeiren,Sales Associate,Wezeren,Belgium,Corporate,Hospitality,2019-01-18,428038.83
NDSYW,Kemp-Shaw,Deborah Hughes,Marketing Manager,West Marionside,UK,Wholesale,Retail,2021-11-22,582425.9
AZZXZ,"Fernandez, Castro and Suarez",Valentin Juana Perez,Procurement Specialist,Resistencia,Argentina,Retail,Technology,2018-01-14,67394.92
KXROV,精芯信息有限公司,赵兵,Order Administrator,敏县,China,Small Business,Education,2023-11-19,138301.57
TRWFG,Johnson-James,Eric Valencia,Owner,Harriston,USA,Small Business,Education,2019-11-04,71467.34
HDQNJ,Infraestructuras CE S.L.,Samanta Haro-Herranz,Procurement Specialist,Ávila,Spain,Retail,Hospitality,2018-10-24,149430.24
PJPER,Owen PLC,Alex Gomez,Supply Chain Manager,Matthewfort,USA,Small Business,Retail,2020-05-25,238208.76
EGOCE,Textor GmbH,Carmine Roskoth,Order Administrator,Böblingen,Germany,Corporate,Manufacturing,2020-07-29,166627.56
TSZZQ,Lee-Franklin,Hannah Zimmerman,Operations Manager,West Charles,USA,Wholesale,Food & Beverage,2021-05-25,141724.42
YWDNC,Nousiainen Lassila As Oy,Inkeri Vesterinen,Operations Manager,Rauma,Finland,Small Business,Food & Beverage,2025-04-18,108021.22
JXDKT,Ribeiro Costela - EI,Dra. Maria Santos,Accounting Manager,Rios Paulista,Brazil,Corporate,Healthcare,2018-07-06,788097.76
HZVHG,Corporacin Ontiveros-Arredondo,Ruby Vergara Carranza,Purchasing Manager,San Catalina los bajos,Mexico,Corporate,Healthcare,2024-06-13,226965.3
SVLRL,"Parker, Ruiz and Padilla",Craig Solis,Operations Manager,Derrickhaven,USA,Retail,Food & Beverage,2024-06-11,222666.73
MTMQD,Neureuther KG,Corina Lübs MBA.,Owner,Bremen,Germany,Wholesale,Hospitality,2024-02-03,82617.97
HONGM,Huijbrechts Groep,Renske Ellis-Cornelissen,Procurement Specialist,Megen,Netherlands,Corporate,Food & Beverage,2024-06-01,802737.6
LSUTQ,Proyectos Aguirre-Escobedo,Lic. Cristobal Campos,Marketing Manager,Nueva Kirguistán,Mexico,Retail,Manufacturing,2022-10-10,39904.42
PYDGJ,"Thomas, Robertson and Parsons",Dr Graham Mason,Operations Manager,Helenburgh,UK,Small Business,Retail,2019-02-16,116717.06
LIECU,Myers Group,Mark Young,Procurement Specialist,Lake Michael,USA,Retail,Retail,2021-11-29,27842.44
HIZFJ,Frei Walder AG,Vincent Hunziker,Procurement Specialist,Uzwil,Switzerland,Corporate,Technology,2018-09-08,725928.9
ONHVA,Albuquerque,Benjamim Ramos,Logistics Coordinator,Dias de Dias,Brazil,Wholesale,Manufacturing,2025-01-28,360037.99
QWUGR,(유) 고구려,손명숙,Supply Chain Manager,하남시,South Korea,Small Business,Transportation,2021-12-19,18714.54
SSGPN,Weller GmbH,Ingo Holt,Marketing Manager,Ansbach,Germany,Corporate,Food & Beverage,2023-09-12,192702.77
IKWSS,Rabitsch & Günther e.V.,David Neuhauser,Operations Manager,Schrems,Austria,Small Business,Manufacturing,2022-10-17,105819.8
QNUNT,Amaral,Gaspar Fonseca,Procurement Specialist,Oliveira de Azeméis,Portugal,Wholesale,Healthcare,2024-12-14,545245.01
CFOQH,Chadha Inc,Upadhriti Sule,VP of Purchasing,Proddatur,India,Small Business,Construction,2019-04-21,38091.62
COTEY,Kaiser & Schmidt e.V.,William Feichtner,Order Administrator,Peuerbach,Austria,Retail,Food & Beverage,2022-09-20,26409.23
FMKKF,Jones LLC,Miss Beverley Simmons,Supply Chain Manager,Clarkestad,UK,Small Business,Education,2021-07-26,76554.63
YWROS,Koivula Kettunen As Oy,Krista Hänninen-Tikkanen,Procurement Specialist,Rantasalmi,Finland,Small Business,Retail,2018-10-17,203472.24
AOQAA,"Gradenigo, Gagliardi e Ceravolo Group",Romolo Berengario,Logistics Coordinator,Karthaus,Italy,Corporate,Agriculture,2025-03-17,826147.38
PKIII,Bahena-Calvillo S.A.,Estela Teresa Haro Vargas,Order Administrator,Vieja Congo,Mexico,Corporate,Construction,2021-07-17,778858.08
OKCSR,"Zacharia, Narayanan and Thaman",Bhavna Sekhon,Owner,Maheshtala,India,Government,Food & Beverage,2019-08-13,102973.32
YNMEE,"Jones, Anderson and Hancock",Connie Ellison,Sales Representative,East Valeriestad,USA,Small Business,Manufacturing,2022-06-29,219759.66
PKJRQ,"Terry, Cox and Murray",Tiffany Pham,Procurement Specialist,East Robertburgh,Australia,Corporate,Food & Beverage,2025-05-14,952358.2
LPEIE,Lee Ltd,Miss Abbie Archer,Marketing Manager,Lake Martynview,UK,Retail,Manufacturing,2019-06-03,55389.63
IYMRR,Engen BA,Sander Gundersen,Operations Manager,Jørgenvær,Norway,Small Business,Manufacturing,2023-10-31,226284.14
DUTNM,Caboto-Grimani e figli,Adriano Bertoni,Owner,Ardea,Italy,Corporate,Hospitality,2022-09-19,58621.33
PPGMM,Gillespie Group,Jonathan Flores,VP of Purchasing,Romerohaven,Australia,Retail,Retail,2024-10-06,217525.59
UCROA,Dorsey-Flores,Mr. Thomas Lopez,Accounting Manager,Jefferytown,USA,Retail,Technology,2018-04-30,222410.44
PMRMU,Verhaegen VOF,Wim Engelen,Logistics Coordinator,Ohain,Belgium,Corporate,Hospitality,2022-11-02,763163.73
TJLRG,Frederick-Dyer,Jacob Gutierrez,Logistics Coordinator,Martinport,USA,Corporate,Retail,2025-03-23,380851.6
YWOSW,"Johnson, Roberts and Lara",Connie Joseph,Order Administrator,Gomezchester,USA,Small Business,Technology,2024-05-30,124956.96
AZTTR,"Kirby, Fuller and Collins",Chelsea Newman-Ross,Sales Representative,Websterborough,UK,Small Business,Healthcare,2020-05-08,164852.36
LKYKR,Warren PLC,Mrs Rachael Frost,Purchasing Manager,Evansshire,UK,Corporate,Technology,2020-09-14,133759.12
QPRRG,"Ortiz, Mccormick and Smith",Margaret Hammond,Supply Chain Manager,Lake Jeffery,Canada,Small Business,Transportation,2023-07-30,86767.72
GPTPB,株式会社木村電気,山口 里佳,Supply Chain Manager,いすみ市,Japan,Wholesale,Technology,2018-08-30,669288.65
ZBKKS,Freudenberger,Dr. Gotthold Davids,Purchasing Manager,Höxter,Germany,Wholesale,Food & Beverage,2020-08-24,285059.67
GLMTY,"Walters, Combs and Gonzalez",Crystal Sanders,Logistics Coordinator,West Chadberg,USA,Wholesale,Food & Beverage,2025-01-05,656543.9
NCTJW,Diaz-Lopez,Isabella Rodriguez,Marketing Manager,Santa Fe,Argentina,Retail,Transportation,2021-08-25,188413.05
QPJEX,Wolfe and Sons,Albert Griffin,Sales Representative,Meg Ville,Ireland,Wholesale,Construction,2020-05-02,254754.57
KLSIH,"Gupta, Dua and Ganesan",Bachittar Chahal,Supply Chain Manager,Tezpur,India,Small Business,Food & Beverage,2020-12-14,121179.82
SXJTY,Pacheco Figueiredo S/A,Leonor Soares,Order Administrator,Guarda,Portugal,Corporate,Agriculture,2022-07-10,223926.7
MBDGU,Bárbara Garcia Mariscal S.L.,Jesusa Amador Ayuso,Purchasing Manager,Málaga,Spain,Corporate,Retail,2019-03-03,421540.14
MGABL,Guerra,Maria Júlia Garcia,Procurement Specialist,Sales da Prata,Brazil,Wholesale,Manufacturing,2019-08-31,79913.25
CDPBG,Bazin S.A.S.,François Paul du Bodin,Logistics Coordinator,Normand,France,Small Business,Education,2023-07-28,20465.46
UTMRX,"Smith, Murphy and Riley",Mark Martin,Order Administrator,Sparksfurt,Canada,Small Business,Retail,2020-11-06,43008.94
JDOOR,株式会社岡田保険,中村 裕太,Sales Associate,横浜市南区,Japan,Corporate,Retail,2019-03-11,779389.83
WEYUJ,Pires da Rosa e Filhos,Ágatha Silva,Sales Representative,Melo,Brazil,Small Business,Transportation,2025-03-15,134153.05
JXJXQ,Bigot,Étienne Valette,Accounting Manager,Fleury,France,Small Business,Retail,2022-10-13,105581.93
WMKRI,"Peña, Otero y Cantú",Jesús Camarillo Lugo,Operations Manager,San Asunción los altos,Mexico,Government,Agriculture,2018-05-12,566240.15
YDOJR,Varghese-Randhawa,Yadavi Raju,Procurement Specialist,Tadepalligudem,India,Small Business,Agriculture,2025-03-31,122644.85
IYJAR,Hermann Schleich GbR,Pietro Henschel,Procurement Specialist,Borken,Germany,Corporate,Food & Beverage,2021-11-24,354057.46
AXORK,Howell-Nguyen,Crystal Evans,Supply Chain Manager,Port Annaside,USA,Small Business,Manufacturing,2019-09-16,67141.49
PLVSY,Heinz,Jörgen Hentschel,Sales Associate,Cottbus,Germany,Corporate,Technology,2020-12-17,796515.66
TGFHL,"Bates, Jones and Grant",Mr Brandon Lee,Accounting Manager,South Valerie,UK,Wholesale,Technology,2022-07-07,731198.47
MXDUY,Welch PLC,April Parsons,Sales Associate,East Sarah,USA,Retail,Retail,2018-03-18,127989.66
BAFHO,Lewis-Mason,Andre Burton,VP of Purchasing,New Cory,Canada,Small Business,Manufacturing,2019-02-20,246801.06
ZCHIQ,Hebert and Sons,Jennifer Wolf,Accounting Manager,Lake Carl,USA,Small Business,Technology,2023-10-04,11473.05
XOEBJ,Chevalier Brun S.A.R.L.,Éric Moulin,Supply Chain Manager,Sainte Christine-les-Bains,France,Small Business,Healthcare,2018-04-06,244244.13
ANTIC,Gnatz KG,Liselotte Bähr,Procurement Specialist,Burg,Germany,Corporate,Manufacturing,2022-12-20,510454.92
KJPQN,Tucker-Flores,Melissa Smith,Procurement Specialist,East Dianaland,Australia,Small Business,Manufacturing,2025-02-16,128961.47
RXWLG,Melton-Cameron,Samantha Thompson,VP of Purchasing,Melissahaven,Canada,Small Business,Manufacturing,2019-10-15,240001.49
UPKXG,Mueller PLC,Karen Watson,Supply Chain Manager,West Justinfort,USA,Small Business,Education,2020-04-13,122328.54
MGQCF,Noël S.A.R.L.,Robert Sauvage,Accounting Manager,Saint Christine,France,Small Business,Transportation,2019-01-20,95451.7
BWQYT,(주) 모두금고,김현준,Procurement Specialist,옥천군,South Korea,Small Business,Education,2021-11-23,125730.2
NZDEP,Schulten & Heijmans,Sten Mathol,VP of Purchasing,Giethoorn,Netherlands,Wholesale,Food & Beverage,2018-11-06,259673.33
HTLJO,"Maldonado, Johnson and Callahan",Cindy Baker,Accounting Manager,New Jesusstad,USA,Corporate,Construction,2019-05-27,113799.35
HEKWT,Cruz-Ward,Amanda Martin,Operations Manager,North Corey,USA,Corporate,Retail,2021-07-03,229021.64
YXUTI,Swanson-Martin,Natasha Jackson,Marketing Manager,Snydertown,USA,Small Business,Healthcare,2018-10-05,219811.68
YIXPO,Kühnert GmbH & Co. KG,Birger Löwer,Supply Chain Manager,Witzenhausen,Germany,Small Business,Retail,2022-01-09,128423.44
DKAMM,"Taylor, Harper and White",Colin Sanders,VP of Purchasing,Karenchester,Australia,Small Business,Transportation,2021-04-25,128540.6
DSMEW,Carlsson AB,Lars Arvidsson-Månsson,Sales Associate,Borås,Sweden,Corporate,Construction,2022-10-20,935369.02
PVSWV,Carre et Fils,Jules Philippe,Sales Associate,Sainte RenéeBourg,France,Corporate,Transportation,2018-06-15,674479.34
NIIAW,Brislane-Nolty,Serena MacInerney,Owner,Jamie-Lee Ville,Ireland,Government,Manufacturing,2021-10-05,627138.65
BSPEP,Rogge GmbH,Dipl.-Ing. Ingetraud Bolander,Logistics Coordinator,Nordhausen,Germany,Retail,Food & Beverage,2021-10-12,173135.82
LGEYK,Hayes-Vasquez,Kristin Barber,Sales Representative,Lake Shannonview,USA,Small Business,Retail,2022-12-12,89679.77
AQRTL,Kambs GmbH & Co. OHG,Ing. Gottlob Trupp B.Sc.,Purchasing Manager,Nordhausen,Germany,Corporate,Transportation,2024-10-06,353513.37
VYYLH,Jackson-Davidson,Mrs. Molly Dunn,VP of Purchasing,North Melanieside,Canada,Small Business,Hospitality,2024-10-20,180586.06
WORZR,Smith Inc,Christopher Mckenzie,Accounting Manager,Anthonyborough,Canada,Corporate,Education,2024-05-14,726248.02
RUJTI,"Balasubramanian, Bora and Baral",Ayushman Gola,VP of Purchasing,Kalyan-Dombivli,India,Small Business,Technology,2021-01-03,132785.56
YALSA,Dijkstra Groep,Maja Scharroo-van Oirschot,Purchasing Manager,Budel-Dorplein,Netherlands,Wholesale,Food & Beverage,2023-05-22,321340.85
EUNIO,Binner Staude GmbH,Katrin Kitzmann,Procurement Specialist,Reutlingen,Germany,Small Business,Food & Beverage,2021-04-07,207846.27
WNILW,"Hawkins, Crane and Mccoy",Steven Floyd,Procurement Specialist,Mariamouth,USA,Wholesale,Hospitality,2023-07-14,234369.44
OIFCG,Ketola Oy,Olli Turunen,Sales Associate,Vesilahti,Finland,Government,Construction,2018-06-20,167146.44
JFKGX,Hänninen ry,Ritva Koivisto-Kuusisto,Marketing Manager,Saltvik,Finland,Retail,Technology,2021-04-16,195699.11
YLENL,Nigam and Sons,Mohini Balakrishnan,VP of Purchasing,Karawal Nagar,India,Small Business,Technology,2018-04-17,121326.82
YOLGX,Zobel AG,Hildegard Jäkel B.Eng.,Order Administrator,Neuruppin,Germany,Corporate,Food & Beverage,2024-07-09,352528.85
QXMRJ,Baria-Dayal,Samesh Agrawal,Owner,Etawah,India,Corporate,Retail,2025-03-04,361799.05
TQTOA,Supermercados Vargas & Asociados S.Com.,Felix Falcó Comas,Procurement Specialist,Salamanca,Spain,Retail,Education,2024-11-15,134506.63
INTUQ,"Chapman, Norris and Patel",Kristi Bowers,Owner,Jeannefort,USA,Small Business,Retail,2019-04-24,75591.86
UCBMY,Bernard-Harvey,Cheryl Fuller,Accounting Manager,Jackietown,USA,Small Business,Hospitality,2019-03-24,104486.48
RLRCI,Johnson-Ochoa,Jonathan Wade,Order Administrator,Lake Catherine,USA,Small Business,Technology,2021-12-17,26886.46
AHRJB,"Llamas, Tejeda y Lira",Celia Zoé Rentería Guzmán,Accounting Manager,Vieja Uruguay,Mexico,Small Business,Manufacturing,2023-09-08,13309.62
PDMKX,Ceja-Grijalva S. R.L. de C.V.,Perla Uribe Peña,Supply Chain Manager,San Leticia de la Montaña,Mexico,Government,Technology,2023-11-30,689321.14
QIQTW,Sforza e figli,Dott. Gianpietro Mazzacurati,VP of Purchasing,Selegas,Italy,Wholesale,Food & Beverage,2025-01-14,692227.89
RFFHD,"Moore, Christian and Jenkins",Devin Brown,Sales Representative,Hayleyberg,USA,Small Business,Education,2018-09-09,193947.78
CASGB,图龙信息信息有限公司,张丽娟,Accounting Manager,马鞍山市,China,Retail,Retail,2023-12-29,68855.51
WPVKS,"Echeverría, Gamboa y Esquivel",María Luisa Alonso Limón Leal,VP of Purchasing,San José los bajos,Mexico,Small Business,Food & Beverage,2023-12-28,183759.64
FXSAS,Singh Ltd,Christina Pitts,Logistics Coordinator,North Chris,USA,Small Business,Agriculture,2021-07-02,200762.94
QVCAO,Ruppert Hettner GmbH,Iwona Segebahn,Purchasing Manager,Eggenfelden,Germany,Wholesale,Food & Beverage,2023-09-26,434355.96
LBVYN,Lefort S.A.S.,Lucy Colin-Toussaint,Purchasing Manager,Hoareau,France,Retail,Technology,2019-10-13,240015.52
CXFQH,联通时科科技有限公司,韩佳,Supply Chain Manager,桂英县,China,Corporate,Retail,2022-10-23,572040.1
CGGKZ,Hermann OHG mbH,Evamaria Gieß-Schaaf,Order Administrator,Einbeck,Germany,Small Business,Hospitality,2019-11-24,42922.95
KDKNK,"Martin, Stevens and Walker",Arthur Young,Sales Representative,Leahshire,UK,Wholesale,Construction,2024-02-01,282125.13
TPIHA,Dupuis,Antoine Barthelemy,Owner,Mathieu,France,Small Business,Agriculture,2019-12-16,156139.34
MGFTU,Evrard S.A.,Olivier-Roland Schmitt,Purchasing Manager,Rousseau,France,Retail,Food & Beverage,2020-07-18,223982.54
YVGXG,Hess-Grant,Patrick Bright,Purchasing Manager,Lake Wesleyberg,USA,Retail,Education,2019-11-18,14038.51
TJLHI,Strong-Allen,Mark Petersen,VP of Purchasing,Caseport,USA,Small Business,Retail,2019-07-17,151900.8
THZGR,Bondumier Group,Luciana Andreozzi-Ravaglioli,Supply Chain Manager,Tereglio,Italy,Wholesale,Hospitality,2023-07-09,630537.5
VOGNV,Bühler Vogt AG,Rosaria Schoch,Sales Representative,Küssnacht,Switzerland,Corporate,Healthcare,2023-08-15,820055.29
LPYTI,Construcción Colom & Asociados S.Coop.,María Belén Arco Polo,Sales Representative,Álava,Spain,Wholesale,Technology,2021-03-08,26762.23
HRIGT,Romiti-Brancaccio Group,Adriana Camicione,Accounting Manager,Trignano Nel Frignano,Italy,Corporate,Retail,2024-09-30,463564.02
JHIIC,Smith-Acosta,Jason Smith,Marketing Manager,Kathleenburgh,USA,Corporate,Technology,2024-10-27,733878.82
FGDRI,Fito Ricart Vidal S.L.N.E,Basilio Duque Barrena,Owner,Ávila,Spain,Small Business,Education,2019-12-25,71926.75
ZJDMA,"Williamson, Phillips and Watson",Lisa Hines,Sales Associate,Wagnerview,USA,Retail,Agriculture,2019-03-25,161460.11
HWXSL,Jourdan SA,Augustin Lopes Le Dufour,Operations Manager,Michaud,France,Corporate,Technology,2018-02-07,228739.99
REQMY,Wilson-Jones,Lindsey Watts,Logistics Coordinator,Townsendstad,UK,Wholesale,Retail,2022-05-04,319864.49
GEKLX,Stone LLC,Michelle Greene,Sales Associate,Hesterfort,USA,Small Business,Technology,2023-03-25,221111.65
NNDQH,Bowen Group,Leon Heath-Wright,Sales Associate,West Terryfort,UK,Small Business,Transportation,2021-07-31,161840.48
HRZHP,Delmas,Françoise Perrier du Gay,Marketing Manager,Sainte Thierry,France,Wholesale,Healthcare,2023-05-25,327384.17
XEWSW,Thomas PLC,Sylvia Sharpe,Sales Associate,West Christopherview,UK,Small Business,Construction,2024-02-15,241164.46
RFQXQ,Hudson and Sons,Robert Harmon,Marketing Manager,New Michael,USA,Wholesale,Food & Beverage,2022-02-18,163757.49
XSFCL,Schönland Schüler GmbH,Univ.Prof. Agnieszka Schönland,Owner,Freudenstadt,Germany,Small Business,Manufacturing,2020-09-04,15101.55
RFFRU,"Mcdonald, Stark and Smith",Dr. Robert Miller,VP of Purchasing,New Kellyfurt,USA,Retail,Hospitality,2019-03-29,130462.26
KOAGD,James Ltd,Brian Johnson,Owner,Port Joshua,USA,Retail,Construction,2022-05-14,59409.98
SXQJF,Montenegro Ltda.,Isabel Duarte,Purchasing Manager,Freitas de Goiás,Brazil,Small Business,Healthcare,2020-07-09,143025.11
CMGCI,Ramos,Ravy Vargas,Purchasing Manager,Teixeira de Siqueira,Brazil,Corporate,Technology,2025-01-31,786155.06
KESJH,Johnson-West,Tammy House,Owner,Stephenbury,USA,Retail,Technology,2021-08-22,228648.05
VIYOP,"Industrias Morales, Correa y Menéndez",David de la Rosa Menéndez,Sales Representative,San Lourdes los bajos,Mexico,Retail,Education,2023-12-11,30667.53
ZDYLQ,"Bergoglio, Bragaglia e Stucchi Group",Ermenegildo Solari,Marketing Manager,Lagundo,Italy,Small Business,Technology,2022-08-28,35716.29
HCWVX,"Jennings, Abbott and Patterson",Christine Weber,Operations Manager,Scottshire,USA,Retail,Food & Beverage,2025-02-13,101697.53
WBOPQ,"Jensen, Thomas and Wilkins",Gina Johnson,Sales Representative,North Annland,Australia,Retail,Technology,2020-07-26,135088.82
JZFOT,Carsten,Friedemann Fechner-Liebelt,Procurement Specialist,München,Germany,Retail,Retail,2024-08-30,32859.11
YMFNZ,Hood PLC,Michael Harris,Purchasing Manager,Brooksbury,USA,Retail,Healthcare,2020-07-02,146748.16
AXEXI,"Mitchell, Jones and Anderson",Christopher Nelson,Logistics Coordinator,Donaldfurt,USA,Government,Retail,2023-12-04,855827.64
AEQHH,Baker Group,Joseph Jimenez,Order Administrator,Lopezberg,USA,Retail,Transportation,2021-11-27,157806.82
VQBEF,"Reyes, Bailey and Morrison",Mary Holt,Purchasing Manager,New Curtisland,Australia,Retail,Retail,2021-08-09,42405.65
FDLRZ,Bellucci-Govoni e figli,Dott. Annunziata Tiepolo,Order Administrator,Tanürz,Italy,Corporate,Hospitality,2020-03-09,331879.28
ROYXM,Tafoya-Madera,Lourdes Úrsula Posada,Order Administrator,Nueva Tailandia,Mexico,Corporate,Hospitality,2018-02-13,530566.95
IPLBM,Gumprich,Emmerich Mude,VP of Purchasing,Wiedenbrück,Germany,Wholesale,Construction,2019-03-10,150932.23
TFKPN,Amorim S.A.,Luísa Valente,Operations Manager,Tondela,Portugal,Wholesale,Education,2025-01-15,734100.63
QHXOO,Rentería y Grijalva y Asociados,Jacobo Reyes,Order Administrator,San Hugo los bajos,Mexico,Corporate,Transportation,2020-08-12,760293.17
QBELD,Reinbacher Windhager AG,Fernando Zangerl,VP of Purchasing,Stockerau,Austria,Retail,Healthcare,2020-06-24,192641.69
SAFGU,"Judge, Gubain and McCrory",Mr. Cathal Clair,Order Administrator,Bronagh Ville,Ireland,Government,Construction,2022-04-21,898996.36
BIAXR,Harris-Carson,Monique Taylor,Marketing Manager,East Denise,USA,Small Business,Food & Beverage,2024-08-02,213055.83
ZVJRF,Knappe OHG mbH,Gerold Sölzer,Sales Associate,Husum,Germany,Wholesale,Retail,2023-08-06,576386.37
YGJHX,Mitschke AG,Hans-Heinrich Hermann-Bachmann,Sales Representative,Dessau,Germany,Corporate,Food & Beverage,2023-12-31,110616.27
LPPIX,Smith-Alexander,Erica Duarte,Accounting Manager,Kevinhaven,USA,Corporate,Hospitality,2021-07-30,623537.16
JOPSA,Despacho Peres-Lira,Dr. Florencia Chacón,Order Administrator,San Ricardo los bajos,Mexico,Small Business,Transportation,2019-11-14,200491.58
JUZJJ,Aguilar Inc,Gabriel Woods,Operations Manager,West Gary,USA,Wholesale,Healthcare,2018-04-02,287095.59
GYDEY,Yang LLC,Christine Murray,Procurement Specialist,East Nicholasburgh,USA,Wholesale,Technology,2022-01-09,372229.42
KILEP,"Downs, Hansen and Shannon",Stefanie Higgins,Marketing Manager,Mariastad,USA,Small Business,Transportation,2025-02-17,112873.59
RPJCI,Davies-Shepherd,Joshua Morris,Sales Representative,Terryfurt,UK,Corporate,Transportation,2022-12-03,870556.03
QVSRJ,Murillo-Reynolds,Brianna Summers,Sales Associate,North Jonathanstad,Canada,Retail,Education,2019-04-10,134096.24
NSVNU,Svendsen RFH,Grethe Mikkelsen,Purchasing Manager,Henriksen,Norway,Small Business,Agriculture,2019-12-01,216157.36
ZIYCG,Cobb PLC,Pamela George,Logistics Coordinator,Kathyville,USA,Corporate,Retail,2024-09-10,328124.52
IJHKF,Restauración Sanmiguel & Asociados S.L.,Nidia Primitiva Gracia Roda,VP of Purchasing,Burgos,Spain,Retail,Transportation,2023-09-08,23216.98
XXGOX,Mckee-Paul,Melissa Brown,VP of Purchasing,Elizabethmouth,Australia,Small Business,Construction,2021-08-16,83688.23
IBJTA,维涛传媒有限公司,陈玉华,Accounting Manager,海口市,China,Corporate,Hospitality,2021-02-06,667052.64
YKXLK,Manacorda SPA,Sig.ra Renata Ceravolo,Marketing Manager,Alagna,Italy,Government,Food & Beverage,2020-11-20,315374.9
LNWRN,"Corporacin Rosales, Mejía y Díaz",Jaime Lomeli,VP of Purchasing,Nueva Camerún,Mexico,Corporate,Retail,2023-09-12,78132.78
IPJVG,Burns-Nolan,Brandon Kelly,Owner,South Rebeccafurt,USA,Corporate,Hospitality,2021-11-27,682418.64
YXHDK,Andersson & Hjalmarsson HB,Margareta Holm,Owner,Sandviken,Sweden,Wholesale,Transportation,2021-02-13,425892.62
WBKHH,Laakso,Tapio Virtanen-Manninen,Logistics Coordinator,Kökar,Finland,Corporate,Hospitality,2020-11-27,844405.1
ZIHKL,Fowler-Peterson,Emily Dominguez,Accounting Manager,Port Rebeccabury,USA,Retail,Agriculture,2019-07-21,40734.56
VQXWD,Perry-Lopez,Terrance Velazquez,Purchasing Manager,West Randall,USA,Wholesale,Technology,2021-01-10,692409.84
BNYPJ,"Anderson, Rush and Davidson",Keith Singleton,VP of Purchasing,Angelafurt,USA,Wholesale,Construction,2022-05-06,132885.79
RKDVM,"Rogers, Jones and Mitchell",Terry Jenkins,Sales Associate,Coxland,UK,Corporate,Healthcare,2022-04-14,773187.35
YTHUA,Brown and Sons,Anthony Erickson MD,Owner,East Kathleen,USA,Wholesale,Manufacturing,2024-02-06,99965.12
FZYCF,有限会社渡辺建設,太田 京助,VP of Purchasing,八王子市,Japan,Corporate,Technology,2020-02-10,755688.55
QTAMP,"Alonzi, Cappelli e Sraffa s.r.l.",Corrado Buonauro,VP of Purchasing,Tricesimo,Italy,Corporate,Transportation,2024-06-18,558752.28
RITBO,Owens Ltd,Sara Cox,Procurement Specialist,Jeremyfurt,Canada,Corporate,Food & Beverage,2018-01-13,310575.01
IWHHH,株式会社田中電気,中村 直樹,Operations Manager,山武郡九十九里町,Japan,Corporate,Manufacturing,2022-10-21,717027.67
RQPGT,Noack Metz GmbH,Ludwina Wagenknecht-Hoffmann,Operations Manager,Schmölln,Germany,Corporate,Technology,2021-11-26,526864.94
VJGRV,Ackermann e.V.,Susanna Anders,Operations Manager,Fürstenwalde,Germany,Wholesale,Education,2024-05-29,60366.53
UFAXD,Monteiro Cruz S/A,Vítor Branco,Order Administrator,Valongo,Portugal,Small Business,Agriculture,2019-04-22,145213.08
QTJOI,Bailly,Emmanuelle Bouvet,VP of Purchasing,Rodriguez,France,Retail,Food & Beverage,2023-02-14,151745.94
ONNLD,Leblanc Pasquier SA,Roger Buisson,Sales Associate,Richard,France,Small Business,Technology,2025-03-27,236849.93
PQECY,"Smith, Cameron and Vincent",Michelle Rivera,Purchasing Manager,Levyland,Australia,Corporate,Education,2022-03-19,868743.92
RSXVU,Sellers Ltd,Michelle Davis,Sales Representative,New Kathleen,USA,Wholesale,Agriculture,2021-07-01,493408.59
AZZTB,(주) 라온,이영숙,Procurement Specialist,여주시,South Korea,Wholesale,Hospitality,2022-11-17,577550.27
RDYID,"Torres, Thompson and Jones",Jason Sweeney,Procurement Specialist,Matthewborough,USA,Corporate,Retail,2019-07-05,249183.92
EKMJV,Steffensen & Søn A/S,Dr. Nete Klausen,Logistics Coordinator,Blokhus,Denmark,Wholesale,Agriculture,2024-03-28,642201.64
XDELD,Jacobsen-Engen ASA,Reidun Eliassen-Sandvik,Accounting Manager,Mayfjell,Norway,Corporate,Manufacturing,2019-03-02,801599.51
SEFQG,Rousset,Charlotte Lagarde,Operations Manager,Lagardeboeuf,France,Retail,Retail,2021-02-08,227509.47
XSAGA,Perkins LLC,Robert Bowers,Supply Chain Manager,North Mike,USA,Corporate,Transportation,2021-10-04,297858.8
NBSHI,Bolander,Rebekka Börner B.A.,VP of Purchasing,Hohenmölsen,Germany,Small Business,Construction,2019-02-20,38305.69
UFWQX,Ronkainen Moilanen Ky,Erik Penttilä,Supply Chain Manager,Suonenjoki,Finland,Small Business,Agriculture,2021-10-08,125465.62
ZPKRE,Blankenship Ltd,Bryan Matthews,Marketing Manager,Crawfordview,Canada,Small Business,Education,2022-04-21,116188.72
SCYUB,Ross Inc,Harold Gutierrez,Supply Chain Manager,Devinburgh,USA,Corporate,Healthcare,2025-03-09,354588.57
XBRBA,"Arroyo, Potter and Rodriguez",Erin Adams,Order Administrator,Port Susanshire,USA,Corporate,Food & Beverage,2020-04-14,219214.06
ZHNUH,Carpenter-Phillips,Natasha Scott,Logistics Coordinator,Stephenchester,USA,Retail,Retail,2024-06-21,56726.66
DFEAM,Industrias BWGA S.L.,Paulino Botella Pedrero,Marketing Manager,Toledo,Spain,Small Business,Education,2020-12-31,222188.7
MYTSH,Karlsson Blomqvist AB,Morgan Westin Olsson,Supply Chain Manager,Karlskoga,Sweden,Wholesale,Hospitality,2023-09-02,205200.07
NJWYF,Roman-Bradshaw,Dominique Moore,Supply Chain Manager,Johnsonfurt,USA,Corporate,Healthcare,2018-10-18,952368.81
VTEJB,Powers-Ortiz,Katherine Williams,Owner,Taylorberg,USA,Small Business,Construction,2018-03-21,56239.36
CGYVH,House Ltd,Todd Garcia,Logistics Coordinator,East Alexandershire,USA,Small Business,Agriculture,2022-08-18,197751.03
OFQZL,Sinisi-Renzi e figli,Dina Antonelli,Logistics Coordinator,Ceciliano,Italy,Wholesale,Agriculture,2022-11-06,114393.37
FBGGE,Phillips LLC,Victoria Bennett,Order Administrator,Webbmouth,USA,Small Business,Food & Beverage,2022-10-20,112707.2
ZAXXI,Perrot S.A.R.L.,Victoire Renault,Procurement Specialist,Pruvost,France,Small Business,Healthcare,2021-01-21,229718.76
CDNRV,Andrade,Dr. Matteo Machado,Supply Chain Manager,Peixoto,Brazil,Government,Healthcare,2019-10-30,1083201.38
UDXHM,Smith-Anderson,Ronald Dixon,Procurement Specialist,Lawrenceside,UK,Wholesale,Education,2021-09-17,398697.77
FBJUC,Higgins Inc,Kelly Shaw,Marketing Manager,North Melissamouth,Australia,Corporate,Food & Beverage,2019-08-05,473935.78
KRMQR,Taylor PLC,Jenny Khan,Sales Associate,West Joseph,USA,Corporate,Healthcare,2021-09-17,136080.17
ZSSZZ,Rodrigues S/A,Lunna Moreira,Supply Chain Manager,das Neves,Brazil,Small Business,Healthcare,2018-02-08,11262.63
FCERF,Chan Group,Ethan Cobb,Operations Manager,North Anthonyshire,USA,Small Business,Transportation,2023-01-12,7063.22
MQFKV,Lassen A/S,Lena Jespersen,Supply Chain Manager,Slangerup,Denmark,Corporate,Food & Beverage,2021-04-22,901348.35
XNBDC,"Barnes, Herbert and Hughes",Suzanne Mitchell,Sales Representative,Port Marion,UK,Wholesale,Transportation,2022-10-08,730986.32
HOYGJ,Naylor LLC,Kelly Dean,Order Administrator,Beverleyfurt,UK,Corporate,Technology,2021-09-24,947773.63
OPIXJ,"Diaz, Gomez and Campos",Juana Paula Rojas Perez,Operations Manager,Santa Fe,Argentina,Small Business,Hospitality,2023-04-27,36699.48
ZXTAI,Bauzà & Asociados S.A.,Morena Arnaiz-Ferrándiz,Procurement Specialist,Pontevedra,Spain,Wholesale,Construction,2020-04-01,41453.18
SSAZC,"Smith, Carter and Stanley",Roger Edwards,Supply Chain Manager,Howellshire,USA,Wholesale,Technology,2018-04-10,416215.07
YGIIS,"Geraci, Cilea e Gradenigo s.r.l.",Lucrezia Scialpi-Pelli,Logistics Coordinator,Statale,Italy,Government,Agriculture,2018-04-10,1581602.66
LHEZG,Dalmau y Zabaleta S.Coop.,Visitación Belda Franch,VP of Purchasing,Albacete,Spain,Small Business,Hospitality,2022-11-08,243567.51
YRKUH,PPUH Filusz-Gumienna s.c.,Ewelina Bazyluk,Supply Chain Manager,Świdnica,Poland,Wholesale,Food & Beverage,2020-03-05,109856.37
MITRA,Söding,Albrecht Rädel B.Sc.,Owner,Ludwigsburg,Germany,Corporate,Manufacturing,2019-10-16,870890.47
WJQBQ,"Avila, Beck and Schultz",Sabrina Thornton,Owner,South Karen,USA,Small Business,Manufacturing,2019-10-26,196939.86
LIGZA,Shaw Group,Melanie McDonald,Accounting Manager,New Victorville,UK,Corporate,Manufacturing,2019-09-01,727549.92
JQKUH,Jones Group,Amy Kim,Procurement Specialist,Sullivanmouth,USA,Wholesale,Education,2021-09-12,148537.16
HXPDH,Ernst,Ralf-Dieter Beer-Heidrich,Sales Associate,Düren,Germany,Corporate,Transportation,2021-12-23,450949.23
FBMIC,Flores-Kim,Jonathan Goodwin,Procurement Specialist,East Erin,USA,Corporate,Hospitality,2018-02-05,802988.8
ERBRJ,Aumann Kostolzin GmbH & Co. KG,Prof. Jane Dörschner B.A.,Order Administrator,Zerbst,Germany,Small Business,Manufacturing,2022-06-23,63864.82
AWYBM,"Murray, Owens and Cook",Ryan Barrett,Purchasing Manager,Birdchester,UK,Small Business,Manufacturing,2021-07-28,122851.66
WZRWV,Ortese-Cadorna Group,Dott. Rocco Nosiglia,Purchasing Manager,Pizzolungo,Italy,Small Business,Healthcare,2020-08-30,195338.9
GPKBJ,"Turner, Roman and Gregory",Kelly Thomas,Sales Associate,Donaldchester,USA,Corporate,Agriculture,2022-11-27,291280.49
JKJYN,"Allen, Parker and Clark",Justin Wells,Sales Representative,Port Nathanmouth,UK,Corporate,Manufacturing,2023-07-07,129797.72
FNUWW,Haro y Gómez S. R.L. de C.V.,Antonio Indira Rico Porras,Marketing Manager,San Lucía los bajos,Mexico,Retail,Retail,2025-06-11,71604.78
RTYPS,"Pillay, Bhasin and Sachdev",Samaksh Thaman,Supply Chain Manager,Jabalpur,India,Small Business,Education,2024-06-10,244887.59
WXHNX,Green LLC,Cassandra Washington,Accounting Manager,Williamsport,USA,Corporate,Food & Beverage,2023-08-06,595710.87
ITOXG,Patel-Holmes,Mr Mathew Whitehead,Supply Chain Manager,West Sara,UK,Corporate,Manufacturing,2025-04-13,582332.41
NOQMG,Fernandez-Vazquez,Isabella Rodriguez,Sales Associate,Santiago del Estero,Argentina,Government,Transportation,2024-08-07,894317.91
OYLBG,Sharp-Castaneda,Margaret Powell,Sales Representative,Port Danielleburgh,USA,Small Business,Construction,2025-03-16,29405.87
DDNLL,Martins Borges - ME,Vinicius Souza,Operations Manager,Vargas da Serra,Brazil,Small Business,Technology,2023-05-12,189619.63
CDEJJ,林ガス合同会社,佐々木 さゆり,Accounting Manager,川崎市高津区,Japan,Corporate,Construction,2024-09-08,674930.02
CLPVW,Chen Inc,Justin Curtis,Procurement Specialist,Terrencemouth,Canada,Wholesale,Technology,2023-08-21,570217.97
OAJQT,Pasquier Laine SA,Élisabeth-Chantal Bourdon,Marketing Manager,Colin,France,Wholesale,Construction,2023-06-05,497785.95
KBHHL,Compañía Echevarría & Asociados S.A.,Toribio Pou Esteve,Operations Manager,Ciudad,Spain,Retail,Hospitality,2023-02-19,71564.48
LWYBZ,Wagenknecht Dehmel GmbH & Co. OHG,Emmy Karge,Logistics Coordinator,Görlitz,Germany,Corporate,Hospitality,2018-06-26,391976.5
GHQUR,Kinnunen Tarvainen Tmi,Helena Aalto,Procurement Specialist,Nurmijärvi,Finland,Small Business,Education,2021-01-06,37385.43
QMYGT,Gutknecht AG & Co. KGaA,Heinz-Georg Mülichen-Grein Groth,Accounting Manager,Strasburg,Germany,Small Business,Education,2020-04-08,178832.09
KVTKG,Manzanares S.C.,Ing. Juan Murillo,Order Administrator,San Benito los bajos,Mexico,Government,Retail,2024-03-17,106125.75
IZXYU,创汇科技有限公司,张云,VP of Purchasing,合山县,China,Small Business,Transportation,2019-04-18,232491.3
NSUMO,Regnier,Nathalie Klein,VP of Purchasing,Léger,France,Small Business,Agriculture,2021-04-14,127005.0
OZVWT,Sivertsen og Sønner,Roar-Fredrik Ellingsen,VP of Purchasing,Karolineeid,Norway,Retail,Technology,2024-05-18,10598.44
LPAQU,Mangold,Prof. Kristian Zorbach,Sales Associate,Lemgo,Germany,Government,Manufacturing,2021-07-01,601985.46
XPVZF,"Lewis, Clark and Sanders",Samuel Carter,Order Administrator,North Taylorfurt,USA,Corporate,Transportation,2025-04-01,622999.34
CJMWM,Pieper e.G.,Erkan Hänel,Procurement Specialist,Heinsberg,Germany,Corporate,Manufacturing,2022-07-24,516423.91
HZPKY,Hölzenbecher,Ing. Laura Butte B.Sc.,Sales Associate,Gerolzhofen,Germany,Small Business,Food & Beverage,2019-11-27,214359.82
UIEAK,合同会社佐藤農林,山下 裕樹,Purchasing Manager,富里市,Japan,Small Business,Construction,2020-11-28,121725.83
QDBRA,Mack Group,Paul Thomas,Purchasing Manager,Michaelmouth,USA,Corporate,Manufacturing,2020-04-17,833586.04
DYMGV,Christensen-Ferguson,Luis House,Sales Associate,Hernandezshire,Canada,Small Business,Retail,2020-08-21,190683.99
HOCJP,Thomson PLC,Marian Pugh-Fowler,Order Administrator,Morriston,UK,Retail,Construction,2019-05-15,33866.63
EWKGG,"Aguayo, Lucio y Peralta",Sr(a). Teodoro Cano,Purchasing Manager,San Frida los altos,Mexico,Small Business,Agriculture,2022-12-12,118226.15
CLJJZ,Dixon Ltd,Susan Ball,VP of Purchasing,West Joshua,Canada,Corporate,Healthcare,2025-03-24,835079.7
XZZPK,Gomes,Rebeca Nogueira,Sales Associate,Dias do Amparo,Brazil,Government,Construction,2024-07-19,582235.2
YHERS,Charles and Sons,Jessica Brown,Order Administrator,Lake Joshua,USA,Retail,Manufacturing,2024-09-20,222220.64
HGSGQ,Ferreira da Mata e Filhos,Anthony Gabriel Marques,VP of Purchasing,Azevedo,Brazil,Wholesale,Food & Beverage,2022-10-24,557956.02
ZELUR,Mcdaniel and Sons,Jade Jackson,Purchasing Manager,West Danielletown,USA,Retail,Construction,2024-04-19,55065.42
EBVJE,Wallace-King,Timothy Sandoval,Operations Manager,South Kathrynview,USA,Small Business,Retail,2021-05-30,73090.59
QRSGM,Sosa-Ponce,Joaquin Ayala Aguero,Sales Associate,San Luis,Argentina,Retail,Transportation,2019-03-30,191762.57
XTWNV,Barbier Thomas S.A.,Arnaude Le Guibert,Supply Chain Manager,Rousseau,France,Corporate,Retail,2021-10-25,862278.7
LNMMN,Kiss & Fink AG,Mariana Paul,Supply Chain Manager,Eferding,Austria,Corporate,Manufacturing,2025-04-14,67111.41
WUPWY,Lindau KG,Dr. Gerdi Bien,Sales Associate,Zerbst,Germany,Small Business,Manufacturing,2018-06-06,29581.32
FRBAA,"Wilson, Edwards and White",Ryan Barnes,Purchasing Manager,Shaneton,UK,Wholesale,Food & Beverage,2019-11-08,358639.37
BPUGR,"Christensen, Diaz and Harmon",David Sanders,Operations Manager,Port Teresa,USA,Corporate,Retail,2022-03-16,451216.57
YHKUI,Holzapfel,Angelina Werner,Purchasing Manager,Neunburg vorm Wald,Germany,Small Business,Education,2022-10-25,56211.44
CWSNJ,Scott-Carlson,Brittany Simon,Operations Manager,Jotown,USA,Wholesale,Hospitality,2019-06-07,614144.06
SSSZS,Barbe S.A.R.L.,Benoît-Guy Berthelot,Accounting Manager,Bègue-sur-Mer,France,Small Business,Hospitality,2024-03-20,226771.64
KAMGE,Buisson SARL,Jacques Boyer,Purchasing Manager,Leconte,France,Wholesale,Transportation,2021-10-31,179504.76
VMQBV,Guerrero-Cook,Ethan Hawkins,Owner,South Tracy,USA,Corporate,Manufacturing,2018-10-14,587396.7
BUOWX,Birnbaum,Ing. Evamaria Hertrampf MBA.,Sales Representative,Reutlingen,Germany,Retail,Manufacturing,2018-10-21,8809.87
CNIWP,Ruiz Group,Sarah Smith,Sales Associate,Lake Jonathan,USA,Corporate,Education,2020-12-15,862413.95
HISVV,"Verdonck, Smet en Verhoeven CommV",Mohamed Lemmens,Purchasing Manager,Groot-Gelmen,Belgium,Corporate,Agriculture,2021-08-03,725659.21
UYICI,George-Sullivan,Jessica Robinson,Marketing Manager,Blairport,USA,Retail,Hospitality,2024-05-18,145182.78
ZXXQB,Smith-Kennedy,Alexander Dunn,Sales Representative,South Georgia,UK,Small Business,Construction,2022-06-15,196212.5
SHYTZ,"Cossiga, Nordio e Chiappetta Group",Liberto Gaggini,Supply Chain Manager,Beltiglio Di Ceppaloni,Italy,Small Business,Food & Beverage,2023-10-19,212599.86
NXJIJ,Morales and Sons,Raymond Murphy,Accounting Manager,Brookschester,USA,Corporate,Manufacturing,2021-02-20,430675.76
BPGTN,Valentine-Mcconnell,Patrick Simmons,Purchasing Manager,Harrisonland,USA,Wholesale,Transportation,2021-06-12,269694.46
CNMMU,Green Ltd,Danielle Sanchez,Accounting Manager,Tannerburgh,USA,Small Business,Hospitality,2022-07-28,98757.2
OYORW,Hein,Herr Eggert Scholz B.Eng.,Order Administrator,Sankt Goarshausen,Germany,Retail,Food & Beverage,2020-09-30,141381.17
TJYXG,Thanel,Aneta Preiß-Söding,Logistics Coordinator,Erfurt,Germany,Corporate,Manufacturing,2019-05-10,910830.08
DZGDK,"Lee, Shaw and Harris",Mr Jordan Short,VP of Purchasing,Leeport,UK,Corporate,Agriculture,2021-05-31,107555.83
BIDLN,Dixon-Jones,Toby Power,Sales Associate,Simsshire,UK,Retail,Retail,2025-02-20,105623.22
QZBDB,Johnston Group,Barry Collins,Logistics Coordinator,Davilamouth,USA,Small Business,Agriculture,2022-04-23,33517.49
XAZRC,Hall-Cruz,Amanda Gonzalez,VP of Purchasing,Andrewfort,USA,Corporate,Technology,2019-07-17,558131.02
FJMRF,(주) 겨레유니온개발공사,김정남,Logistics Coordinator,용인시 기흥구,South Korea,Government,Transportation,2021-03-21,843724.42
RIDLC,"Ramirez, Lewis and Wells",Candice Garcia,Owner,Stanleyland,Australia,Corporate,Transportation,2023-01-29,460798.61
VLTCT,Benton-Johnston,Francisco Ford,Owner,South John,USA,Corporate,Transportation,2023-09-20,916960.06
EHJLC,Andrade Ltda.,Luísa Macedo,VP of Purchasing,Machado do Campo,Brazil,Small Business,Transportation,2025-01-19,123143.57
LDCSU,Murphy-Woods,Ronnie Tran,Sales Representative,Port Kayla,USA,Small Business,Healthcare,2024-04-18,78351.26
GAQUC,Rosengren HB,Elisabeth Vestin,Sales Representative,Trelleborg,Sweden,Small Business,Retail,2024-08-03,187603.88
NFYMZ,Little LLC,Michael Byrd,Logistics Coordinator,Nancyborough,Canada,Corporate,Agriculture,2021-06-27,693976.78
RBPVV,Brown LLC,Steven Harris,Logistics Coordinator,Miguelfurt,USA,Small Business,Technology,2025-04-11,149769.88
ZOCRE,Aguirre Inc,Gonzalo Miranda,Sales Associate,Córdoba,Argentina,Wholesale,Food & Beverage,2022-02-07,410784.84
TWODM,Hiller Stiftung & Co. KGaA,Adelheid Adolph,VP of Purchasing,Wolfratshausen,Germany,Corporate,Hospitality,2023-07-03,857407.45
EBQSL,van Ghoerle NV,Angelina Jurrijens,Marketing Manager,Ingelum,Netherlands,Retail,Education,2023-10-21,156668.47
QIKXT,(주) 한강전자,황시우,Sales Associate,당진시,South Korea,Wholesale,Retail,2021-08-23,737358.54
UJWYT,Langern,Dr. Pasquale Rörricht,Sales Associate,Wolgast,Germany,Retail,Food & Beverage,2023-12-08,37524.66
ZJMYV,Metz AG & Co. OHG,Ella Schacht,Supply Chain Manager,Rockenhausen,Germany,Corporate,Education,2024-03-02,879437.18
UZXKG,Fischer,Belinda Segebahn,Supply Chain Manager,Tübingen,Germany,Small Business,Transportation,2019-06-18,205748.24
XWMCV,Raya y Montoya S.L.U.,Paula Pazos Verdugo,Marketing Manager,Navarra,Spain,Small Business,Manufacturing,2023-04-07,223548.36
ZQLIH,"Kohli, Sule and Bhavsar",Ekantika Guha,Accounting Manager,Raichur,India,Retail,Healthcare,2022-11-08,213654.26
UGAAL,"Bhakta, Sani and Tandon",Jai Naik,Marketing Manager,Rewa,India,Wholesale,Education,2018-01-06,631492.62
ANSYM,"Rodriguez, Roberts and Walker",Antonio Middleton,Owner,Nicholaston,Australia,Small Business,Construction,2018-05-08,216239.72
MQAHW,株式会社青木電気,近藤 美加子,Owner,江東区,Japan,Small Business,Education,2019-02-09,188156.26
BMDRP,Hnos Cano S.L.U.,Maricela Solís Calderon,Sales Representative,Las Palmas,Spain,Wholesale,Technology,2019-08-06,215591.87
ERTIQ,Smith-Marks,Cassandra Horton,Owner,New Jennifer,USA,Retail,Hospitality,2024-11-14,224280.68
YXIMX,Costela,Beatriz Mendonça,Procurement Specialist,Martins das Flores,Brazil,Wholesale,Agriculture,2019-01-06,229993.45
AEEIA,Navarro Fontaine S.A.,Marcelle Hoarau,Sales Representative,Sainte Lucie-sur-Mer,France,Small Business,Healthcare,2022-04-22,50027.17
DNBVX,Pergande Jessel GmbH & Co. KG,Svetlana Nette,Purchasing Manager,Hoyerswerda,Germany,Corporate,Retail,2021-02-19,290247.43
UOMTU,Cruz-Mcdonald,Brooke Valdez,Owner,South Christine,USA,Wholesale,Hospitality,2020-12-05,175991.5
TDNGN,Hallgren HB,Maj-Britt Danielsson,Order Administrator,Södertälje,Sweden,Wholesale,Manufacturing,2019-12-06,98825.68
SVMQB,"Hanson, Ewing and Perez",Brittney Townsend,Accounting Manager,Port Lisachester,USA,Wholesale,Education,2020-11-16,74115.48
PVFUM,Lachmann Junitz GmbH,Gotthilf Heintze,Logistics Coordinator,Görlitz,Germany,Small Business,Technology,2019-03-06,142630.07
PLNVF,(주) 하나,구수빈,Supply Chain Manager,연천군,South Korea,Retail,Education,2019-09-05,48651.01
BZJFV,Landry PLC,Susan Owens,Operations Manager,West Angelaland,USA,Corporate,Manufacturing,2019-10-19,837966.04
FFVQD,"Gonzalez, Romero and Martinez",Delfina Ramos Acosta,Order Administrator,Posadas,Argentina,Small Business,Hospitality,2023-09-04,144035.59
KHEHZ,유한회사 발해,전민수,Order Administrator,부천시 원미구,South Korea,Government,Healthcare,2020-05-12,259672.36
TIZZH,Williams Ltd,Miss Rachael Bailey,Sales Associate,New Karen,UK,Small Business,Hospitality,2018-04-09,95199.17
PZXJG,Wali-Tailor,Bimala Chanda,VP of Purchasing,Jhansi,India,Retail,Hospitality,2020-07-29,135856.89
PWUGR,"Willis, Monroe and Coffey",Jessica Thompson,Owner,Annaberg,Canada,Corporate,Food & Beverage,2024-07-20,317131.55
FVRNT,Logística del Noroeste S.A.,Miriam Exposito Nadal,Purchasing Manager,Asturias,Spain,Government,Technology,2020-09-29,107727.94
ASRMG,Mcbride-Lynn,Jillian Crane,Owner,Port Brendafort,USA,Wholesale,Healthcare,2024-07-29,586717.5
LJNMV,Pastor,Sr. Bernardo Cavalcanti,VP of Purchasing,Costa de da Mata,Brazil,Corporate,Food & Beverage,2023-09-26,751310.99
MNKLK,Daniel,Aimée de Ferrand,Owner,Briand-les-Bains,France,Small Business,Transportation,2018-11-03,52415.35
ONYFW,Butler-Davis,James Flores,Owner,Carrillobury,USA,Small Business,Food & Beverage,2019-02-18,27875.07
PEMBR,Ceravolo Group,Angelina Toninelli,Order Administrator,Romanoro,Italy,Corporate,Technology,2025-05-06,181678.21
NQUVK,Rodriguez PLC,Carol Le,Marketing Manager,New Angelaview,USA,Small Business,Agriculture,2018-04-30,233953.61
NQWOO,伊藤保険有限会社,岡田 涼平,Owner,中野区,Japan,Corporate,Technology,2021-11-11,860843.39
XBXMB,Faivre,Jeanne Petit de Dijoux,Logistics Coordinator,Sainte Denise,France,Retail,Education,2022-01-23,47105.27
JNAOB,Mendoza y Asociados,Sr(a). Patricio Casárez,Operations Manager,San Adriana de la Montaña,Mexico,Small Business,Retail,2019-08-16,159667.52
PUZLF,"Franco, Morgan and Johnson",Ashley Griffith,Owner,West Nicholasbury,USA,Small Business,Agriculture,2020-07-23,56971.33
AOWXG,Pastor,Ana Carolina Porto,Procurement Specialist,Caldeira,Brazil,Retail,Agriculture,2023-10-31,145511.21
UHYGG,Bakken BA,Prof. Roy Hauge,Order Administrator,Abrahamsen,Norway,Small Business,Transportation,2024-09-01,229416.59
KEFRN,Cruz-López,Marisol Pichardo,Owner,San Claudio los altos,Mexico,Small Business,Technology,2018-11-11,188185.12
BXPPQ,Stolze,Käthe Pruschke,Accounting Manager,Lichtenfels,Germany,Corporate,Food & Beverage,2023-10-29,554644.1
ASLEZ,Bryant LLC,Samantha Logan,Order Administrator,Brendamouth,Australia,Wholesale,Healthcare,2022-06-27,343141.0
TWNAZ,Price PLC,David Miller,Purchasing Manager,Juliestad,USA,Small Business,Education,2021-02-16,124219.75
CQLSH,Jepsen & Søn ApS,Fru Ronja Skov,Sales Representative,Ryomgård,Denmark,Retail,Hospitality,2021-09-05,210979.2
KDMPZ,Galarza-Altamirano,René Sofía Montaño Báez,Accounting Manager,San Eugenio los altos,Mexico,Corporate,Hospitality,2022-04-09,521941.53
LSBQQ,da Rocha,Beatriz Gonçalves,Sales Associate,Fogaça do Norte,Brazil,Small Business,Food & Beverage,2021-12-17,134329.86
XLHXG,Logística Falcón S.L.,Rodrigo Castejón Gonzalo,Owner,Lugo,Spain,Wholesale,Education,2025-06-19,345607.99
ZDPSN,Lawrence-Robinson,Duncan Cooper,Order Administrator,East Amyville,UK,Wholesale,Education,2024-09-09,482567.18
IWDIU,"Taylor, Evans and Bryant",Dr Duncan Smith,Sales Associate,Iqbaltown,UK,Small Business,Construction,2023-02-26,48770.62
ZEZKQ,"Gonzalez, Sanchez and Wilkerson",Daniel Nelson,Owner,Maryfort,Canada,Small Business,Food & Beverage,2021-11-10,29228.82
GFESY,Paiva,Mafalda Borges-Pinho,Procurement Specialist,Alcobaça,Portugal,Small Business,Agriculture,2021-04-01,133775.51
QUVRP,Loureiro,Nicole Costa,Sales Associate,Porto Santo,Portugal,Corporate,Education,2022-12-24,664554.11
QTEKL,"Perry, Thomas and Ellis",Brenda Perry,Purchasing Manager,North Linda,USA,Corporate,Education,2021-07-10,431371.91
QBXFQ,Adam Rivière S.A.S.,Thibault Le Maillot,Purchasing Manager,GuilbertVille,France,Wholesale,Construction,2019-03-17,141675.4
GJQAS,Shannon Inc,Jesse Miller,Sales Representative,South Davidport,USA,Wholesale,Technology,2020-09-20,649786.55
QAUBP,Björkman HB,Fredrik Johansson Olsson,Owner,Karlstad,Sweden,Small Business,Hospitality,2018-09-19,6556.94
LJRWI,"Campbell, Wright and Jones",Charlotte Allen,Accounting Manager,Port Allisonchester,Canada,Retail,Healthcare,2025-03-29,14492.26
XWWDT,"Walsh, Beasley and Henderson",Dr. John Brewer,Operations Manager,Port Brett,USA,Wholesale,Retail,2024-12-11,608185.99
QESIR,Stanley Inc,Juan Hicks,Supply Chain Manager,Lake Taylor,USA,Small Business,Transportation,2022-03-07,173197.01
BUFCZ,Alemán y Blazquez S.L.,José Tamarit Oliva,Order Administrator,Cantabria,Spain,Wholesale,Technology,2024-06-29,437923.98
TBNRT,"Randolph, Thomas and Nguyen",Teresa Anderson,Purchasing Manager,Davidfort,USA,Retail,Transportation,2021-07-29,27835.6
GQJYK,Club Reyes-Hernádez,Marisela Zeferino Mojica Arriaga,Sales Representative,Nueva Sudán del Sur,Mexico,Corporate,Transportation,2024-01-11,994250.54
GIOHR,盟新科技有限公司,苗红,Order Administrator,雪梅市,China,Corporate,Technology,2019-09-15,690018.98
BIFMM,商软冠联网络有限公司,吕小红,Accounting Manager,东市,China,Corporate,Technology,2023-09-06,64130.13
SWEVX,Pinto,Jeanne Tessier,Procurement Specialist,Valentin-la-Forêt,France,Small Business,Transportation,2021-05-08,89123.64
XMIYE,Brown-Reyes,Miranda Sanchez,Accounting Manager,New Matthew,Canada,Wholesale,Education,2018-12-25,664162.73
UNUXT,"Brown, Ewing and Peck",Brad Barnes,Owner,Vargasport,USA,Wholesale,Hospitality,2021-01-31,314540.54
SARQZ,Rasmussen-Kristensen RFH,Erik Martinsen-Thorsen,Supply Chain Manager,Engen,Norway,Retail,Transportation,2023-05-19,177702.35
UFUZP,"Bell, Wong and Taylor",Miss Frances Mills,Accounting Manager,Lake Gary,UK,Small Business,Transportation,2018-11-11,133698.52
XSTWB,Lauridsen & Søn ApS,Flemming Schou,Operations Manager,Brædstrup,Denmark,Retail,Retail,2018-08-28,69147.88
KHQDW,"Club Gallardo, Saldaña y Saavedra",Lic. Citlali Pacheco,Logistics Coordinator,Vieja Jordania,Mexico,Wholesale,Healthcare,2020-03-10,504584.85
OALXR,"Curtis, Shaw and Davies",Luke Walters,Purchasing Manager,Port Barry,UK,Corporate,Construction,2018-02-25,593690.47
HENPG,Almeida S/A,José Miguel Cavalcanti,Sales Associate,Rios das Pedras,Brazil,Small Business,Retail,2022-06-20,34669.95
LNYMU,Vidal,Aurélie Lebrun,Sales Representative,Bretonboeuf,France,Corporate,Construction,2018-10-22,117866.92
JOOJW,"Perkins, Carter and Armstrong",Dr Carol Donnelly,Procurement Specialist,Lake Denisetown,UK,Wholesale,Healthcare,2018-01-05,216761.85
XJDDU,Ribeiro,Mafalda Sá,Accounting Manager,Gafanha da Nazaré,Portugal,Corporate,Manufacturing,2020-01-17,311471.27
MAUKQ,"Thompson, Hodge and Yoder",William Schwartz,Purchasing Manager,Hendersonberg,Australia,Retail,Healthcare,2022-08-22,149775.69
HILTR,"Gonzalez, Williams and Mcknight",Caleb Marshall,Accounting Manager,Calebborough,Canada,Retail,Construction,2024-06-24,10034.7
ZSDNB,Leclerc,Isaac Grondin-Lesage,Purchasing Manager,Bessondan,France,Wholesale,Retail,2023-02-04,310251.09
CRCGT,Quiroz y Galindo S.A. de C.V.,Julia Israel Tapia,Procurement Specialist,San Irene de la Montaña,Mexico,Small Business,Healthcare,2019-07-21,192967.63
LMJAA,Aguirre-Luna,Lic. Rufino Caballero,Order Administrator,San Abel los bajos,Mexico,Retail,Food & Beverage,2024-11-02,161422.92
KFLEG,Sidler AG,Manuela Wyss Lanz,VP of Purchasing,Wald,Switzerland,Retail,Healthcare,2022-06-21,36850.47
DYMNG,Gray-Turner,Dr Sylvia Miller,Operations Manager,Elaineberg,UK,Corporate,Agriculture,2023-12-13,640436.28
WGPNM,"Bulzoni, Sauro e Casarin e figli",Gianmarco Pacetti-Pellico,Order Administrator,Albizzate,Italy,Corporate,Healthcare,2021-10-01,639300.78
VFOCN,Patton Ltd,Christian Sherman,Order Administrator,Conradshire,Canada,Corporate,Hospitality,2020-10-14,873047.42
OFNJZ,Promociones Moreno S.Coop.,Laura Gabaldón Montero,Supply Chain Manager,Lugo,Spain,Corporate,Retail,2025-04-07,429781.94
PCUJI,Reese Ltd,Mr. Danny Larson PhD,Logistics Coordinator,Adamschester,USA,Small Business,Retail,2023-08-13,123009.96
WOTMC,Akhtar Group,Danielle John,VP of Purchasing,Lake Carol,UK,Small Business,Healthcare,2023-01-09,52301.46
ZLYFU,Rodriguez PLC,Scott Rangel,Marketing Manager,Prestonport,USA,Small Business,Transportation,2019-12-01,85719.63
BVTWJ,Wiek,Klaus-Dieter Juncken,VP of Purchasing,Seelow,Germany,Corporate,Hospitality,2022-07-15,812496.63
UENHP,Persico-Pietrangeli e figli,Augusto Pertile,Supply Chain Manager,Tiolo,Italy,Small Business,Agriculture,2020-12-03,169229.67
WBADD,"Dalal, Bhagat and Parmer",Lopa Lad,Order Administrator,Amroha,India,Corporate,Food & Beverage,2021-10-29,880857.79
FPAXX,"Bertoli, Mantegna e Tasso SPA",Gastone Ortolani,Sales Associate,Laas,Italy,Retail,Healthcare,2024-07-19,46798.12
QXRSY,Souza,Isadora Pereira,Operations Manager,Fonseca da Serra,Brazil,Corporate,Technology,2021-08-14,785972.5
XRMFB,"Eaton, Cannon and Larson",Kimberly Alexander,Order Administrator,Terrymouth,USA,Corporate,Manufacturing,2020-09-13,771670.16
MWAIP,"Watkins, Klein and Johnson",Christopher Matthews,Logistics Coordinator,Lynchville,USA,Corporate,Manufacturing,2020-06-10,288541.05
VUPOR,"Dunn, Dickson and Everett",Matthew Berry,Order Administrator,Port Heather,Canada,Retail,Construction,2018-10-15,242943.4
QEGFH,Raman PLC,Urishilla Lala,Supply Chain Manager,Jaipur,India,Retail,Retail,2019-03-05,192894.4
RVLYR,Gay Thierry S.A.S.,Louise Sanchez-Alves,Sales Associate,LeducBourg,France,Small Business,Food & Beverage,2023-03-13,163528.91
RXECX,"Lawson, Jones and Adams",Maria Brown,Owner,Lauraland,USA,Retail,Hospitality,2021-07-18,164992.43
DAJCH,Knappe,Kristiane Schinke,Logistics Coordinator,Düren,Germany,Small Business,Technology,2019-08-26,238059.8
KKLJA,Ward-Anderson,Kristie Barnett,Purchasing Manager,Leeberg,USA,Wholesale,Food & Beverage,2023-10-03,544375.67
ZTAER,"Osborne, Reeves and Franklin",David Sampson,Order Administrator,Rosefort,USA,Small Business,Manufacturing,2018-10-12,118052.29
QUYJL,Gude,Romana Scheuermann,Marketing Manager,Hannover,Germany,Wholesale,Construction,2021-08-18,491091.0
HTILI,Bouchet Laine et Fils,Paul Da Costa du Baron,Owner,Lebrun,France,Wholesale,Retail,2018-04-03,199944.6
UXLSD,"Hernandez, Meyer and Garcia",Vincent Lutz,Logistics Coordinator,Jessicaton,USA,Small Business,Food & Beverage,2021-12-11,216634.54
VYIWX,Maidana Group,Lola Josefina Maidana Sosa,Marketing Manager,Constitución,Argentina,Wholesale,Food & Beverage,2023-08-08,258433.8
WEPYS,Choudhry-Arora,Advaith Chopra,Purchasing Manager,Kishanganj,India,Small Business,Technology,2024-10-11,41488.55
YUJJB,"Preston, Colon and Tucker",Vincent King MD,Purchasing Manager,South Amanda,USA,Retail,Food & Beverage,2023-10-14,110798.53
PFWLI,"Blevins, Bennett and Greer",Elizabeth Farmer,Owner,East Jesus,USA,Corporate,Hospitality,2024-02-15,487115.1
QRLLF,Perez-Silva,Sofia Jazmin Escobar,Supply Chain Manager,San Ferando del Valle de Catamarca,Argentina,Small Business,Manufacturing,2019-03-04,106040.09
YKBLQ,"Jordan, Stafford and Shaw",Angela Smith,Purchasing Manager,South Kelly,USA,Retail,Retail,2022-02-12,153246.13
FNTOI,Gross Hirt GmbH,Milo Felber,Operations Manager,Winterthur,Switzerland,Small Business,Construction,2020-03-04,137093.85
DULQZ,维涛科技有限公司,马丽娟,Logistics Coordinator,潮州县,China,Small Business,Technology,2019-03-25,249077.0
GNYGW,Dupuy SARL,Véronique-Stéphanie Huet,Owner,HoareauVille,France,Small Business,Transportation,2022-04-15,20876.63
MIZAV,"Hudson, Jackson and Jenkins",Beverley Myers,Marketing Manager,Stewartbury,UK,Retail,Healthcare,2020-11-30,99237.87
SCVJT,Ekman Johansson HB,Johan Gustafsson,Procurement Specialist,Alingsås,Sweden,Retail,Manufacturing,2024-07-14,9352.02
NYTKY,Wilson-Wilson,Kimberly Haley,VP of Purchasing,Susanfurt,USA,Wholesale,Hospitality,2018-06-26,489516.6
KIORE,Berger,Margaud-Édith Maillot,Marketing Manager,Deschampsdan,France,Government,Education,2021-07-28,1822005.24
GZCFW,Hellwig Mangold KGaA,Herr Christos Hartung,Supply Chain Manager,Osterburg,Germany,Corporate,Hospitality,2021-05-30,537024.55
GUUAX,Reyes-Briggs,Sylvia Miller,Supply Chain Manager,Riverafort,USA,Corporate,Technology,2022-06-11,746976.72
GUROI,"Powell, Simpson and Clarke",Hilary Thomas,Supply Chain Manager,North Brandonshire,UK,Wholesale,Construction,2018-02-03,209845.36
OXZSZ,Bell-Wilson,Frank Diaz,Supply Chain Manager,West Jessicaland,USA,Retail,Retail,2022-04-14,111333.67
PANZY,Sanchez-Lopez,Juan Ignacio Dominguez,Owner,Santiago del Estero,Argentina,Small Business,Agriculture,2021-07-08,22790.63
HWLQW,Hytönen Jokinen As Oy,Jorma Immonen,Sales Associate,Parkano,Finland,Corporate,Transportation,2022-08-04,771278.08
VHZKW,山本通信合同会社,木村 陽一,Owner,印旛郡印旛村,Japan,Small Business,Food & Beverage,2021-10-10,88860.11
ZOHRG,Peixoto - ME,Vinicius Mendonça,VP of Purchasing,Teixeira de Pires,Brazil,Small Business,Construction,2020-06-09,243867.56
MHAFF,Pollard-Taylor,Diana Fitzgerald,Order Administrator,South Diane,UK,Corporate,Agriculture,2019-11-09,871604.32
JOLUR,"Frederick, Bryant and Carpenter",Misty Dillon,Supply Chain Manager,Jenkinsshire,USA,Small Business,Transportation,2021-09-29,107739.5
CHZJN,Santacruz y Melgar S.A. de C.V.,Anabel Loya Ledesma,Marketing Manager,San Virginia de la Montaña,Mexico,Corporate,Education,2021-04-29,121519.15
CDWKF,Peixoto Guerra S.A.,Amanda Rodrigues,Supply Chain Manager,Almeida,Brazil,Wholesale,Retail,2024-12-17,346223.35
SMNPW,"Kashyap, Gopal and Divan",Ishani Divan,Sales Representative,Hazaribagh,India,Small Business,Retail,2019-03-10,62523.08
JJFHN,"Club Granados, Alemán y Mercado",Mtro. Yuridia Berríos,Sales Representative,San Luz los bajos,Mexico,Corporate,Agriculture,2018-11-28,651909.31
IWMPU,Ramos-Harris,Patricia Hardy,VP of Purchasing,Martinmouth,USA,Retail,Hospitality,2022-02-24,56626.66
XZUGX,Rios,Thiago Rios,Marketing Manager,Abreu do Amparo,Brazil,Small Business,Food & Beverage,2020-06-20,128538.86
MDIEI,Hubbard-Vazquez,Holly Harmon,VP of Purchasing,Christinefort,USA,Retail,Healthcare,2019-01-24,41065.78
SCFJT,"Robinson, Harvey and Watson",Natalie Beltran,Supply Chain Manager,Christopherborough,USA,Retail,Education,2024-05-21,236069.37
AFFAK,Obrien-West,Carl Rodriguez,Accounting Manager,Kelleyside,USA,Retail,Education,2021-05-16,193967.77
BXUEX,Clayton and Sons,Dr. Timothy Walker,Owner,East Keith,Australia,Small Business,Agriculture,2025-03-13,44012.82
JJLEE,Geißler,Annette Hauffer,Logistics Coordinator,Burglengenfeld,Germany,Wholesale,Food & Beverage,2021-08-05,580460.61
EQWYS,van Clootwijck Groep,"Matthias Bourgondië, van-van der Heijden",Sales Associate,Oostdijk,Netherlands,Corporate,Food & Beverage,2021-12-23,398830.74
VDDFS,Jesus - EI,Theodoro Costela,Purchasing Manager,Vasconcelos do Galho,Brazil,Retail,Transportation,2024-12-17,96452.52
CFDYT,Ramos-Gonzalez,George Gutierrez,Marketing Manager,Wellsstad,USA,Wholesale,Hospitality,2025-06-18,626337.67
YLYTW,Royal Willemsen,Olivia Peterse-Verboom,Procurement Specialist,Lobith,Netherlands,Small Business,Technology,2018-10-03,56828.28
GLPNA,Julien et Fils,Valérie Delmas,Owner,Monnier,France,Retail,Education,2025-04-28,65802.38
YOZUS,Williams-Murphy,Nicole Curtis,VP of Purchasing,North Courtneymouth,USA,Wholesale,Healthcare,2024-01-15,738727.31
KVLTV,Dow Benelux,Jens van Saksen-van de Coterlet,VP of Purchasing,Loerbeek,Netherlands,Small Business,Technology,2023-09-01,71108.16
CQYEE,Johnson-Parker,Ann Barber,Owner,North Mitchellland,UK,Small Business,Healthcare,2020-10-09,197306.89
VRUDO,Mitter-Konda,Nidra Raghavan,Logistics Coordinator,Nagaon,India,Small Business,Healthcare,2023-01-11,131862.66
OWJXL,Gosselin,Benjamin Le Goff,Supply Chain Manager,Lombard,France,Wholesale,Healthcare,2020-11-12,463779.19
BYRNN,Davis-Wong,Donald Alvarado,Sales Representative,Brandonton,USA,Small Business,Hospitality,2024-07-13,98377.78
NSASM,Driesen-Depuydt CommV,Carine Laureys,Order Administrator,Neeroeteren,Belgium,Wholesale,Hospitality,2024-07-20,568895.09
QQJPQ,"Dean, Johnson and Curtis",Richard Hanson,VP of Purchasing,Samuelstad,USA,Wholesale,Retail,2023-07-16,254084.39
PPBFE,"Holloway, Dougherty and Knapp",Matthew Clark,Procurement Specialist,South Kelly,USA,Small Business,Construction,2019-01-19,170402.45
RYXTN,Inversiones Parejo S.Com.,África Cabanillas,Sales Associate,Alicante,Spain,Wholesale,Agriculture,2021-12-05,74727.55
ACPEY,Overdijk & Westerbeek,Sebastiaan Spiker,Logistics Coordinator,Haler,Netherlands,Small Business,Healthcare,2019-12-15,196089.43
AQZRH,Schuster,Dipl.-Ing. Meike Hentschel,Accounting Manager,Bad Kreuznach,Germany,Corporate,Transportation,2023-06-21,177614.23
FLUSZ,Kelly-Vargas,Kimberly Nelson,Sales Associate,Simpsonburgh,USA,Corporate,Agriculture,2024-04-24,792271.57
YSBXB,Turner Ltd,Ashley Kim,Accounting Manager,Clarkfort,USA,Corporate,Manufacturing,2024-03-07,713507.08
PMZIU,"Mason, Wilson and Sanders",Joseph Hoffman,Procurement Specialist,North Jerry,USA,Wholesale,Manufacturing,2022-09-12,153017.98
OYBNT,Garcia,Bianca Rocha,Accounting Manager,Novaes,Brazil,Small Business,Construction,2018-09-20,27416.54
XCEKQ,Kristensen ApS,Iver Clausen-Christoffersen,Operations Manager,Hagersten,Denmark,Small Business,Food & Beverage,2020-10-08,58214.86
FDMCU,Rodriguez LLC,Brian Alexander,Owner,Fosterburgh,USA,Small Business,Healthcare,2023-11-24,217822.38
IOCCI,Didier,Marcelle-Victoire Guyot,Sales Representative,Morel,France,Corporate,Healthcare,2022-03-01,73090.75
JDLWC,"Elliott, Wagner and Bowers",Steven Pearson,Supply Chain Manager,Port Matthewfort,USA,Corporate,Construction,2018-09-15,376918.25
BZVLR,Johnson-Ramirez,Tony Miller,Sales Representative,Sethchester,USA,Wholesale,Hospitality,2020-06-30,188489.31
EFQBR,Koninklijke Grondel,Elise van Dijk,Owner,Kootwijkerbroek,Netherlands,Corporate,Construction,2020-02-17,670040.09
WVIBX,Rodrigues,Sarah Sousa,Accounting Manager,Peixoto,Brazil,Small Business,Technology,2024-10-07,25179.49
VAMDM,中島食品合同会社,渡辺 裕美子,Owner,横浜市西区,Japan,Small Business,Manufacturing,2024-08-15,94293.05
OOLVF,合同会社長谷川情報,渡辺 直人,VP of Purchasing,立川市,Japan,Retail,Education,2024-03-17,61029.13
JCKED,Ahonen Hyttinen Ky,Kati Miettinen,Purchasing Manager,Kauniainen,Finland,Corporate,Construction,2020-05-05,308500.6
MAXRV,Larsen og Sønner,Adrian Sørensen,Order Administrator,Hanssen,Norway,Corporate,Healthcare,2022-12-12,674650.15
KFWYV,Collins LLC,Stephanie Smith,Sales Representative,South Heather,USA,Corporate,Food & Beverage,2019-06-05,503870.91
VIQKI,Campbell LLC,James Hawkins,Marketing Manager,Port Shirley,USA,Small Business,Healthcare,2023-05-25,199862.48
ZYJHF,Clark LLC,Sharon Ward,Purchasing Manager,Port Alanstad,USA,Small Business,Agriculture,2020-01-18,9761.06
UHKRM,Harrell Ltd,Charles Olson,Owner,West Richardside,USA,Corporate,Manufacturing,2021-10-09,458998.39
DKAVA,Dixon LLC,Kelly Jackson,Supply Chain Manager,South Ericland,USA,Corporate,Education,2019-02-19,873885.17
SSYKT,Haering GmbH,Mustafa Spieß,VP of Purchasing,Staßfurt,Germany,Corporate,Hospitality,2022-08-20,526904.29
XAFAJ,Wagle-Cheema,Max Ray,Order Administrator,Kozhikode,India,Corporate,Agriculture,2021-05-20,570169.92
KAPWT,Moore Group,Jeremy Le,Owner,Cartermouth,Canada,Small Business,Education,2024-10-30,34396.16
PEVLQ,Pinheiro Lda.,Maria Melo,Owner,Odivelas,Portugal,Corporate,Hospitality,2022-05-17,891127.27
RRXQH,Industrias Longoria-Jasso,Ing. Eloisa Beltrán,Marketing Manager,Vieja Noruega,Mexico,Wholesale,Technology,2020-08-06,275688.09
TQVQU,Castro,Sra. Maria Luísa Montenegro,Sales Representative,Santos do Sul,Brazil,Corporate,Food & Beverage,2024-10-26,294236.84
OMXVJ,Hammerer Kucera OG,Mila Ritter,VP of Purchasing,Gallneukirchen,Austria,Small Business,Manufacturing,2018-03-28,124532.17
CHDZW,Ranganathan Inc,Hredhaan Sule,Operations Manager,Kavali,India,Corporate,Construction,2018-02-10,938826.31
IBHPJ,Hofmann AG,Ramona Stocker,Procurement Specialist,Gossau,Switzerland,Retail,Food & Beverage,2019-07-01,40561.1
ALPHF,"Flores, Kaufman and Pugh",Kayla Garcia,Order Administrator,Ramireztown,Canada,Small Business,Manufacturing,2019-03-08,38131.64
DGKCY,Dufour,Andrée Mathieu-Godard,Supply Chain Manager,Charrier,France,Corporate,Agriculture,2021-12-17,943391.27
BNGLH,"Rojas, Mendez and Marks",Andrea Gomez,Owner,New Timothy,USA,Corporate,Healthcare,2024-10-24,447425.35
CBLEJ,Neureuther Henschel GbR,Stefano Junck,Order Administrator,Aschaffenburg,Germany,Small Business,Healthcare,2023-01-19,166881.78
GCKZO,Smith-Fisher,Mike Gomez,Supply Chain Manager,Randyberg,USA,Small Business,Hospitality,2021-01-28,125487.68
AKZLA,"Coleman, Wilkins and Taylor",Martyn Dawson,Procurement Specialist,East Tom,UK,Corporate,Retail,2018-10-14,576024.05
PFWTQ,Launay Clerc SA,Jean Bertrand-Legros,Purchasing Manager,François,France,Corporate,Agriculture,2018-06-15,205452.65
QZLCV,Johnson-Morris,Louis Perkins,Sales Associate,South Derekhaven,Canada,Corporate,Manufacturing,2018-06-25,734810.01
ZJMVJ,"Franco, Suarez and Sosa",Julia Ramirez,Order Administrator,Formosa,Argentina,Retail,Agriculture,2018-05-16,69063.43
TCWXH,"Stevens, Fisher and Carter",Tom Begum,Supply Chain Manager,West Lukemouth,UK,Small Business,Retail,2025-02-23,92264.63
WPELA,Aegon,Luuk van Heusden,Procurement Specialist,Buurmalsen,Netherlands,Small Business,Education,2024-12-02,192353.94
GRDRD,Lane and Sons,Lindsey Finley,Marketing Manager,North Matthewfurt,USA,Corporate,Agriculture,2019-04-30,773171.09
ONZWO,Jones Ltd,Gail Hudson,Procurement Specialist,Hussainmouth,UK,Corporate,Education,2024-09-09,226392.54
VUWWI,Ljungberg Nilsson AB,Elin Johansson,Owner,Luleå,Sweden,Retail,Transportation,2025-01-14,58731.88
RFBON,Carlson and Sons,Kenneth Lambert,Owner,Port Mark,USA,Corporate,Technology,2018-04-12,655479.3
KDRBW,Allain,Robert Pottier-Collet,Purchasing Manager,Piresboeuf,France,Wholesale,Education,2020-03-09,34208.89
CLPZH,Guillou S.A.S.,Marcelle Alves,Accounting Manager,Royer-sur-De Sousa,France,Small Business,Manufacturing,2022-02-03,11002.24
YZXGL,Mülichen KGaA,Univ.Prof. Franz Josef Weller,Sales Associate,Fürstenfeldbruck,Germany,Small Business,Agriculture,2020-12-30,162661.51
UYIUK,"Houston, Allen and Kirby",Mark Diaz,Sales Associate,West Mariemouth,USA,Small Business,Construction,2022-01-29,229100.59
OEKEM,"Vasquez, Williams and Baxter",Mr. Andre Carpenter DDS,Sales Representative,South Kristineville,Canada,Retail,Healthcare,2022-09-21,124811.71
RQCRB,Leon LLC,Michelle Smith MD,Sales Associate,North Linda,USA,Small Business,Education,2020-10-22,172393.09
YGRIA,Neirynck-De Witte NV,Guy Beeckman,Operations Manager,Wachtebeke,Belgium,Small Business,Healthcare,2023-01-28,41826.72
NKSCQ,Murphy Inc,Jessica Andersen,Sales Associate,Brownshire,Canada,Corporate,Education,2019-07-21,819832.28
PMARE,Paul-Anderson,Ryan Perez,Marketing Manager,South Codyton,Canada,Small Business,Healthcare,2024-10-10,113151.96
FGBFB,Lee Inc,Brady Cole,Accounting Manager,Leslieview,Australia,Corporate,Hospitality,2018-05-07,229020.11
MDLOK,Lindholm HB,Kerstin Lindgren,Purchasing Manager,Stockholm,Sweden,Corporate,Manufacturing,2024-04-22,488203.02
ELGOX,Fundacja Miros,pan Alex Gabara,Marketing Manager,Słupsk,Poland,Wholesale,Manufacturing,2024-01-06,112755.47
IJYWL,Promociones del Levante S.A.,Dafne Pardo Espada,Marketing Manager,Baleares,Spain,Corporate,Hospitality,2019-10-19,789517.87
IEKMS,Gérard et Fils,Rémy Boulay,Owner,VoisinBourg,France,Small Business,Agriculture,2018-05-29,222562.63
OBHRM,Rose-Davison,Stephanie Jackson,Logistics Coordinator,West Katie,UK,Retail,Hospitality,2021-04-20,104127.22
ANBRY,(주) 코어백제그룹,김성진,Purchasing Manager,이천시,South Korea,Small Business,Construction,2018-12-18,14248.06
DHKSO,Hermansen & Berg ApS,Prof. Christine Nørgaard,Sales Representative,Nysted,Denmark,Small Business,Transportation,2021-12-13,55280.23
AYOFV,有限会社長谷川情報,鈴木 和也,Marketing Manager,港区,Japan,Corporate,Construction,2024-06-27,235389.41
CLDDT,Davis LLC,Dennis Moore,Procurement Specialist,Virginiaport,USA,Wholesale,Food & Beverage,2025-03-29,246508.4
FUQUF,Robinson-Herman,Jill Leblanc,Supply Chain Manager,Huangview,USA,Corporate,Hospitality,2018-09-10,431748.98
GEMOZ,Normand S.A.R.L.,Margot Ruiz,Procurement Specialist,Bègue,France,Wholesale,Healthcare,2018-05-27,661397.39
MDSQV,Fundacja Gal,Eryk Litwińczuk,Procurement Specialist,Kraków,Poland,Corporate,Hospitality,2024-09-09,395589.76
RERNA,(주) 월드,백영길,Sales Representative,의정부시,South Korea,Corporate,Technology,2018-10-13,512348.2
QGIXM,Beier,Berndt Steinberg,Procurement Specialist,Merseburg,Germany,Small Business,Food & Beverage,2019-08-07,42862.42
PAEXR,Robin Chartier S.A.S.,Michel Goncalves,Procurement Specialist,Saint Timothée,France,Small Business,Food & Beverage,2021-07-10,87933.31
PKNEN,Howard-Roberson,Andre Hudson,Marketing Manager,Kellyberg,USA,Small Business,Healthcare,2023-11-08,152425.64
XOYZU,Santos - ME,Clarice da Rocha,Sales Representative,Campos,Brazil,Retail,Retail,2021-02-26,197851.06
NHOGI,"Grupo Juárez, de León y Madrigal",Carlos Hernandes Rojas,Sales Associate,San Guillermo los altos,Mexico,Small Business,Retail,2020-12-19,64528.14
ELQVK,Fleischmann Hofinger KG,Carlo Hammer,VP of Purchasing,Trofaiach,Austria,Corporate,Technology,2021-03-10,809781.8
UTGBS,"Grupo Benavides, Bétancourt y Pichardo",Mtro. Leonor Baca,Operations Manager,Vieja Brasil,Mexico,Small Business,Hospitality,2022-09-15,171397.24
MZHZW,Osborne-Smith,Phillip Dickinson-Kennedy,Procurement Specialist,Hussainview,UK,Retail,Food & Beverage,2020-06-07,67554.2
ZXEZF,Dippel GmbH & Co. KG,Leyla Zorbach,Sales Associate,Amberg,Germany,Corporate,Agriculture,2021-03-23,474113.27
KFLQO,Imbert,Bernard Pereira de la Ollivier,Logistics Coordinator,Saint Lucy-la-Forêt,France,Corporate,Healthcare,2022-10-20,812835.1
LZAKT,"Dyer, Allen and Garcia",Theresa Daniels,Supply Chain Manager,Lake Timothychester,USA,Retail,Education,2022-04-28,161952.4
KOPLU,山田電気株式会社,井上 康弘,Accounting Manager,昭島市,Japan,Corporate,Technology,2019-09-15,613980.35
FXKSR,Hill Ltd,Madison Rasmussen,Operations Manager,Tracyfort,USA,Wholesale,Education,2019-10-21,326952.18
WHFMM,Park-Watson,Marissa Franklin,Operations Manager,South Katherine,USA,Retail,Education,2021-07-31,142900.33
HIGBZ,合同会社吉田保険,高橋 春香,Procurement Specialist,横浜市金沢区,Japan,Retail,Healthcare,2019-10-23,112753.85
WXEQZ,"Mann, Campbell and Roberts",Mrs Pamela Robinson,Owner,South Jack,UK,Corporate,Manufacturing,2018-08-15,303630.03
JWMBD,"Wilson, Murphy and Sanders",Jo Newman,Operations Manager,Garytown,USA,Wholesale,Retail,2020-06-15,472940.41
POBKC,"Nolcini, Balbo e Nicoletti s.r.l.",Daria Tebaldi,Owner,Montioni,Italy,Retail,Transportation,2021-12-23,181588.28
EHFUZ,Blair-Myers,Jennifer Harris,Logistics Coordinator,West Chase,USA,Retail,Manufacturing,2025-01-16,57398.36
QLXOA,Davis LLC,Amanda Vaughn,Logistics Coordinator,Thompsonfort,USA,Small Business,Education,2021-11-04,215352.94
KWPPX,"Johnson, Rowland and Shea",Amy Shaw,Owner,North Kathleen,USA,Retail,Agriculture,2019-02-15,55709.67
RGQAR,"Casagrande, Sbarbaro e Montanelli e figli",Cristina Curci,Order Administrator,Camnago Volta,Italy,Small Business,Retail,2019-10-23,92946.6
XKLJM,Lopez Group,Mr. Aaron Vaughn,Procurement Specialist,New Melissa,USA,Small Business,Retail,2025-01-24,141034.8
RRRTU,Farkas Lampert AG,Dipl.-Ing. Clarissa Hermann,Sales Associate,Gänserndorf,Austria,Corporate,Education,2020-02-04,991195.61
NQYHB,Mahe Guibert et Fils,Élisabeth Meunier,Sales Associate,Gomes,France,Corporate,Food & Beverage,2022-11-16,759049.72
VKZRB,Kidawa-Kołsut i syn s.c.,Grzegorz Doroba,Order Administrator,Tychy,Poland,Corporate,Hospitality,2023-01-25,468479.98
UEHJP,Ullmann Flantz AG,Concetta Beer,Logistics Coordinator,Sangerhausen,Germany,Small Business,Agriculture,2019-10-15,25732.33
TXVWZ,Green-Wood,Ana Fletcher,Order Administrator,Douglaston,USA,Small Business,Education,2025-04-29,69400.03
JEUEA,"Moneta, Zito e Ciampi Group",Adamo Ortolani,Marketing Manager,Cairo Montenotte,Italy,Corporate,Agriculture,2023-03-02,569222.9
ISYPJ,Ana Belén Goicoechea Prats S.Com.,Jose Ignacio Galvez Seguí,Owner,Lleida,Spain,Small Business,Hospitality,2019-02-12,130903.91
NACQF,"Chaudhary, Sami and Bora",Manthan Chada,Marketing Manager,Pondicherry,India,Retail,Agriculture,2018-10-11,114003.55
DTDOG,"Gregory, Ford and Lynch",Michelle Day,Operations Manager,Roystad,UK,Small Business,Retail,2025-01-31,43750.57
PWPRH,"Williams, Oneill and Sullivan",Tina Collier,Purchasing Manager,Jenniferville,Australia,Government,Hospitality,2019-04-12,1603052.42
WIVPP,West and Sons,Pauline Davis,Owner,New Pamelabury,UK,Small Business,Education,2021-12-04,103263.44
WODGJ,Sgarbi-Bianchi Group,Coluccio Grasso,Marketing Manager,Rimoldo,Italy,Retail,Education,2018-02-02,114452.61
FSQJZ,Novais,Stella Costela,Owner,Pinto de Cavalcante,Brazil,Corporate,Healthcare,2018-12-06,428988.85
YZPUR,Lamy et Fils,Éléonore Joly-Mallet,VP of Purchasing,Saint Laure,France,Corporate,Retail,2025-06-17,733537.6
WJFCK,"Clark, Jones and Rodriguez",Timothy Kirby,Order Administrator,Josephside,USA,Small Business,Transportation,2022-03-11,147742.15
DVHGA,Fernandez and Sons,Donald Santos,Sales Representative,New David,USA,Small Business,Construction,2019-09-04,221433.33
HOTDV,Williams Ltd,Carly Phillips-Thompson,Operations Manager,Terryport,UK,Small Business,Manufacturing,2018-03-27,239210.42
KMTNV,Khan-Smith,David Kelly,Supply Chain Manager,Port James,USA,Retail,Technology,2019-12-24,152618.3
TNGXZ,"Garcia, Martinez and Dixon",Roberta Cunningham,Accounting Manager,New Victoria,USA,Corporate,Healthcare,2018-06-08,357374.5
SQPRU,Daniel PLC,John Hester,Accounting Manager,West Zachary,USA,Small Business,Retail,2023-07-09,117220.17
JHSMK,Barthelemy Muller SARL,Lucie Roussel,Owner,Huet,France,Small Business,Manufacturing,2019-08-16,117716.39
OHBIC,Ramírez y Asociados,Juana Partida Peña,Supply Chain Manager,San Anel los altos,Mexico,Corporate,Hospitality,2024-09-02,934999.7
ALEOW,Kühnert,Ralph Heintze B.Sc.,Marketing Manager,Rochlitz,Germany,Small Business,Agriculture,2023-11-29,237661.97
CXOQN,Higgins Ltd,Brian Mccarty,Operations Manager,Matthewbury,Canada,Small Business,Transportation,2018-03-11,92765.99
ORFUQ,Henry Ltd,Connor Jennings,Order Administrator,South Trevor,USA,Small Business,Transportation,2018-07-31,210193.33
ZMUUV,Albrecht Wirz GmbH,Nora Sidler-Stalder,Marketing Manager,Amriswil,Switzerland,Corporate,Transportation,2021-02-07,788821.45
KKTTW,"Carpenter, Koch and Kemp",Thomas Holmes,Sales Associate,South Douglasville,USA,Corporate,Healthcare,2020-12-06,805754.31
KUDAF,Sen-Misra,Chanchal Sankar,Logistics Coordinator,Morena,India,Wholesale,Retail,2019-10-30,244708.52
NHPKJ,Montesinos & Asociados S.L.,Silvia Cañizares Amador,Accounting Manager,Teruel,Spain,Small Business,Transportation,2024-09-04,12427.21
KGYGG,Gough-Singh,Elliott Baldwin,Supply Chain Manager,Port Barbaraburgh,UK,Small Business,Manufacturing,2024-10-17,30280.41
MEXQW,"Chandler, Howell and Woods",Tracy Johnson,Logistics Coordinator,West Heather,USA,Corporate,Agriculture,2023-04-05,634955.78
XEAAR,(주) 제나자동차,송현숙,Sales Representative,시흥시,South Korea,Wholesale,Education,2020-01-31,203419.07
AQKLK,Junken Tlustek GmbH & Co. KG,Samuel Vollbrecht,Owner,Grimma,Germany,Corporate,Hospitality,2020-03-16,621054.03
EUIUA,Bosch & Tins,Anne Wolzak,Accounting Manager,Chaam,Netherlands,Retail,Hospitality,2025-04-19,232323.75
IRSDL,Melgar-Perea S.C.,Abril Ramón Delgado Arriaga,Sales Associate,Vieja Sri Lanka,Mexico,Retail,Hospitality,2021-09-26,164655.18
LXYOW,Guzman-Carlson,Tim Johnson,Marketing Manager,West Michelle,USA,Corporate,Education,2018-08-03,464095.02
IECGU,Sosa Ltd,Sr(a). Francesca Suarez,Operations Manager,Neuquén,Argentina,Small Business,Technology,2018-07-17,25573.67
SYWVX,Koninklijke van Doorn,Guusje van den Eerenbeemt,Order Administrator,Koedijk,Netherlands,Corporate,Technology,2018-01-16,317274.84
CHQYZ,Smith LLC,Edward Gutierrez,Marketing Manager,Johnathanmouth,USA,Government,Technology,2020-11-19,800343.59
GZJXJ,Phillips PLC,Heather Ward,Sales Associate,West Victoriaside,USA,Wholesale,Retail,2022-05-10,618200.03
FTHZL,Lombardo s.r.l.,Chiara Mercadante,Sales Representative,Valsamoggia,Italy,Small Business,Manufacturing,2021-03-01,170342.19
PVNEZ,Burch PLC,John Rivera,Supply Chain Manager,North Vanessaville,USA,Corporate,Manufacturing,2019-04-13,695665.32
ZIVGE,Restauración JID S.L.,Marcia Murcia Alsina,VP of Purchasing,Ciudad,Spain,Wholesale,Technology,2018-10-25,115894.63
RKTAS,Matos S/A,Erika Assunção,Procurement Specialist,Mirandela,Portugal,Corporate,Healthcare,2021-08-09,793062.33
HSUWG,McKeever-Ginevan,Mrs. Maura Cannon,Accounting Manager,Hayden Ville,Ireland,Wholesale,Transportation,2018-11-29,512678.68
NTASN,Morales-Brown,Victor Garcia,Sales Representative,Samanthaview,Canada,Government,Food & Beverage,2020-11-05,1540603.16
IHSCB,"Leyva, Navarrete y Santiago",Dr. Fidel Manzanares,Supply Chain Manager,Nueva Dominicana,Mexico,Corporate,Technology,2021-10-23,153217.11
UJPFL,Delacruz and Sons,Mackenzie Nelson,Order Administrator,Katrinaburgh,Canada,Corporate,Food & Beverage,2023-11-08,270432.97
HIZPG,Morris-Duncan,Jordan Edwards,Sales Representative,Cliffordhaven,UK,Small Business,Education,2024-10-25,67272.94
PEXTC,"Riddle, Smith and Smith",Janice Rosales,Order Administrator,Pennybury,USA,Retail,Food & Beverage,2024-08-10,239180.23
GWIEA,Ramos Souza Ltda.,Sarah Monteiro,Owner,Ramos,Brazil,Corporate,Manufacturing,2025-03-05,652317.81
FEQWD,Sridhar Group,Omya Kumar,Order Administrator,Tiruppur,India,Government,Education,2021-05-24,1443033.12
SJDNP,Helland AS,Johan Isaksen,Order Administrator,Karenbø,Norway,Small Business,Education,2024-05-29,184642.64
RVVPP,Rivière,Charlotte Tanguy,Accounting Manager,Cohen-sur-Schneider,France,Corporate,Food & Beverage,2021-04-23,599435.02
ZNJLL,Williams-Garner,Mrs Rita Morrison,Sales Representative,New Karlstad,UK,Wholesale,Agriculture,2019-03-24,706673.97
WIEWN,Martinez-Ray,Christine West,Supply Chain Manager,Brucetown,USA,Small Business,Healthcare,2021-12-24,7968.69
OOVQP,Johansson Salomonsson HB,Bertil Lundberg Rehn,VP of Purchasing,Borås,Sweden,Small Business,Technology,2023-12-21,190188.69
TVTIK,"Rubio, Arredondo y Madrigal",Marisela Mateo Rosales Carranza,VP of Purchasing,San Aldo los bajos,Mexico,Small Business,Technology,2024-01-13,161880.9
FECNQ,Duffy-Brown,Whitney Brady,Operations Manager,West Miguelport,USA,Small Business,Transportation,2019-12-02,206521.09
PWRAI,Johnson-Rivas,Lisa Medina,VP of Purchasing,Burnettberg,USA,Retail,Food & Beverage,2020-10-10,66760.37
PBMHP,"Gagliano, Storladi e Guicciardini Group",Sig.ra Laura Morandini,VP of Purchasing,Uttenheim,Italy,Small Business,Manufacturing,2023-04-26,230300.6
ZEEDQ,"Kennedy, Dunlap and Ayers",Christine Clayton,Accounting Manager,Teresatown,USA,Wholesale,Manufacturing,2023-04-24,34447.26
QOCOQ,Michel,Marianne-Gabrielle Valette,VP of Purchasing,Sainte Isaac,France,Corporate,Hospitality,2021-07-11,221830.61
TMERQ,"Singhal, De and Wable",Vaishnavi Ramachandran,Logistics Coordinator,Guna,India,Small Business,Manufacturing,2024-08-07,232313.83
CQZKK,(주) 한가람인포시스템,문지민,Operations Manager,홍성군,South Korea,Corporate,Food & Beverage,2025-05-13,514278.25
JLKDS,Almeida,Nicolas Lima,Owner,Viana,Brazil,Small Business,Hospitality,2022-10-08,238656.33
TFQBK,유한회사 푸른백제솔루션,윤지영,VP of Purchasing,하남시,South Korea,Retail,Healthcare,2019-06-22,48726.01
ZYBYH,Parker-Hunt,Joe Roberts,Logistics Coordinator,Evansfort,UK,Small Business,Technology,2021-09-18,179278.79
YOAHO,Davies-Smith,Grace Whitehouse-Turner,VP of Purchasing,New Nathanfurt,UK,Corporate,Technology,2019-06-13,516198.51
WHVGH,"Patterson, Cook and Bond",Rebekah Cooper,Purchasing Manager,West Barry,USA,Corporate,Food & Beverage,2020-11-28,801191.41
LQMLN,Bailey PLC,Antonio Weber,Supply Chain Manager,East Brian,USA,Corporate,Manufacturing,2023-01-08,166136.34
BEPNG,Warren and Sons,Samuel Parker,Supply Chain Manager,East Jasonfort,USA,Wholesale,Agriculture,2020-03-31,546995.72
RLTTH,Guerra Group,Michelle Chang,VP of Purchasing,Cindyville,Australia,Retail,Technology,2022-02-20,186348.72
JTLAF,Sampaio - ME,Maria Pimenta,Logistics Coordinator,Campos,Brazil,Corporate,Transportation,2022-10-31,877150.01
PSHMP,Allen LLC,Miss Nicola Smith,Purchasing Manager,New Deanside,UK,Wholesale,Food & Beverage,2021-06-18,618296.28
SPQTY,"Chandra, Lall and Saran",Ikshita Char,Procurement Specialist,Ulhasnagar,India,Corporate,Technology,2018-03-17,348764.01
BAIFG,Mckenzie PLC,Nicole Brown,Marketing Manager,Carriefurt,USA,Corporate,Construction,2025-05-16,826935.77
UWAEY,"Reynolds, Riley and Moore",Tammy Wilcox,Operations Manager,Lake Timothy,USA,Small Business,Manufacturing,2024-08-07,114434.37
SQUUC,"Reese, Bright and Tanner",Elizabeth Allen,Sales Associate,Allenside,USA,Corporate,Retail,2022-09-21,374423.85
WDZFF,Brown-Sanchez,Monique Sawyer,Order Administrator,Tylerland,USA,Small Business,Hospitality,2025-06-17,121301.52
ZYRWO,Saarinen Kurki Oy,Tiina Koistinen,Owner,Karvia,Finland,Wholesale,Manufacturing,2021-03-07,426207.56
VZAXN,Rauch & Forster GmbH,Leni Scharinger-Staudinger,Sales Associate,Wien,Austria,Retail,Hospitality,2021-06-29,31292.0
NHSGK,Shenoy-Sura,Yashvi Vyas,Order Administrator,Hindupur,India,Government,Transportation,2018-08-05,1852925.44
CLSNA,Wyatt Group,Jonathan Castillo,Procurement Specialist,Kramerfurt,USA,Retail,Transportation,2024-11-21,249813.85
ZXDIY,(주) 발해개발공사,한준혁,Operations Manager,안산시,South Korea,Corporate,Transportation,2022-06-22,158818.64
TYNNL,"Krueger, James and White",Ariel Stewart,Sales Associate,North Elizabeth,USA,Retail,Manufacturing,2018-05-18,29708.22
GWVLO,Renault SA,Auguste-Aimé Jacques,Marketing Manager,Saint Grégoire-la-Forêt,France,Small Business,Manufacturing,2019-11-14,244366.31
ILJPO,"Smith, George and Bennett",Miss Beverley Hill,Logistics Coordinator,West Jasminefurt,UK,Small Business,Transportation,2019-08-31,203754.26
VJKXA,Stewart-Miller,Daniel Brown,Logistics Coordinator,North Nicolemouth,USA,Corporate,Healthcare,2021-10-31,673757.8
AGSWJ,Foster-Bridges,Anna Robinson,VP of Purchasing,North Jenniferland,Australia,Retail,Transportation,2025-05-25,200025.34
JZCPJ,Leonardo Farré Briones S.L.N.E,Fernanda Ribera Amorós,VP of Purchasing,Ceuta,Spain,Small Business,Healthcare,2018-01-19,39504.22
HXDSK,Thornton Ltd,Dr. Jill Chavez MD,Logistics Coordinator,Shepherdton,USA,Corporate,Construction,2018-08-17,977832.96
RWFUU,Gibson LLC,Graham Ali,Purchasing Manager,Port Lynnburgh,UK,Small Business,Construction,2024-11-21,172454.02
ULOTC,天开科技有限公司,赵利,Logistics Coordinator,颖县,China,Government,Technology,2024-05-05,855450.0
UFZOB,"Padrón, Avilés y de la Torre",Arturo Genaro Haro Mondragón,Purchasing Manager,Vieja Namibia,Mexico,Small Business,Healthcare,2018-08-17,69449.36
VFGLB,"Dawson, Johnson and Hartman",Gina Miller,Procurement Specialist,Julieland,USA,Small Business,Construction,2023-04-22,159103.98
XHDXG,"Narang, Ray and Bhardwaj",Vasatika Ravi,Logistics Coordinator,Panipat,India,Small Business,Technology,2023-12-21,40340.19
MHAKM,Spadafora-Romano s.r.l.,Marcantonio Guariento,Sales Representative,Montale,Italy,Small Business,Healthcare,2024-04-25,39314.46
SNASQ,Garcia,Liam Melo,Supply Chain Manager,Albuquerque Paulista,Brazil,Wholesale,Hospitality,2019-04-08,329952.94
SBIGU,Morales-Green,Kevin Baker,Sales Associate,Shermanfort,USA,Corporate,Transportation,2020-07-12,910490.13
WENDT,Hobbs-Rodgers,Richard Rodriguez,Procurement Specialist,West Annaville,USA,Retail,Technology,2020-11-13,245786.83
AUQZT,Oconnell-Smith,Jonathan Floyd,Accounting Manager,Michaelfort,USA,Retail,Transportation,2018-04-26,109204.76
WDKPN,Morales Ltd,Sarah Nguyen,Order Administrator,New Josephport,Australia,Retail,Hospitality,2018-09-08,105994.73
MBCJR,Escobar-Ramirez,William Green,VP of Purchasing,Lake Richard,USA,Small Business,Education,2023-12-05,68834.89
SVAAU,Laporte S.A.S.,Jérôme Bertrand,Operations Manager,Sainte ThérèseBourg,France,Corporate,Education,2019-09-15,723764.74
MKNNC,Krogh & Søn ApS,Dr. Jonas Krogh,Procurement Specialist,Tarm,Denmark,Government,Hospitality,2018-04-28,439720.86
MUFPO,Hermighausen AG,Univ.Prof. Kunigunda Stadelmann,VP of Purchasing,Haldensleben,Germany,Retail,Retail,2019-02-15,230440.65
HYTNK,Martin GmbH,Heinz-Peter Söding,Owner,Bad Liebenwerda,Germany,Government,Education,2021-03-20,1633158.85
MSJKU,Poole and Sons,Miss Carly Jones,Purchasing Manager,New Naomi,UK,Corporate,Construction,2023-11-24,672996.88
CRMFQ,Jenkins-Garcia,David Glenn,VP of Purchasing,West Benjaminfort,USA,Retail,Retail,2021-03-29,207936.99
QYIGO,Lagarde S.A.R.L.,Cécile Lacombe,Logistics Coordinator,RobertVille,France,Corporate,Hospitality,2024-09-26,177935.18
DLMCI,Lenoir,Emmanuel-Philippe Jacquet,VP of Purchasing,Étienne,France,Small Business,Education,2021-06-03,52685.68
APRHM,Pereyra Group,Jazmin Gonzalez,Accounting Manager,Santa Rosa,Argentina,Corporate,Agriculture,2021-08-28,51892.1
UZTPE,"Davis, Barber and Yates",Peter Evans,Supply Chain Manager,West Jamieshire,USA,Small Business,Technology,2023-12-18,69049.07
QKOHE,Cox Group,Nichole Dean,Supply Chain Manager,East Roberto,USA,Corporate,Technology,2024-03-18,289238.61
KILDA,Glover-Brown,Laura Jackson,Sales Representative,West Brittanyview,USA,Corporate,Technology,2024-01-21,354234.39
KZOJO,"Marshall, Humphrey and Myers",Kim Valencia,VP of Purchasing,North Gregoryburgh,USA,Retail,Agriculture,2020-07-25,193259.28
AGAYL,Dumont,René Fabre,Sales Representative,PereiraVille,France,Small Business,Technology,2024-06-10,216990.35
QURQB,"Johnson, Howard and Colon",Benjamin Powell,Marketing Manager,North Jill,Australia,Corporate,Hospitality,2020-12-25,108343.43
BTOEE,Johansson AB,Tobias Lindvall,Logistics Coordinator,Sundsvall,Sweden,Small Business,Technology,2018-12-04,236466.46
CGJZB,Kostolzin Weller AG,Univ.Prof. Henrike Flantz,Supply Chain Manager,Ingolstadt,Germany,Retail,Food & Beverage,2022-01-22,114108.5
RDTQE,Blanco-Cardozo,Ian Rodriguez,Logistics Coordinator,Río Gallegos,Argentina,Small Business,Retail,2020-09-11,167240.01
ITGPS,Peukert Neuschäfer AG & Co. OHG,Rouven Bolander-Schönland,Sales Associate,Eisenhüttenstadt,Germany,Corporate,Construction,2020-06-11,782790.65
OQHIP,"Corporacin Arredondo, Ulloa y Almonte",Sessa Jasso,Owner,Vieja República de Macedonia del Norte,Mexico,Small Business,Healthcare,2024-01-01,235335.75
WNLZX,Haase Seip KG,Frau Rosita Reising B.A.,VP of Purchasing,Cloppenburg,Germany,Corporate,Technology,2023-08-28,672054.9
VCLRA,Acuña S.C.,Irene Tirado,Order Administrator,San Noelia los bajos,Mexico,Retail,Agriculture,2025-06-08,124621.19
SDKHP,York PLC,Alexander Smith,VP of Purchasing,Brownmouth,USA,Wholesale,Construction,2024-04-08,240800.67
OQEBM,Liebelt,Nils Reinhardt,Procurement Specialist,Bad Kissingen,Germany,Small Business,Hospitality,2020-11-16,72335.44
XCBYY,Sandberg & Mohamud HB,Magnus Adolfsson,Operations Manager,Karlskrona,Sweden,Small Business,Agriculture,2024-08-15,73492.86
HTHGV,Medici e figli,Giuseppe Segni,Supply Chain Manager,Madonna Di Pugliano,Italy,Retail,Technology,2018-12-13,50043.0
NKTVZ,易动力传媒有限公司,刘林,Operations Manager,北京市,China,Government,Food & Beverage,2020-05-27,1673642.76
RJUCX,Campos - EI,Lunna Mendonça,Accounting Manager,da Rosa do Amparo,Brazil,Retail,Education,2019-07-29,114359.05
RQIZX,合同会社渡辺ガス,佐藤 さゆり,Order Administrator,青梅市,Japan,Retail,Technology,2019-03-27,127553.46
OLPAC,後藤ガス株式会社,山本 さゆり,Logistics Coordinator,我孫子市,Japan,Government,Hospitality,2020-10-10,342656.02
WHEQZ,Hayden LLC,Ryan Villanueva,Accounting Manager,East Markview,USA,Wholesale,Food & Beverage,2021-07-05,28384.87
IOBXL,Stolz KG,Raffaela Mark,Sales Representative,Amstetten,Austria,Small Business,Manufacturing,2023-05-24,196369.88
YVMME,Clark PLC,Barbara Schmidt,Accounting Manager,Christophertown,USA,Small Business,Transportation,2020-09-09,75767.06
YYYNI,Hoffmann AG,Aldo Trüb-Adler,Sales Representative,Grevesmühlen,Germany,Government,Construction,2022-09-26,156269.09
WRARK,Madden Ltd,Andrea Patterson,Accounting Manager,East Leah,Canada,Small Business,Manufacturing,2019-02-26,158750.69
NVXDR,橋本鉱業有限会社,山田 桃子,Sales Representative,葛飾区,Japan,Corporate,Education,2024-04-10,791936.26
WLFUL,Aparecida Nunes S.A.,Maria Eduarda Cavalcanti,Procurement Specialist,Pereira,Brazil,Wholesale,Retail,2018-05-13,699802.16
JYJJD,Torres and Sons,Nina Benitez,Procurement Specialist,San Ferando del Valle de Catamarca,Argentina,Small Business,Education,2020-04-05,235478.38
JSLJZ,Massa NV,Mika Spreeuw-Françoise,Procurement Specialist,Ellecom,Netherlands,Small Business,Retail,2022-11-01,166171.43
ZMFBE,"Scott, Rees and Morton",Dr Leah Hussain,Order Administrator,South Joel,UK,Corporate,Manufacturing,2019-07-23,373543.31
HQJPQ,Bell-Steele,Eric Stevenson,Procurement Specialist,Heatherview,USA,Corporate,Transportation,2020-10-17,55750.35
RIARK,Carpio y Pedro S.A.,Marisela del Camps,Marketing Manager,Jaén,Spain,Small Business,Technology,2023-04-04,152822.64
CBCKD,"Murray, Dean and Parkin",Gregory Jones,Procurement Specialist,Porterbury,UK,Small Business,Education,2025-04-24,165464.0
OEOYR,Clarke Inc,Ann Barker-Kelly,Marketing Manager,Lake Maureen,UK,Retail,Retail,2021-12-08,75758.68
PWXSC,Garcia PLC,Randy Nguyen,Owner,South Allen,Canada,Retail,Technology,2018-01-16,113164.2
HVJVO,Govoni-Vergassola s.r.l.,Luigina Tosto,Owner,Torano Castello,Italy,Retail,Agriculture,2021-07-03,86300.98
CGROH,Pearson-Price,Julie Woods,Accounting Manager,Farleyborough,USA,Retail,Healthcare,2021-02-05,242475.29
MSNPS,Evans Group,Jasmine Tomlinson,Sales Associate,East Karl,UK,Corporate,Hospitality,2024-08-13,715580.48
MLHSN,Nunes - ME,Caleb Pereira,Owner,da Rocha,Brazil,Small Business,Healthcare,2021-06-24,24917.15
QEBSV,Mccoy Group,Joseph Nielsen,Logistics Coordinator,North Aaron,Canada,Corporate,Food & Beverage,2021-10-19,866563.84
BZAIV,"Walter, Douglas and Valenzuela",Jennifer Rose,Accounting Manager,New Deborah,USA,Corporate,Agriculture,2018-07-06,764874.88
IJTYL,Dunn-Allen,Linda Owens,Order Administrator,Davishaven,UK,Small Business,Hospitality,2023-02-07,161893.97
CANLF,Bolnbach,Dipl.-Ing. Klaus-Ulrich Biggen,Procurement Specialist,Wesel,Germany,Government,Healthcare,2024-06-27,762251.6
CTTZI,飞海科技信息有限公司,杨军,Logistics Coordinator,宇县,China,Corporate,Retail,2022-06-22,820361.31
BTHIM,合同会社渡辺運輸,中川 美加子,Purchasing Manager,我孫子市,Japan,Wholesale,Retail,2019-08-17,612946.45
UIXHD,Pascal SA,Frédérique Le Vaillant,Sales Associate,Sainte Monique,France,Corporate,Transportation,2019-12-09,715792.36
CGXAN,"Andersen, Pierce and Williams",Theresa Merritt,Purchasing Manager,East Jonathan,USA,Corporate,Technology,2024-09-29,52734.6
MGHFH,Tirado-Ocasio e Hijos,Tania Cervántez,Sales Associate,San Ana María de la Montaña,Mexico,Corporate,Technology,2018-10-01,971972.12
SKBKE,Santiago PLC,Jennifer Henderson,Procurement Specialist,Evansmouth,USA,Government,Transportation,2024-11-28,171685.97
DJSCR,"Henson, Alvarez and Sutton",Alexander Jimenez,Logistics Coordinator,Port Jacquelinemouth,USA,Corporate,Education,2021-12-05,861739.82
DFJNB,"Parsons, Mccarthy and Randall",Cameron Moss,Logistics Coordinator,Johnsonland,USA,Wholesale,Manufacturing,2020-07-02,413588.59
BWDSG,Tucker-Sampson,Mark Gonzales,Accounting Manager,West Loriville,USA,Government,Retail,2024-04-20,1766767.8
XYYUX,"Morgan, Hendrix and Nelson",Desiree Sharp,Owner,East Mary,USA,Wholesale,Hospitality,2021-09-21,721868.81
PAJNP,"Finnegan, Nyhan and Helen",Mrs. Faye O'Toole,Operations Manager,Cora Ville,Ireland,Small Business,Retail,2018-03-29,53098.68
MTKUZ,Bryan-Dorsey,Donald Sexton,VP of Purchasing,Pennyville,USA,Corporate,Education,2020-06-27,397683.97
GJOND,Hornig Ladeck GmbH,Boris Schinke-Schmiedecke,Accounting Manager,Oranienburg,Germany,Retail,Construction,2022-12-18,143138.3
NKOBI,Karz Schüler AG & Co. KG,Teresa Karz,Order Administrator,Dresden,Germany,Small Business,Healthcare,2019-12-22,207275.66
XAQTD,"Caceres, Ruiz and Lopez",Franco Isabella Medina,VP of Purchasing,San Ferando del Valle de Catamarca,Argentina,Small Business,Construction,2025-05-13,170080.07
GWJCU,Kennedy-Nelson,Alexander Edwards,Owner,Damonhaven,USA,Small Business,Technology,2019-03-24,90017.44
PPZBK,"Bennett, Barnes and Rowley",Marcus Lloyd,Procurement Specialist,New Barry,UK,Retail,Construction,2024-01-09,126725.08
SDFHB,"Trezzini, Pennetta e Cicala e figli",Sig. Piersanti Tasso,Marketing Manager,Monzoro,Italy,Corporate,Technology,2019-05-27,277124.52
CALOV,Barry-Bird,Isaac Watson,Purchasing Manager,Darleneton,USA,Wholesale,Healthcare,2022-03-12,301806.1
PTUCH,Gonzalez-Pearson,Eric Ingram,Logistics Coordinator,South Dustin,USA,Corporate,Food & Beverage,2019-09-27,977117.08
KDDEK,Smith-Ross,Billy Short,Purchasing Manager,Hensleyfurt,USA,Corporate,Retail,2022-10-09,654214.78
HDTEH,Schmidt & Co.,Raul Schumacher,Owner,Volketswil,Switzerland,Corporate,Retail,2024-10-18,785297.79
AELYE,Smith PLC,James Davenport,VP of Purchasing,Kyleport,USA,Government,Manufacturing,2025-01-04,1358356.31
QVOSG,Thomas Inc,Garry Taylor,Marketing Manager,Clarkefort,UK,Wholesale,Construction,2023-06-14,258967.74
QMKPX,Stumpf,Herr Ulrich Seifert,Logistics Coordinator,Eisleben,Germany,Small Business,Technology,2024-02-27,185136.92
HXNZW,Morpurgo s.r.l.,Emma Bertoni-Tarchetti,Operations Manager,Montieri,Italy,Small Business,Education,2019-03-09,57805.07
HOAMP,Braun-Brooks,Jennifer Tanner,Sales Associate,Lake Sethside,USA,Corporate,Healthcare,2023-02-01,407881.86
YXSIM,Potter-Jones,Johnny Lewis,Logistics Coordinator,Aaronberg,USA,Corporate,Hospitality,2020-09-05,515388.97
ULPHV,Lang GmbH,Goran Maurer,VP of Purchasing,Lancy,Switzerland,Small Business,Transportation,2019-11-03,178384.91
FSEHY,Lundqvist & Olausson HB,Boris Johansson,Sales Representative,Uppsala,Sweden,Corporate,Technology,2024-05-08,207867.74
EENFN,Mitchell Group,Deborah Miller,Purchasing Manager,Smithhaven,USA,Corporate,Education,2020-10-20,217771.67
IZKMA,"Wiley, Lee and Roberson",Kirsten Griffith,Supply Chain Manager,Michaelside,USA,Retail,Manufacturing,2021-09-12,230245.86
BSCHB,Exposito & Asociados S.C.P,Nicodemo Ocaña Moraleda,Accounting Manager,Zamora,Spain,Small Business,Retail,2025-03-24,50453.61
GJLAR,Esteves Anjos S/A,Filipa Vaz,VP of Purchasing,Almada,Portugal,Small Business,Construction,2024-10-27,178026.89
SJHXS,趋势网络有限公司,孙萍,Supply Chain Manager,玉兰市,China,Government,Healthcare,2019-09-16,1321173.57
CYWOV,Allain Boutin SARL,Susanne Hardy,Marketing Manager,Didier-la-Forêt,France,Corporate,Agriculture,2024-07-31,474440.8
PUCXY,Lucero y Asociados,María Elena Ceballos,Owner,San Teresa los altos,Mexico,Small Business,Food & Beverage,2023-09-24,146929.91
IMOBS,"Mahal, Srivastava and Doctor",Chakrika Chauhan,Sales Representative,Alappuzha,India,Small Business,Transportation,2021-05-18,36632.07
SEAAK,"Berg, Johnson and Carlson",Eddie Joyce,Purchasing Manager,New Ashley,USA,Small Business,Construction,2018-06-30,204279.95
HRHST,Payet,Christophe Gaudin,Sales Representative,Briand,France,Wholesale,Hospitality,2020-08-30,219935.97
JQWBQ,Horne-Harrison,Tracy Delacruz,Sales Associate,West Zachary,USA,Small Business,Retail,2018-07-15,117228.24
YAEVR,Rasmussen ASA,Karen Nguyen,Order Administrator,Torbjørnvåg,Norway,Wholesale,Manufacturing,2024-05-11,671925.18
CRXWJ,"Paul, Perez and Gregory",James Ali,Sales Associate,Port Jeffrey,USA,Corporate,Manufacturing,2019-07-14,979533.84
RLXNU,Hill-Moran,Alexander Barton,Supply Chain Manager,Castanedaborough,USA,Wholesale,Food & Beverage,2018-07-14,560752.15
HAFVE,Pastor Farias - EI,Lavínia da Costa,Accounting Manager,Machado da Prata,Brazil,Wholesale,Education,2023-08-14,575803.5
ELHSF,"Verhulst, Vandevelde en Peeters VOF",Nico Van der Linden,Sales Associate,Ethe,Belgium,Small Business,Manufacturing,2021-12-02,247193.46
BRXTV,Todd Inc,Lynn Herbert,Operations Manager,North Katy,UK,Corporate,Retail,2021-10-30,895148.75
EDPIV,Scott-Tate,Kathy Robinson,Sales Associate,Reidmouth,Australia,Small Business,Food & Beverage,2018-05-22,156678.54
JSYTE,(유) 가야정보통신,이재호,Order Administrator,수원시 권선구,South Korea,Corporate,Technology,2022-10-14,311853.48
LMLQR,Collin Laroche S.A.,Matthieu Lebon,Accounting Manager,Adam,France,Corporate,Agriculture,2023-05-08,442898.41
GMRAN,Egger & Co.,Biagio Fankhauser,Logistics Coordinator,St. Gallen,Switzerland,Corporate,Hospitality,2022-07-18,746504.39
HVHUJ,Scott Group,Jose Lutz,Supply Chain Manager,South Cassandra,USA,Small Business,Retail,2021-11-16,30672.34
MSQAG,Alvarado-Martin,Cheryl Chapman,Purchasing Manager,Houstonborough,Australia,Wholesale,Food & Beverage,2020-11-30,343507.91
RTUXE,合同会社山本食品,鈴木 裕美子,Owner,町田市,Japan,Corporate,Construction,2023-01-18,247601.04
KBGDB,"Rocha, Chavez and Higgins",Kelsey Ross,Owner,North Craig,Australia,Government,Manufacturing,2024-01-08,1401610.1
AJUFJ,Garcia-Morrison,Carol Mcfarland,Procurement Specialist,Phelpsside,USA,Small Business,Agriculture,2024-03-24,82541.86
ALZJD,Dippel Klingelhöfer KGaA,Nadeshda Hauffer,Purchasing Manager,Forchheim,Germany,Corporate,Healthcare,2018-07-13,378284.98
KODSY,"Griffin, Everett and Perez",Christy Evans,Operations Manager,Riverafurt,USA,Corporate,Retail,2024-08-05,111788.14
OCZDC,"Sampath, Chandran and Shetty",Jalsa Bedi,Logistics Coordinator,Gorakhpur,India,Small Business,Transportation,2024-01-06,212286.99
TQGAC,Hartman and Sons,Mr. Matthew Wise MD,Sales Associate,Browntown,USA,Retail,Food & Beverage,2020-08-18,159791.99
WEIFW,Poulsen & Søn ApS,Laust Schultz,Owner,Strøby,Denmark,Small Business,Transportation,2019-06-14,224688.79
ADTOZ,"Graves, Rivera and Lewis",Steven Andersen II,Order Administrator,Schultzburgh,USA,Wholesale,Retail,2023-04-25,242964.82
NSAPR,Mitchell-Kirby,Cody Foster,Sales Representative,Stewartland,USA,Small Business,Healthcare,2018-07-29,204078.74
CAYTP,Fröhlich Staude GbR,Julius Noack B.A.,Marketing Manager,Melle,Germany,Wholesale,Construction,2020-06-08,737748.4
SGBVP,"Eide, Strøm og Bakken",Marte Hauge,Procurement Specialist,Rønning,Norway,Corporate,Construction,2022-07-25,479086.63
ZPRVQ,合同会社橋本電気,山本 裕美子,Procurement Specialist,八丈島八丈町,Japan,Small Business,Manufacturing,2023-09-19,184580.54
PXQUG,Jarvis-Smith,Julia White,Marketing Manager,Port Valerie,UK,Corporate,Education,2021-05-07,829786.89
LQMNS,"Jones, Kelly and Nash",Mark Rice,VP of Purchasing,Lake Seanmouth,USA,Small Business,Technology,2023-01-19,210762.48
OWABT,주식회사 비전,백주원,Supply Chain Manager,안성시,South Korea,Small Business,Retail,2018-09-03,176215.53
VETMM,Sauvage,Alain Martel,Procurement Specialist,Delorme,France,Corporate,Technology,2018-10-16,482740.94
AARDY,Traore,Patricia Gilbert,Procurement Specialist,Sainte Susannec,France,Small Business,Healthcare,2023-06-17,160098.13
SXETZ,"Bennett, Smith and Davis",Mitchell Young,Operations Manager,Port Christopherburgh,USA,Small Business,Food & Beverage,2020-12-09,142672.1
UKVKE,Monroy-Rendón S.C.,María Teresa José Eduardo Perea Ortega,Purchasing Manager,San María José de la Montaña,Mexico,Small Business,Retail,2023-06-08,149459.46
TRJVK,Rieser & Martin KG,Bastian Spiegl-Breuer,VP of Purchasing,Allentsteig,Austria,Small Business,Technology,2021-03-31,238020.77
CCZOA,Schmiedecke Bärer e.V.,Erol Henk-Bloch,Marketing Manager,Main-Höchst,Germany,Small Business,Construction,2023-09-14,49229.68
YMXFK,Despacho Márquez-Rubio,Lourdes Calvillo Núñez,Procurement Specialist,San Estefanía los bajos,Mexico,Small Business,Healthcare,2019-08-25,58543.28
QJKSQ,Morris LLC,Kyle Tapia,Operations Manager,Lake Patriciachester,Canada,Small Business,Education,2019-02-12,91784.11
AAVBP,Araújo Oliveira e Filhos,Brenda Fogaça,Procurement Specialist,Mendes,Brazil,Corporate,Technology,2018-11-02,644446.83
BSTVJ,Reynolds Inc,Anthony Hamilton,Order Administrator,Brownshire,USA,Retail,Manufacturing,2018-06-10,81349.2
OHBDF,Wilson Ltd,Margaret Becker,Purchasing Manager,Lynchborough,USA,Small Business,Education,2018-10-12,8148.62
QYPBK,"Irwin, Gutierrez and Johnson",Jasmine Williams,Supply Chain Manager,Nelsonchester,USA,Corporate,Agriculture,2024-03-14,154080.67
IWFMG,주식회사 종합테크,박정훈,Owner,천안시 동남구,South Korea,Corporate,Hospitality,2021-11-16,477422.74
VSZTL,"Jones, Baker and Powell",Martin Smith,Order Administrator,South Damien,UK,Small Business,Food & Beverage,2022-08-29,73373.77
IWTCV,Rosa y Elorza S.Com.,Édgar Vallés-Exposito,Order Administrator,Álava,Spain,Small Business,Retail,2024-07-16,223817.63
BNVKX,Hudson Group,Frederick Freeman,Supply Chain Manager,Brittanystad,Canada,Corporate,Technology,2018-02-13,520917.05
LJKYW,Teixeira Cunha - ME,Clarice Siqueira,Order Administrator,Azevedo,Brazil,Retail,Education,2024-04-05,65841.58
ZMFYM,"Ramírez, Solorio y Barraza",Aida Omar Crespo Téllez,Procurement Specialist,Vieja Zimbabwe,Mexico,Corporate,Food & Beverage,2024-03-27,485284.14
VAMCA,Hurley-Day,Roberta Wilson,Owner,South Christopher,USA,Corporate,Retail,2023-12-09,812093.1
DGXVK,Bradley Ltd,Mary Patton,Supply Chain Manager,West Rebeccachester,USA,Government,Food & Beverage,2022-10-15,1195925.59
SNUCK,Robinson-Cunningham,Elizabeth Wallace,Purchasing Manager,West Kennethhaven,UK,Small Business,Transportation,2023-06-14,220612.22
GPHUH,"Allen, Roman and Pratt",Steven Wheeler,VP of Purchasing,Ryanport,USA,Wholesale,Technology,2020-02-10,545203.38
QDEMV,Bonbach Winkler GmbH,Gregor Dippel,Operations Manager,Schwandorf,Germany,Corporate,Hospitality,2019-11-29,67721.45
QWASA,Hughes PLC,Lindsey Johnson,Sales Representative,New Joyceburgh,UK,Small Business,Manufacturing,2021-04-02,213599.28
SPXSP,Schenk,Albrecht Scholz,Sales Associate,Sömmerda,Germany,Small Business,Technology,2018-05-17,226290.34
QXWRL,Kinepolis,Timo Smit,Accounting Manager,Marknesse,Netherlands,Small Business,Construction,2024-06-12,241030.4
EOOKU,Porto,Maria Julia Brito,Accounting Manager,Mendes,Brazil,Small Business,Healthcare,2023-09-10,184319.88
RTXJQ,"Fernandez, Cabrera and Lopez",Renata Guzman Rodriguez,Owner,Constitución,Argentina,Small Business,Food & Beverage,2020-07-25,130462.15
FTPLT,Weimer,Kreszentia Fliegner,Purchasing Manager,Sömmerda,Germany,Small Business,Healthcare,2018-02-01,165211.53
OAHPQ,"Holland, Washington and Sutton",Erica Washington,Procurement Specialist,Yolandaton,USA,Retail,Education,2019-09-23,43482.11
KYCBZ,Miller Inc,Kelly Gutierrez,Sales Representative,Baileyside,USA,Corporate,Technology,2022-07-25,517342.31
VYKCJ,Mejia Ltd,Eric Spears,Sales Associate,Bakerville,Australia,Retail,Agriculture,2022-07-28,221974.84
RSDJK,Guillou,Éric Le Sanchez,Procurement Specialist,Baudry-sur-Morel,France,Corporate,Construction,2018-08-15,257606.12
GQBRS,Servicios Guerra S.A.T.,Silvia Benita Coca Salazar,VP of Purchasing,Tarragona,Spain,Small Business,Healthcare,2023-09-11,220911.74
FWFGZ,Nascimento Ltda.,Lorena Rocha,Sales Associate,Lima,Brazil,Small Business,Food & Beverage,2021-10-17,133177.9
HNZDS,McCurtin Ltd,Deirbhile Greelish,Order Administrator,Peter Ville,Ireland,Retail,Retail,2018-09-08,173396.24
FBRFM,"Schultz, Wilson and Edwards",Karen Guzman,Operations Manager,Lake Mollyville,Australia,Retail,Hospitality,2019-07-31,156402.33
SSNYB,"Orlando, Pacetti e Grassi e figli",Ruggiero Opizzi,Owner,Chions,Italy,Small Business,Healthcare,2021-10-12,228446.8
ZVBPD,Lynch and Sons,Francisco Jackson,VP of Purchasing,Edwardbury,USA,Wholesale,Education,2019-02-07,223196.33
FUOCQ,King and Sons,Daniel Bailey,Logistics Coordinator,Moodychester,USA,Small Business,Education,2020-06-10,10790.6
INDVP,Delle-Villadicani SPA,Emma Garobbio,VP of Purchasing,Fraigas,Italy,Corporate,Food & Beverage,2018-02-22,471119.34
LIAUE,Tröst Heser Stiftung & Co. KG,Patricia Junk,Logistics Coordinator,Havelberg,Germany,Small Business,Technology,2023-11-11,179680.01
KLFKG,Industrias Loya-Arguello,Patricia Crespo,Accounting Manager,San Eduardo los bajos,Mexico,Small Business,Hospitality,2023-07-04,248797.69
CLFQL,"Sastry, Gole and Gulati",Arin Sangha,Logistics Coordinator,Karimnagar,India,Corporate,Manufacturing,2024-07-06,532889.35
UESQK,Kalla-Rai,Darpan Pillai,Procurement Specialist,Siwan,India,Small Business,Transportation,2018-12-30,134236.13
RTMBK,有限会社高橋建設,松田 智也,Accounting Manager,目黒区,Japan,Retail,Technology,2024-05-13,12223.26
GCJAS,Clément SARL,Daniel du Letellier,Owner,Saint Victoire,France,Wholesale,Construction,2020-04-03,137436.07
NFWIP,Hörle GmbH & Co. KG,Ing. Nuray Kramer MBA.,Sales Associate,Wittenberg,Germany,Wholesale,Transportation,2021-08-27,402207.42
ZMMIA,Archer PLC,Kaitlyn Warren,Marketing Manager,Johnburgh,Canada,Corporate,Transportation,2022-01-16,773811.38
CFHWU,"Walton, Turner and Roberts",Keith Waters-O'Donnell,Procurement Specialist,Robertsmouth,UK,Small Business,Retail,2021-05-24,107446.96
VUZEF,Knappe,Raik Seidel MBA.,VP of Purchasing,Gräfenhainichen,Germany,Small Business,Education,2024-01-17,100180.85
TIVAU,Noël,Thomas Millet,Supply Chain Manager,Meyer-les-Bains,France,Small Business,Agriculture,2019-02-24,190216.56
GLQIK,Wiener & Röck GesbR,Philip Kummer-Traxler,Accounting Manager,Weitra,Austria,Small Business,Retail,2020-01-06,49394.72
PLIXM,Chapman Ltd,Barbara Holmes,Sales Associate,Jonesfurt,USA,Small Business,Healthcare,2018-05-02,154531.83
SZBOR,"Jacobs, Ooms en Rombouts CommV",Greet Bertels,Sales Associate,Monceau-en-Ardenne,Belgium,Wholesale,Construction,2022-12-07,144173.6
HGOXD,Paul Fouquet S.A.,Claire Guérin du Rodrigues,Procurement Specialist,Blondel-sur-Foucher,France,Small Business,Education,2020-10-30,193480.97
HZUFD,Sales,Ryan Montenegro,Supply Chain Manager,Sampaio do Amparo,Brazil,Small Business,Transportation,2023-12-16,225154.27
IHWUB,Christensen and Sons,Connor Smith,Supply Chain Manager,Georgechester,USA,Retail,Manufacturing,2024-11-03,205931.95
ASNKS,Pires,Matheus Pimenta,VP of Purchasing,Barbosa Grande,Brazil,Small Business,Agriculture,2019-08-10,160886.38
SKXVY,Payne PLC,Megan Morrow,Sales Representative,Farmerhaven,USA,Small Business,Manufacturing,2018-07-07,112603.09
CLLMY,Jacques SA,Théophile Vallet de la Martins,Purchasing Manager,Michel-sur-Mer,France,Small Business,Technology,2023-11-05,35035.51
ETFYV,Fluor,Luca Verschuere,Marketing Manager,Winterswijk Corle,Netherlands,Wholesale,Transportation,2022-12-18,168179.1
SZXOV,Smith-Moran,June Macdonald,Sales Associate,Port Joeburgh,UK,Small Business,Hospitality,2021-03-27,108928.47
RKSNP,"Ellis, Turner and Davis",Heather Porter,Logistics Coordinator,Port Liam,UK,Small Business,Technology,2023-05-12,47211.72
NEMZQ,Sutton PLC,Eric Hunt,Sales Representative,Hollyton,Australia,Corporate,Technology,2023-10-12,669640.8
OLZLK,유한회사 브레인시너지테크,이미영,Operations Manager,부천시 소사구,South Korea,Corporate,Manufacturing,2022-03-03,542872.2
LDLJE,Azevedo - EI,Sra. Lara Martins,Order Administrator,Peixoto,Brazil,Retail,Construction,2018-09-08,128175.06
AQHBU,"Verdonck, Claessens en De Bondt VOF",Nicolas Desmet,Marketing Manager,Alleur,Belgium,Corporate,Manufacturing,2019-08-18,172147.73
VVCBW,Vincent Inc,Deborah Jones,Procurement Specialist,South Andrewport,UK,Retail,Retail,2019-05-02,237414.77
VILUZ,Carvalho Monteiro Ltda.,Ísis Novaes,Operations Manager,Barros,Brazil,Wholesale,Technology,2021-12-29,355752.66
ZPVDC,Despacho Pedroza-Gamez,Francisca Carrión Olivárez,Sales Associate,San Catalina los bajos,Mexico,Retail,Manufacturing,2019-04-04,81614.93
FXEIA,Borges,Bella Albuquerque,Marketing Manager,Câmara do Campo,Brazil,Retail,Healthcare,2024-12-31,64553.04
TZVCC,凌云传媒有限公司,廖鑫,Order Administrator,巢湖市,China,Retail,Technology,2019-03-04,115532.62
PHPPW,"Badami, Borde and Kale",Azad Goda,Operations Manager,Buxar,India,Small Business,Healthcare,2022-11-22,28346.71
ALRDO,"Burcardo, Mazzacurati e Agostini SPA",Osvaldo Pedersoli-Bragaglia,Sales Representative,Colorina,Italy,Corporate,Manufacturing,2024-02-12,811531.56
HKXFK,Walls Group,John Johnson,Operations Manager,Michaelshire,USA,Small Business,Agriculture,2025-03-01,173182.57
FNGQV,Matias S.A.,Emília Faria,VP of Purchasing,Portimão,Portugal,Small Business,Manufacturing,2018-03-16,224950.46
DRYFD,Lacombe,Marc Payet,Sales Associate,Mercier,France,Retail,Healthcare,2018-04-08,143311.61
JSADZ,"Club Casares, Rubio y Guevara",Jos Benavídez Mireles,Accounting Manager,Nueva Estados Unidos de América,Mexico,Corporate,Construction,2022-12-05,870591.28
CVGGF,Randhawa Group,Christopher Doctor,VP of Purchasing,Mumbai,India,Small Business,Technology,2021-07-31,152502.53
XBPFM,Diaz S.A.,Paulette Legros,Purchasing Manager,Dupuis,France,Corporate,Food & Beverage,2019-10-10,254754.0
PNPVP,Walker Group,William Blanchard,Owner,Timothyborough,USA,Corporate,Food & Beverage,2019-08-29,791955.49
RJJHZ,Dam ApS,Fru Olivia Nielsen,Purchasing Manager,Munke Bjergby,Denmark,Small Business,Food & Beverage,2018-10-07,182161.62
NYASW,Slegers VOF,Bram Devolder,Owner,Seneffe,Belgium,Retail,Education,2019-10-23,172127.49
WNCSF,有限会社加藤水産,伊藤 淳,Accounting Manager,青ヶ島村,Japan,Corporate,Healthcare,2022-09-29,445472.83
MFCWD,联通时科信息有限公司,赖玉兰,Order Administrator,呼和浩特市,China,Corporate,Education,2021-10-05,638477.34
QDCRP,"Melendez, Smith and Lewis",James Bailey,Purchasing Manager,Port Julieville,Australia,Small Business,Construction,2024-05-19,200834.65
WGHMK,Johnson-Costa,William Lane,Logistics Coordinator,South Lisa,USA,Small Business,Food & Beverage,2021-06-17,227648.22
ZHQUA,Almansa y asociados S.Com.,Miriam Cuervo Codina,Supply Chain Manager,Cantabria,Spain,Retail,Hospitality,2023-07-01,108033.66
CCXVF,Ferreira,Zoe Souza,Logistics Coordinator,Viana de Cavalcante,Brazil,Small Business,Construction,2018-01-28,99325.32
HQZRX,Scott PLC,Angela Johnson,Operations Manager,South Krista,USA,Corporate,Food & Beverage,2020-07-17,52833.44
ADFFQ,Freeman-Goodwin,Eddie Thomas,Owner,Wilsonshire,Canada,Small Business,Retail,2025-01-04,199624.85
LEIZO,Holt-Collins,Shannon Jackson-Evans,Logistics Coordinator,North Jacobtown,UK,Retail,Agriculture,2025-05-06,9272.7
ZMGHW,"Nibali, Marini e Segrè e figli",Sig. Giovanni Chinnici,Order Administrator,Gombio,Italy,Small Business,Hospitality,2023-02-26,172372.88
FSAIT,Costela,Ayla Andrade,Operations Manager,Nunes,Brazil,Wholesale,Manufacturing,2021-11-26,97313.24
OJOQG,天开信息有限公司,萧林,VP of Purchasing,雪梅县,China,Wholesale,Hospitality,2021-04-24,527868.73
KLAWZ,Finanzas Ripoll S.A.,Basilio Jose Luis Barranco Roman,Sales Representative,Cáceres,Spain,Corporate,Agriculture,2019-04-20,918176.49
NZNSG,Goodwin and Sons,Hugh Francis,Marketing Manager,Colinmouth,UK,Small Business,Retail,2021-02-26,149529.19
URNZI,Payne PLC,Timothy Vasquez,Procurement Specialist,Erikaville,USA,Wholesale,Education,2020-11-28,375949.72
PVOEA,Barcella-Nicolini Group,Dolores Visconti,Operations Manager,Guidomandri Marina,Italy,Small Business,Hospitality,2021-05-04,42584.07
OOORN,Haase,Piotr Schmidt MBA.,Marketing Manager,Auerbach,Germany,Government,Transportation,2023-09-14,578817.0
OUGAP,Mary Briand et Fils,Renée Nicolas,Logistics Coordinator,Bonnet,France,Government,Manufacturing,2023-11-09,127089.52
BCSSB,Mitchell-Ramirez,Tommy Mendoza,Owner,Stevenstad,USA,Corporate,Manufacturing,2020-11-12,538970.18
SCWZD,Biggen Röhricht GbR,Anna-Lena Weinhage,Marketing Manager,Stadtroda,Germany,Government,Agriculture,2024-06-30,1857958.53
SHIIW,Wright-Joyce,Lauren Moore,Logistics Coordinator,Andradeshire,USA,Small Business,Retail,2022-05-04,84181.85
CGYRS,Pieper GmbH & Co. KG,Adam Fechner,Logistics Coordinator,Sebnitz,Germany,Wholesale,Construction,2020-07-05,418002.4
XBEDI,King PLC,Brittany Vega,Supply Chain Manager,North John,USA,Corporate,Transportation,2025-01-13,815993.91
CWNGG,"Melton, Weaver and Ortiz",Autumn Farmer,Logistics Coordinator,Port Maryhaven,USA,Corporate,Technology,2018-04-07,761984.08
DRVDK,Spółdzielnia Sanetra,Maciej Nieradzik,Sales Associate,Wejherowo,Poland,Retail,Construction,2019-06-18,78149.85
SQABS,Burns-Preston,Kimberly Cain,Marketing Manager,New Rachel,USA,Retail,Food & Beverage,2020-03-03,35027.79
VIJZQ,Gallet S.A.R.L.,Susan Maréchal,Marketing Manager,Blanchard-sur-Grenier,France,Corporate,Agriculture,2023-02-28,740630.56
ZKHHH,Castiglione SPA,Dott. Severino Calvo,Sales Associate,Roccamontepiano,Italy,Retail,Retail,2018-04-06,201478.63
MRQIF,Good-Carter,Elizabeth Mayer,VP of Purchasing,Angelchester,USA,Retail,Construction,2022-06-06,195781.57
SJPXS,Preston and Sons,Rebecca Ruiz,Accounting Manager,Johnmouth,USA,Corporate,Hospitality,2023-08-02,464193.53
DYMCS,Gutierrez-Coleman,Thomas Weber,Operations Manager,Whitechester,USA,Corporate,Manufacturing,2019-09-13,955821.06
BYPXX,"Alvarez, Jackson and Baker",Peter Lee,Logistics Coordinator,New Elizabethton,USA,Small Business,Construction,2020-06-12,129689.0
WJIOP,Coronel-Castillo,Carmela Perez Castillo,Logistics Coordinator,Corrientes,Argentina,Retail,Education,2019-06-08,46029.22
GIDMD,Kruschwitz Pohl KGaA,Dr. William Rust MBA.,Accounting Manager,Uelzen,Germany,Corporate,Agriculture,2022-02-06,505568.13
ENRAE,"Aponte, Moreno y Briseño",Sr(a). Mariana Aguilar,Purchasing Manager,Vieja Dominicana,Mexico,Small Business,Transportation,2024-06-27,247301.3
UQGGA,Weiß Hendriks GmbH & Co. KG,Monika Speer,VP of Purchasing,Moers,Germany,Small Business,Transportation,2019-11-14,131345.04
ZCJTJ,Jones Inc,Deborah Mitchell,Logistics Coordinator,West Michele,USA,Small Business,Food & Beverage,2021-08-10,58576.57
HBADF,van Emmelen Groep,Jules Hoelen,Accounting Manager,Bornerbroek,Netherlands,Small Business,Manufacturing,2018-10-25,50303.85
MMRRZ,Hall-Bennett,Laura Williams,Order Administrator,Bethanyside,UK,Small Business,Construction,2021-08-10,38832.84
MMYDB,Quinn LLC,Roger Morris,Accounting Manager,Laurachester,USA,Small Business,Technology,2024-07-11,157622.77
PTNLE,Esquibel y Barela e Hijos,Leonardo Sepúlveda Tejeda,Sales Associate,San Rosalia de la Montaña,Mexico,Government,Technology,2021-01-12,1331135.18
BJWRU,Jones Ltd,Linda Kaur,Supply Chain Manager,Francisside,UK,Small Business,Transportation,2019-06-16,46133.69
KFKAB,Léger S.A.S.,Thérèse Guillou,Purchasing Manager,Sainte Alixnec,France,Retail,Construction,2018-01-27,216577.22
BYJEB,Potier SARL,Pierre Pottier,Purchasing Manager,Morel-sur-Hamel,France,Corporate,Transportation,2025-02-12,823831.67
TDYJO,Holler GmbH,Evelyn Pesendorfer,Marketing Manager,Mureck,Austria,Corporate,Retail,2018-06-29,249717.15
VGCXY,da Luz Sales - ME,Yago Marques,Sales Associate,Teixeira,Brazil,Retail,Construction,2024-01-22,220527.21
RXKMM,Chevalier Charles S.A.S.,Benjamin de Aubert,Purchasing Manager,Lucas-les-Bains,France,Small Business,Agriculture,2022-06-02,202737.26
XUDMX,Meyer Inc,Adam Perez,Sales Representative,West Ashley,Canada,Corporate,Food & Beverage,2022-11-27,917829.1
IJXKE,Renault,Olivie Adam,Accounting Manager,Gonzalez-sur-Pages,France,Corporate,Technology,2021-07-30,876571.37
HUNZS,"Vaughn, Russell and Patrick",David Chandler,Logistics Coordinator,West Cynthia,Australia,Small Business,Healthcare,2024-01-26,114265.1
MOJAR,Comercializadora RKE S.Com.,Luna Ibañez,Order Administrator,Cádiz,Spain,Small Business,Transportation,2018-08-30,158632.69
ZVNQH,Tucker-Russell,Dana Collins,Owner,Malonemouth,USA,Corporate,Transportation,2021-01-09,834034.82
PEHGP,Vaidya Group,Akshay Sodhi,Marketing Manager,Haridwar,India,Small Business,Technology,2024-11-04,239436.67
OKZLD,"Smith, Bond and Harper",Stephen Smith-Nicholson,Procurement Specialist,Wilkinsonburgh,UK,Corporate,Hospitality,2021-12-24,549778.08
SQHLH,"Sanchez, Lynch and Walker",Erin Walters,Sales Associate,North Kimberly,Australia,Small Business,Agriculture,2024-09-09,186509.4
DXRGQ,Zirme GmbH & Co. KG,Fred Löffler,Purchasing Manager,Grafenau,Germany,Small Business,Agriculture,2022-06-13,30615.84
IHVUH,Wohlgemut GmbH & Co. KG,Erwin Wulf-Gertz,VP of Purchasing,Mayen,Germany,Small Business,Transportation,2019-04-04,151307.22
ALUBX,"Proyectos Segura, Pedroza y Camacho",Jacinto Preciado Crespo,VP of Purchasing,Nueva Tonga,Mexico,Corporate,Manufacturing,2020-11-30,649367.03
ZAAMC,Becker,Milan Ruppert,Accounting Manager,Kusel,Germany,Corporate,Transportation,2021-09-06,213484.01
EQOOJ,White Inc,Mr Leonard Shah,Logistics Coordinator,West Billymouth,UK,Corporate,Food & Beverage,2018-10-15,398392.13
QQIVM,Sims PLC,Anna Clarke,Accounting Manager,Brookesmouth,UK,Small Business,Education,2021-01-07,110612.17
QIEWH,Velasquez PLC,Kristi Park,Operations Manager,Mcintoshberg,USA,Small Business,Agriculture,2023-12-24,187380.65
ADHAH,Pistoletto-Asmundo s.r.l.,Marco Boezio,Supply Chain Manager,Ingria,Italy,Small Business,Transportation,2021-01-20,44673.43
SYWCH,"Taylor, Parker and Evans",Jacob Tucker,Operations Manager,Wrightview,UK,Small Business,Construction,2022-10-30,105743.32
LJBGE,Dahl & Thygesen A/S,Dr. Kjeld Carlsen,Purchasing Manager,Eskilstrup,Denmark,Wholesale,Education,2024-10-16,307549.4
QUBTK,"Perez, Diaz and Suarez",Thiago Agustin Paez,Order Administrator,Formosa,Argentina,Corporate,Construction,2022-03-21,418854.37
RTIOG,"Corporacin Santiago, González y Pedraza",Omar Serna Espinosa,VP of Purchasing,San Guillermo los bajos,Mexico,Small Business,Healthcare,2022-01-21,102245.42
GCTUU,"Mckee, Lee and Harvey",Amanda Anderson MD,VP of Purchasing,East Michaelfurt,Canada,Corporate,Agriculture,2021-09-21,591240.81
THYKG,Meyer SA,Diane Maurice,Sales Representative,Coste,France,Corporate,Education,2022-03-01,163828.25
MDJPE,Toivanen ry,Mirja Varis,Supply Chain Manager,Pyhäjoki,Finland,Small Business,Education,2019-07-25,133137.64
CHUHE,Wright Inc,Kathryn Turner,Owner,West Allanfort,UK,Small Business,Food & Beverage,2019-12-01,226010.29
UBLED,"Moore, Carr and Short",Kayla Bennett,Operations Manager,Micheletown,USA,Corporate,Construction,2021-12-05,876856.13
OTMHO,东方峻景传媒有限公司,武桂花,Sales Associate,杭州市,China,Corporate,Transportation,2019-10-05,785065.27
RMWLF,Amorim,Santiago Monteiro,Procurement Specialist,Mêda,Portugal,Wholesale,Agriculture,2019-05-13,66581.5
UAJRP,Jones Group,Jacob Flores,Marketing Manager,Adrienneborough,USA,Small Business,Education,2022-10-03,231338.08
FMBHN,"Jones, Smith and Knox",Paul Smith MD,Owner,Port Pamelamouth,USA,Small Business,Healthcare,2021-08-03,159149.76
OPOKH,"Love, Hines and Massey",Kenneth Smith,Purchasing Manager,Lake Ryanfurt,USA,Retail,Retail,2024-03-16,107439.59
TIIMG,Steuer Börner OHG mbH,Cornelia Budig,VP of Purchasing,Koblenz,Germany,Small Business,Transportation,2021-01-15,18644.47
WRCKV,"Martin, Carter and Brooks",Michaela Davis,Owner,West Jasonfurt,USA,Small Business,Technology,2024-06-30,22850.8
PLTQJ,Murphy-Cook,Deborah Floyd,Accounting Manager,Hawkinsview,USA,Corporate,Food & Beverage,2023-10-22,769703.3
MWERL,Butler LLC,Seth Payne,Owner,Cathyshire,USA,Small Business,Healthcare,2025-02-20,83739.75
VGLET,"Ratta, Purohit and Bedi",Yoshita Shukla,Sales Associate,Hazaribagh,India,Government,Education,2022-03-02,1966108.14
ANXJC,Construcción Mancebo & Asociados S.A.,Ezequiel del Juan,Supply Chain Manager,Badajoz,Spain,Small Business,Technology,2019-01-14,83455.35
GWRMB,Krebs,Udo Rose,Purchasing Manager,Meppen,Germany,Corporate,Transportation,2022-08-04,533246.16
JSREZ,Moore Ltd,Christine Johnson,Purchasing Manager,Kellyland,USA,Small Business,Manufacturing,2023-02-22,236312.62
DWDJO,Hora LLC,Ganga Sarraf,Purchasing Manager,Thane,India,Small Business,Education,2021-07-25,198707.58
YCKRE,Maréchal,Véronique Payet,VP of Purchasing,Boyer,France,Corporate,Education,2020-11-10,848619.71
NWGLM,유한회사 비전정보통신,우영희,Procurement Specialist,성남시 분당구,South Korea,Corporate,Manufacturing,2022-11-07,95268.53
VFNKQ,Rodriguez-Cobb,David Tucker,Order Administrator,Bestfort,USA,Wholesale,Construction,2022-07-18,157317.73
NJNOA,Sontag,Peer Eckbauer B.A.,Supply Chain Manager,Saulgau,Germany,Small Business,Education,2020-11-14,63452.5
EDZAF,Mcdonald PLC,Erik Chan,Sales Associate,Port Davidport,USA,Government,Food & Beverage,2020-07-04,633735.5
QOGFU,Kolen Groep,Suus Spruit,Accounting Manager,Heino,Netherlands,Corporate,Hospitality,2022-03-13,255123.97
LEVFE,Hoareau Pruvost S.A.R.L.,Laurence Mathieu,Sales Representative,Parent,France,Government,Agriculture,2020-11-29,1281993.12
IEVTD,Constellium,Sam van de Klashorst,Marketing Manager,Zuidland,Netherlands,Wholesale,Healthcare,2020-12-05,706419.16
WNDIR,Stone Group,Crystal Durham,Sales Representative,Davidbury,Australia,Wholesale,Agriculture,2020-06-04,86967.48
VPCXK,Lavell PLC,Gavin Lenehan,Purchasing Manager,Eileen Ville,Ireland,Government,Food & Beverage,2019-05-25,1220096.94
TPOBA,Sauvage S.A.,Lucy Maillard,Marketing Manager,Pages,France,Corporate,Retail,2019-02-17,465711.86
UIDMP,"Mellon, Comisky and Colley",Erin Keaney-O'Freil,Sales Representative,Jody Ville,Ireland,Small Business,Healthcare,2020-01-29,200328.63
SMEDU,有限会社山本農林,斎藤 零,Order Administrator,長生郡白子町,Japan,Corporate,Education,2020-11-11,97675.38
QPUEY,Allen PLC,Justin Khan,Operations Manager,West Robert,USA,Corporate,Hospitality,2025-02-12,131077.24
ISUBA,Almaraz-Valencia,Oswaldo Miguel Ángel Rosado Rico,Sales Associate,Vieja Kazajstán,Mexico,Corporate,Manufacturing,2018-03-22,841581.5
WFPLS,Gadda e figli,Sig. Rocco Sobrero,Logistics Coordinator,Cacchiamo,Italy,Retail,Transportation,2023-10-18,84308.27
OKHYB,Olsen-Davis,Dr. Andrea Powell,VP of Purchasing,Russellmouth,USA,Corporate,Hospitality,2023-07-05,251586.94
RLFOP,유한회사 고구려,김상현,Purchasing Manager,공주시,South Korea,Small Business,Technology,2020-12-09,85755.98
BKFPR,Dussen van,Herr Walfried Gumprich B.A.,Procurement Specialist,Darmstadt,Germany,Small Business,Hospitality,2020-04-09,242635.28
TKWJQ,Bailly,Thibault Fleury,Supply Chain Manager,Chauvinboeuf,France,Corporate,Construction,2024-01-24,410137.83
PKTDJ,Transportes Santamaria & Asociados S.L.,Haroldo del Leiva,Accounting Manager,Córdoba,Spain,Small Business,Construction,2025-03-28,199277.96
CHLAG,"Holt, Webb and Griffiths",Karl Thompson,VP of Purchasing,Port Martinburgh,UK,Corporate,Retail,2024-06-22,331919.96
KLDMT,"Wright, Scott and Romero",Sylvia Clarke,Logistics Coordinator,Port Andrew,USA,Retail,Retail,2019-11-05,49371.07
EHZCS,Morris-Roberts,Joseph Montgomery,Supply Chain Manager,North Saraburgh,USA,Wholesale,Healthcare,2024-07-27,730633.04
TUOXG,Davis LLC,Eric Herring,Marketing Manager,West Danamouth,USA,Corporate,Education,2021-11-07,145889.18
PJGOA,"Laboratorios Colunga, Ríos y Piña",Lic. Aurelio Delgado,Logistics Coordinator,San Marisol los altos,Mexico,Corporate,Retail,2025-02-26,500257.43
ITIZI,"Newton, Gonzalez and Allen",Gary Mcmillan,Sales Associate,Rebeccatown,USA,Wholesale,Manufacturing,2018-09-14,747264.19
LCRQB,Scott-Flores,James Perry,Sales Associate,New Maureen,USA,Corporate,Healthcare,2024-11-06,771715.26
QSWWF,Brown-Perry,Daniel Nichols,VP of Purchasing,Lake Debrafort,USA,Small Business,Retail,2024-08-26,84293.46
UOZRD,"White, Russell and Mckenzie",Mark Patterson,Sales Associate,Juanland,USA,Retail,Retail,2018-12-15,144554.91
XGURE,Garay y Asociados,Mtro. Lilia Rentería,Procurement Specialist,Vieja Georgia,Mexico,Retail,Education,2020-04-08,117911.06
KYZTR,株式会社遠藤保険,橋本 直人,Procurement Specialist,横浜市栄区,Japan,Retail,Technology,2022-07-05,187170.22
HPCHG,Stiebitz Häring GmbH,Guntram Schwital B.Eng.,Sales Associate,Illertissen,Germany,Small Business,Healthcare,2022-09-20,58161.27
LUKSW,Cardoso,Mariana Souza,Purchasing Manager,Monteiro,Brazil,Small Business,Technology,2023-03-14,207378.34
GLATU,"Cunningham, Reed and Gill",Patrick Morgan,Marketing Manager,Jamesland,UK,Small Business,Hospitality,2019-11-02,36128.16
MKTWZ,藤田ガス合同会社,清水 桃子,Purchasing Manager,横浜市旭区,Japan,Corporate,Transportation,2023-07-06,799963.15
PWRKU,Hermanos Chacón S.L.,Reynaldo Oliva Miró,Sales Representative,La Rioja,Spain,Retail,Technology,2023-05-04,114344.56
BCLPB,Anderson Group,Mary Newman,Purchasing Manager,North Claudiastad,USA,Small Business,Transportation,2023-10-13,140228.72
LTYKG,주식회사 첨단에코바이오,안상현,Accounting Manager,용인시 기흥구,South Korea,Corporate,Hospitality,2022-01-04,627156.19
JGDZI,Parker-Church,Danielle Mcclain,Owner,New Allen,USA,Corporate,Hospitality,2020-05-26,462733.54
GVXHF,"Brown, Jackson and O'Brien",Stuart Dean-Evans,Operations Manager,South Yvonnefort,UK,Corporate,Technology,2019-10-27,502928.25
LVQPC,Richardson-Jackson,Mr Trevor Reed,Sales Representative,East Brenda,UK,Small Business,Food & Beverage,2019-03-12,156045.52
KTFII,Faust Barth GmbH,Paola Tröst,Procurement Specialist,Vohenstrauß,Germany,Wholesale,Retail,2020-08-05,162626.19
DQLNX,Jensen-Birkeland,John-Simen Lunde,Accounting Manager,Jenssen,Norway,Corporate,Education,2023-12-21,558992.43
JPWMU,井上建設株式会社,斎藤 康弘,Sales Associate,安房郡鋸南町,Japan,Corporate,Education,2019-07-22,536223.43
UODSS,Sager OHG mbH,Annelore Reuter,Accounting Manager,Zossen,Germany,Corporate,Technology,2021-05-02,236340.72
NCLDU,Radisch Gotthard e.V.,Milan Rosemann,Order Administrator,Neunburg vorm Wald,Germany,Retail,Education,2019-05-08,151257.37
ZPYUL,"Smith, Williams and Ryan",Alan Moore,Supply Chain Manager,Bradleyshire,UK,Small Business,Education,2024-06-04,128125.43
PNGUP,"Club Almanza, Raya y Loya",Lourdes Cristina Maya Ocasio,Logistics Coordinator,San Abelardo de la Montaña,Mexico,Small Business,Retail,2024-11-01,132524.8
QDPST,Gibson-Wilkinson,Howard Williams,Accounting Manager,Fullerton,UK,Retail,Hospitality,2023-12-16,81496.79
DEBGS,Rios S.A.,Ryan Fernandes,Owner,Aparecida,Brazil,Small Business,Transportation,2019-11-21,211445.43
XOYMA,"Pruitt, Tanner and Pollard",Alex Ross,Owner,Samanthaview,USA,Retail,Education,2021-08-06,43926.66
MRZUF,Espinal y de la Fuente A.C.,Héctor Sonia Herrera,Accounting Manager,San Adán los altos,Mexico,Retail,Technology,2021-07-31,98188.12
VBLZW,Tecnologías VH S.L.,Benito Bauzà Escrivá,Supply Chain Manager,Valladolid,Spain,Wholesale,Transportation,2019-06-21,257341.85
AASJV,"Sáenz, Dueñas y Becerra",Serafín Hernádez,Purchasing Manager,Vieja Bhután,Mexico,Small Business,Manufacturing,2025-05-02,10662.94
UFYKJ,Perry-Fisher,Dr. John Berry,Owner,Ianmouth,USA,Corporate,Hospitality,2021-02-24,524073.36
ODPVC,Sampaio Santos S/A,Isadora Caldeira,Logistics Coordinator,Albuquerque,Brazil,Corporate,Food & Beverage,2022-11-18,54154.08
JBTHG,Doyle Inc,Kelly White,VP of Purchasing,Ericshire,Canada,Wholesale,Transportation,2025-01-02,152951.35
SZIGN,Monteiro Ltda.,Matheus Garcia,Logistics Coordinator,Costela do Norte,Brazil,Small Business,Manufacturing,2022-02-13,155233.3
ISHJO,黄石金承网络有限公司,李小红,Accounting Manager,南昌市,China,Corporate,Technology,2024-05-19,270295.9
YUWOX,Reyes-Stevenson,Mrs. Amanda Williams,Logistics Coordinator,Brownmouth,USA,Retail,Education,2025-03-10,21221.45
FHFBD,信诚致远传媒有限公司,王佳,Purchasing Manager,长春市,China,Corporate,Hospitality,2021-06-10,451127.08
RURTU,"Johnson, Guerrero and Ruiz",Sandra Cortez,Owner,Lake Codyton,USA,Corporate,Construction,2023-07-05,280931.9
YDMMW,Killooly-O'Herlihy,Dr. Jaime Thomas,Marketing Manager,Demi Ville,Ireland,Corporate,Healthcare,2021-05-16,938525.41
BTVXC,Tanner Ltd,Mark Harrell,Logistics Coordinator,Cynthiaview,Australia,Wholesale,Hospitality,2023-10-04,478526.27
CJALE,Almeida - EI,Helena Souza,Sales Representative,Moura de da Paz,Brazil,Retail,Hospitality,2022-01-17,134380.69
ZRCCU,Jopich Fröhlich AG & Co. OHG,Julian Adolph,Owner,Herford,Germany,Small Business,Food & Beverage,2024-04-16,42791.6
XOXZR,Rotteveel & Michiels,Hidde van der Smeede,Owner,Grathem,Netherlands,Wholesale,Retail,2018-03-13,603367.43
JPIUL,Apodaca y Acevedo A.C.,Laura Mayte Montes,Accounting Manager,San Frida los bajos,Mexico,Government,Hospitality,2020-08-08,1250875.75
JXLEK,岡田保険合同会社,太田 修平,Supply Chain Manager,昭島市,Japan,Retail,Technology,2019-01-17,44822.56
RGSZD,Construcción SHZ S.A.D,Tadeo Oller,Marketing Manager,Ávila,Spain,Corporate,Education,2021-07-23,641888.18
ABQRQ,Holden and Sons,Sharon Stephens,Order Administrator,Port Sonyaview,USA,Wholesale,Retail,2022-02-23,402864.58
GIOQY,Schweitzer,Juan Stumpf,Purchasing Manager,Uelzen,Germany,Corporate,Transportation,2018-08-05,265156.24
NLZIF,Ingram PLC,Eric Hobbs,Accounting Manager,South Tinamouth,USA,Small Business,Food & Beverage,2024-11-30,215480.03
OKQSG,株式会社鈴木ガス,橋本 直人,Procurement Specialist,南房総市,Japan,Small Business,Education,2018-01-03,182515.68
AAXZS,"Yoder, Oconnell and Rosales",Yvonne Mccullough,Logistics Coordinator,Lake David,Australia,Retail,Education,2020-07-02,171245.53
IWMDL,Jones-Finch,Kevin Ford,Owner,Millerfurt,UK,Small Business,Agriculture,2022-01-01,214592.5
ZRESL,Paris,Manon Roussel,Order Administrator,Reynaud,France,Small Business,Food & Beverage,2024-08-23,37817.22
TQYNO,Mukhopadhyay-Sane,Rehaan Shukla,Owner,Gaya,India,Retail,Healthcare,2020-07-27,48106.86
CBQDT,山田電気合同会社,山下 千代,Owner,西多摩郡瑞穂町,Japan,Retail,Construction,2024-03-20,116201.18
VLZXC,Davis-Sims,Danny Martin,Sales Associate,Lake Timothy,Canada,Corporate,Food & Beverage,2024-03-18,661413.71
PUYTF,Aubry et Fils,Thibault Benard,Owner,Sainte Stéphanie,France,Wholesale,Retail,2022-11-04,277989.19
LVQEX,Marty et Fils,Thierry Bourdon,Operations Manager,Petitjean-sur-Mer,France,Corporate,Retail,2019-01-21,143721.27
HPSOQ,Santos Group,Brittany Robbins,Order Administrator,Jonesland,USA,Retail,Education,2020-09-16,102451.51
YPSVA,"Franklin, Thornton and Parks",Crystal Brock,Logistics Coordinator,Christopherberg,USA,Small Business,Manufacturing,2024-12-04,23395.89
JFLVT,"Warren, Richardson and Walker",Mr Charlie Gallagher,Procurement Specialist,West Bethanchester,UK,Retail,Retail,2020-12-24,90468.33
HNOXZ,Zorbach,Alessandro Ruppert B.Sc.,Sales Associate,Borken,Germany,Small Business,Education,2022-10-15,225170.09
MSIOW,Smith and Sons,Ruth Martin-Smith,Owner,Hillhaven,UK,Small Business,Construction,2021-09-27,183775.63
YWBJQ,"Fuller, Todd and Morse",Charles Barrera,Order Administrator,Clintonchester,Canada,Small Business,Education,2021-06-23,106143.39
IEGYM,Gauthier Regnier S.A.R.L.,Georges Lefebvre du Renault,Order Administrator,Hernandez-les-Bains,France,Corporate,Agriculture,2022-07-08,94754.17
RKAYK,Dey Group,Chasmum Virk,Procurement Specialist,Nagpur,India,Wholesale,Retail,2022-07-12,390784.8
HKTIW,"Jackson, Allison and Garcia",Kristin Lawrence,VP of Purchasing,Michaelhaven,USA,Small Business,Food & Beverage,2023-12-02,161652.55
ICTVO,Taylor-Woods,Brian Middleton,Sales Representative,Adrianaberg,USA,Small Business,Manufacturing,2023-01-09,70036.34
ZWDMG,Rubén Quevedo Gisbert S.C.P,Sabas Calvet-Salamanca,Logistics Coordinator,Córdoba,Spain,Corporate,Manufacturing,2024-11-23,535920.18
WQICR,Coleman-Espinoza,Betty Morales,Order Administrator,Blackmouth,USA,Corporate,Agriculture,2025-01-17,618379.04
OFQWI,Gutierrez and Sons,Jacob Murray,VP of Purchasing,Lake Gwendolyn,Australia,Corporate,Construction,2019-01-28,645949.5
PTLJY,"Phillips, Green and Gibson",Sandra Smith,VP of Purchasing,West Lindamouth,Canada,Small Business,Education,2019-12-13,40072.43
MRCZO,Santos,Ana Clara Mendonça,Owner,Leão da Mata,Brazil,Corporate,Hospitality,2022-01-03,521712.6
OGBCX,"Jordan, Wilson and King",Louise Murphy,Sales Associate,South Paulabury,UK,Corporate,Technology,2019-06-22,858080.03
PCWIA,Nogueira,Davi Lucas da Cunha,VP of Purchasing,Cardoso da Mata,Brazil,Retail,Education,2024-03-11,153265.39
WQLQG,Reising,Hans-Jürgen Austermühle,Owner,Kassel,Germany,Wholesale,Education,2024-01-18,472330.49
NGRHP,Dörr Neuschäfer GmbH & Co. KG,Franka Ladeck,Accounting Manager,Grimma,Germany,Corporate,Food & Beverage,2018-09-28,730281.23
RXVWE,"Cannon, Rios and Johnson",Michael Ford,VP of Purchasing,New Danielle,USA,Retail,Technology,2023-02-06,83531.76
VOEIS,Pires S.A.,Sofia Rezende,Accounting Manager,Dias,Brazil,Corporate,Hospitality,2021-11-23,625906.08
LVTZZ,Novais,Srta. Beatriz Carvalho,Operations Manager,Melo de Barbosa,Brazil,Wholesale,Construction,2019-01-06,746597.94
AWKXL,Saiz y Cantú S.A. de C.V.,Vicente Sánchez,Accounting Manager,San Eloisa los altos,Mexico,Corporate,Education,2018-01-13,825460.33
OUOJP,"Davis, Hayes and Nelson",Terri Smith,Order Administrator,Lake Jamesside,USA,Small Business,Education,2022-06-17,136833.39
MBKQD,Jackson Ltd,James Clayton,Sales Representative,Nguyenport,USA,Small Business,Hospitality,2018-04-01,206053.19
RXPLA,Rosemann,Dipl.-Ing. Hasso Hermann B.Eng.,Procurement Specialist,Lübeck,Germany,Small Business,Transportation,2022-10-18,109055.76
EFVRA,"Chavez, Anderson and Smith",Joshua Cruz,Supply Chain Manager,Whitechester,USA,Wholesale,Manufacturing,2018-04-30,289943.75
UPIUF,Spencer LLC,Allison Melton,Accounting Manager,North Hollytown,Canada,Small Business,Healthcare,2018-01-02,142804.95
RFMON,Sterna-Łodej S.A.,Anna Maria Lipok,Logistics Coordinator,Sopot,Poland,Corporate,Hospitality,2022-09-20,280605.21
MSMAO,Aragão Sá S.A.,Rafael Barbosa,Purchasing Manager,Nogueira,Brazil,Small Business,Hospitality,2018-06-21,34396.59
UPWYF,Duncan-Jackson,Shane Garza,Purchasing Manager,Duffyfurt,USA,Corporate,Retail,2019-04-03,311711.01
LRWTD,Jiménez-Barrientos S.A. de C.V.,Ricardo Valentín Bahena,Procurement Specialist,San Abelardo los altos,Mexico,Small Business,Construction,2024-09-14,106983.64
NTQBN,Gross-Harvey,Roberto Wheeler,Purchasing Manager,Lake Angelica,USA,Corporate,Retail,2019-08-16,214043.17
NDWHN,"Mack, Young and Silva",Jeanette Hansen,VP of Purchasing,Newmanview,USA,Wholesale,Healthcare,2022-08-13,649605.78
MUUCW,Lynch-Brown,Raymond Hall,Supply Chain Manager,West Michael,USA,Small Business,Hospitality,2021-12-06,201765.34
HDWZP,Gibson-Burch,Marie Baker,Owner,Lake Zachary,USA,Wholesale,Retail,2022-07-25,395627.57
HCBDU,Miller-Greene,Tyler Peters,VP of Purchasing,Jaredberg,USA,Wholesale,Healthcare,2022-05-26,642590.73
GMHGF,Lancisi SPA,Rosalia Malpighi-Boccioni,Owner,Spinoso,Italy,Wholesale,Transportation,2021-07-04,441130.58
UCFGJ,Johnson-Pope,Lucy Hall,Purchasing Manager,West Hughview,UK,Corporate,Agriculture,2024-11-28,205127.61
CWWPY,Pacheco PLC,Tina Kennedy,Operations Manager,New Joshua,USA,Small Business,Agriculture,2023-11-14,95164.27
ECYAB,Wilkinson-Jones,Scott Thomas,Sales Representative,New Clivechester,UK,Corporate,Retail,2019-05-19,947759.38
GLUJH,Olivares y Alonso S.L.U.,Máxima Esteve Almazán,VP of Purchasing,Navarra,Spain,Small Business,Healthcare,2022-10-12,100274.03
DTGSB,Hermanos Saura S.L.,Lucas Valenciano Machado,Purchasing Manager,Valladolid,Spain,Corporate,Manufacturing,2022-12-05,293472.36
ORZVI,Griffin-Jennings,Lisa Rivera,Supply Chain Manager,Morganchester,Canada,Corporate,Construction,2021-10-01,128488.67
HYYGH,Suministros Alcalde & Asociados S.A.,Aura de Galván,Logistics Coordinator,Burgos,Spain,Small Business,Construction,2020-01-18,112598.58
MDXBM,Harris Ltd,Gareth McKenzie,Accounting Manager,North Barrystad,UK,Retail,Hospitality,2018-11-14,114703.24
GGAGJ,Benthin,Tabea Siering-Meister,Purchasing Manager,Hechingen,Germany,Retail,Manufacturing,2023-03-16,68355.88
UMNUT,Binner Scholtz GmbH,Univ.Prof. Janette Freudenberger B.Eng.,Sales Representative,Neuss,Germany,Small Business,Agriculture,2020-03-01,190270.72
UHIAO,da Cruz,Vitor Cunha,Marketing Manager,Macedo Grande,Brazil,Retail,Manufacturing,2023-01-07,63366.42
YHBYC,"Johnson, Williamson and Trevino",Amanda Vazquez,Sales Associate,Wrightmouth,USA,Wholesale,Construction,2020-04-21,712611.53
NPMMZ,"Francis, Brown and Pritchard",Mr Daniel Davies,Logistics Coordinator,East Stephen,UK,Wholesale,Transportation,2020-05-14,559914.11
GDGEI,"O'Sullivan, McAteer and O'Devenny",Dominic Mullooney,Owner,Francesca Ville,Ireland,Wholesale,Agriculture,2020-10-31,516114.88
CHDFW,Evans-Evans,Maria Bond,Operations Manager,Jacquelineside,UK,Retail,Food & Beverage,2020-09-12,113914.11
PIVBR,新宇龙信息信息有限公司,郭莹,Sales Associate,凤兰县,China,Corporate,Healthcare,2018-11-02,615972.67
OQXYF,Irzyk Sp. z o.o.,Cyprian Nicewicz,Order Administrator,Kędzierzyn-Koźle,Poland,Corporate,Food & Beverage,2021-01-14,554429.04
EQJRO,数字100网络有限公司,陈凤兰,Sales Representative,亮县,China,Retail,Healthcare,2022-10-06,43983.7
PUUJC,"Mitchell, Gibson and Mitchell",Michael Watson,Owner,Elizabethfurt,USA,Small Business,Education,2019-08-04,192479.05
RNSCD,Mendes Aparecida - ME,Lívia Rezende,Purchasing Manager,Azevedo,Brazil,Wholesale,Construction,2021-12-01,474757.22
DVSGD,"Long, Martinez and Nichols",Shaun Pena,VP of Purchasing,Markview,USA,Corporate,Manufacturing,2019-03-24,230214.78
PRZIV,Espino-Gurule,Graciela Araceli Rincón,Marketing Manager,San Asunción de la Montaña,Mexico,Corporate,Construction,2021-11-23,693331.2
TLQHV,Reeves Group,Richard Phillips,Supply Chain Manager,Port Brett,Australia,Government,Healthcare,2019-12-24,451963.44
UVZVA,"Stanton, Cline and Meyer",Jessica Cooley,Owner,Lake Robert,USA,Small Business,Hospitality,2023-10-08,171768.72
LCFDQ,Heinzl Ramsauer GesbR,Leni Stefan-Maurer,Owner,Wieselburg,Austria,Government,Transportation,2025-02-09,1553312.94
GNVTX,"Aguilar, Espinoza and Butler",Omar Haynes,Purchasing Manager,Trujillofurt,USA,Retail,Hospitality,2020-04-20,228124.93
MVYLP,"Stewart, Craig and Fernandez",Richard Perry,Purchasing Manager,Franciscoland,USA,Corporate,Manufacturing,2024-10-13,858847.24
NVETZ,Nunes,Srta. Ana Duarte,Accounting Manager,Ribeiro,Brazil,Government,Education,2018-06-27,435315.8
JPVJV,Smith-Flores,Elizabeth Taylor,Procurement Specialist,Sarastad,USA,Corporate,Hospitality,2022-01-11,937287.31
MOCKW,Lima,Luna Freitas,Owner,Porto,Brazil,Retail,Agriculture,2019-04-12,16837.54
HADLB,Conradi,Herr Ivo Pohl B.A.,VP of Purchasing,Freital,Germany,Retail,Healthcare,2018-10-26,28839.53
VJAAF,"Neal, Allen and Perkins",Christopher Young,Sales Associate,Markburgh,USA,Wholesale,Education,2019-07-07,366820.42
PYMQO,Marshall-Hartley,George Barber-Newton,Operations Manager,Hamiltonville,UK,Retail,Hospitality,2023-09-28,187546.24
UJBKW,Sampaio Martins Ltda.,Lucas Gabriel Caldeira,Sales Representative,Peixoto Grande,Brazil,Corporate,Construction,2021-11-08,814685.67
EFWZI,Costa,Thales Sampaio,Purchasing Manager,Cassiano,Brazil,Corporate,Construction,2019-07-17,680578.02
TFTCE,Häfliger Siegrist AG,Lara Wegmann,Sales Representative,Baden,Switzerland,Corporate,Food & Beverage,2025-03-18,394782.34
LHSEJ,Zahn KGaA,Dipl.-Ing. Dörthe Hübel B.Eng.,Sales Representative,Freising,Germany,Small Business,Education,2020-02-05,73931.04
KYTRM,(주) 넥스트코리아유통,김지민,Marketing Manager,여주시,South Korea,Wholesale,Technology,2020-01-31,461385.06
JPVFI,"Ahmed, Gardner and Nelson",Louis Thomas,Order Administrator,West Derek,UK,Retail,Manufacturing,2018-09-17,43846.27
LZGLW,Hasler GmbH,Alison Bosshard,Logistics Coordinator,Delsberg,Switzerland,Wholesale,Retail,2022-11-14,321774.33
KMQPH,西村印刷株式会社,石川 七夏,Order Administrator,調布市,Japan,Retail,Education,2020-09-22,235223.95
HTRJU,Behl-Dhar,Gauri Mani,Accounting Manager,Jamnagar,India,Retail,Retail,2024-07-29,94724.12
NJFCV,Johnson-Flores,Heather Li,VP of Purchasing,North Kathryn,Canada,Retail,Food & Beverage,2024-09-15,175178.0
WUQXF,Holder PLC,Derek Douglas,Purchasing Manager,South Michael,USA,Small Business,Hospitality,2022-10-03,90254.43
GWPEC,Perez PLC,Martina Torres,Logistics Coordinator,Posadas,Argentina,Small Business,Education,2023-12-16,73590.01
AJRGV,"Perez, Cook and Dodson",Jordan Lawrence,Operations Manager,New Kaylaside,USA,Small Business,Food & Beverage,2019-12-15,177418.18
ONNIS,Schmidtke KG,Fadime Radisch MBA.,Order Administrator,Bad Liebenwerda,Germany,Retail,Agriculture,2024-07-20,162998.68
LIQLT,Kjær & Søn ApS,Dr. Solveig Mikkelsen,Operations Manager,Toreby,Denmark,Small Business,Transportation,2022-09-04,68685.6
HEPZT,"Morgan, Stevenson and McCarthy",Tom Barber,Accounting Manager,Tonymouth,UK,Corporate,Agriculture,2024-08-17,209197.48
KGZXN,Michel,Michel Gomes,Owner,Sainte Antoinette,France,Wholesale,Transportation,2023-02-03,403810.0
LUYTG,"Montenegro, Medrano y Sevilla",Ing. Tania Arellano,Procurement Specialist,San Irene los altos,Mexico,Corporate,Agriculture,2024-12-29,55419.27
ZNUXG,Karlsson & Olsson AB,Christina Gunnarsson,Purchasing Manager,Eskilstuna,Sweden,Corporate,Construction,2019-10-20,907843.11
WUKBS,有限会社伊藤農林,遠藤 洋介,Supply Chain Manager,北区,Japan,Small Business,Retail,2024-05-22,118719.36
LCWSS,Massey-Garcia,Janet Allen,Supply Chain Manager,Port Emilyland,USA,Retail,Education,2024-05-02,217772.95
EBTWJ,Proyectos Arroyo-Corrales,Lic. Bianca Cepeda,Owner,Nueva Congo,Mexico,Small Business,Retail,2022-02-24,15182.19
JFQBI,"Chase, Bonilla and Martinez",Raymond Fields,Sales Associate,Kennethberg,Australia,Corporate,Hospitality,2019-12-17,640689.26
SVRBB,Picard Hervé S.A.,Denis Grondin,Sales Associate,Becker,France,Small Business,Agriculture,2023-04-07,238475.48
UFSUS,Bauer AG,Carlos Meister B.A.,Supply Chain Manager,Grimmen,Germany,Corporate,Hospitality,2022-12-18,962267.9
VXTYM,Bonnet,Victoire-Brigitte Delannoy,Supply Chain Manager,Daniel,France,Small Business,Agriculture,2019-09-23,69797.29
POMSM,Juarez Group,Luca Suarez Ramirez,VP of Purchasing,Neuquén,Argentina,Corporate,Technology,2020-02-08,811862.41
LPMKB,"Traversa, Leoncavallo e Pizzamano s.r.l.",Giovanna Bertolucci,Owner,Sorriva,Italy,Corporate,Technology,2021-06-08,655402.76
VMBPM,华远软件传媒有限公司,岳伟,Purchasing Manager,北京县,China,Small Business,Retail,2018-04-19,95746.43
UJWOJ,有限会社伊藤建設,佐藤 幹,Owner,川崎市高津区,Japan,Small Business,Education,2019-05-29,197678.6
BMVCX,Manufacturas YLV S.Coop.,Iker Exposito,Sales Representative,Girona,Spain,Corporate,Hospitality,2020-05-29,210810.35
VWYBC,Staude,Univ.Prof. Inka Metz B.A.,Logistics Coordinator,Tübingen,Germany,Corporate,Hospitality,2020-04-03,773301.08
XTOUS,주식회사 고구려,김민재,Purchasing Manager,안산시 단원구,South Korea,Corporate,Technology,2025-06-07,920098.97
NMBVC,Hauffer,Johannes Ullmann B.Sc.,Supply Chain Manager,Nördlingen,Germany,Small Business,Hospitality,2025-01-13,198913.09
ZFEDD,Danielsen og Sønner,Marius Holm,Purchasing Manager,Øysteindal,Norway,Small Business,Manufacturing,2021-08-21,194387.35
XYNKL,四通信息有限公司,温帆,Sales Representative,梅市,China,Corporate,Transportation,2019-04-16,68772.62
VGHVK,Curci-Fantini e figli,Napoleone Pedrazzini-Rubbia,Order Administrator,Camerano,Italy,Corporate,Retail,2021-11-30,720803.82
ESVRU,Spółdzielnia Dylik-Wiewiórka S.A.,pani Róża Sołek,Order Administrator,Słupsk,Poland,Wholesale,Manufacturing,2023-03-15,486472.52
SYQZA,"Holt, Gonzalez and Best",Harold Gonzalez,Sales Representative,Angelabury,USA,Corporate,Manufacturing,2019-07-22,668305.86
FZECM,"Griffin, Schneider and Aguilar",Angela Bullock,Order Administrator,West Johnton,USA,Corporate,Transportation,2022-05-05,522850.48
RFAAC,"Adams, Hoffman and Ward",Jordan Esparza,Marketing Manager,Lindseyfort,USA,Small Business,Retail,2018-12-20,8514.87
NLVUM,Figueroa Ltd,Aaron Smith,Accounting Manager,Sawyerland,USA,Small Business,Retail,2022-03-07,48582.25
OMFBX,"Mitter, Thakur and Misra",Tanmayi Mane,Accounting Manager,Etawah,India,Small Business,Healthcare,2019-04-06,12665.97
KKLVE,"Garcia, Kelley and Singh",Jamie Cox,Sales Associate,Duncanberg,Canada,Corporate,Retail,2021-06-07,949955.39
WYIPB,"Smith, Thompson and Cardenas",Jackie Pham,VP of Purchasing,Patriciaville,Australia,Corporate,Transportation,2023-12-19,166858.38
VPWZZ,Stahr,Tilo Weitzel,VP of Purchasing,Jülich,Germany,Small Business,Manufacturing,2023-07-16,184562.61
IMYGV,恩悌科技有限公司,周桂荣,VP of Purchasing,婷婷市,China,Small Business,Education,2023-11-22,53392.56
NPQEX,"Wilcox, Herring and Stevenson",Elizabeth Johnson,Operations Manager,South Lorraine,USA,Wholesale,Retail,2019-04-12,704530.6
UTLIT,Nair-Issac,Arjun Sani,Procurement Specialist,Gopalpur,India,Small Business,Retail,2024-05-16,127406.75
PUZRI,"Wilson, Stewart and Thomson",Natalie Burns-Howard,Accounting Manager,South Steven,UK,Small Business,Healthcare,2020-08-02,223596.83
AQWGK,"Adams, Norton and Williams",Michael Boyle,Supply Chain Manager,Lake Renee,USA,Corporate,Healthcare,2022-08-22,576421.7
ZFZHY,da Costa,Srta. Ester Castro,Logistics Coordinator,Castro das Flores,Brazil,Corporate,Education,2020-01-25,418217.39
EDTPT,da Paz,Nicole Araújo,Sales Associate,Macedo das Flores,Brazil,Wholesale,Transportation,2020-03-06,511362.48
XDAUF,Lowe Ltd,Mr Jack Hall,Logistics Coordinator,South Judithland,UK,Small Business,Food & Beverage,2023-07-04,32695.25
QQBPX,"Jones, Johnson and Taylor",Dr. Kelly Smith MD,VP of Purchasing,Sherriville,USA,Small Business,Food & Beverage,2018-11-04,29328.17
CYJUC,"Jones, Edwards and Riley",Olivia Smith,Sales Associate,Port Alexanderton,UK,Wholesale,Healthcare,2021-04-17,75121.85
HOCOW,"Lee, Jones and Larsen",Kelly Kidd,Sales Associate,Ashleyborough,USA,Small Business,Construction,2018-02-14,195066.61
XLQAX,Hoffmann Blümel GbR,Carmelo Briemer,Logistics Coordinator,Miltenberg,Germany,Small Business,Retail,2018-04-20,34587.9
BRPVB,Foconi-Borromeo SPA,Sig. Agnolo Gagliardi,VP of Purchasing,Motta San Damiano,Italy,Small Business,Manufacturing,2020-09-24,77250.58
DMDAJ,"Palmer, Dunn and Williams",Randy Wallace,Sales Associate,Deborahview,USA,Small Business,Retail,2018-11-14,114384.87
EAQEW,Heidrich,Valeska Boucsein,Sales Representative,Luckau,Germany,Retail,Transportation,2018-02-27,107209.45
QCGTL,Martinez-Ball,Kara Jennings,Marketing Manager,West Kimberlyside,USA,Retail,Agriculture,2020-11-28,216824.74
MCCWZ,Versluijs BV,Berat van Duivenvoorde,Sales Associate,Grathem,Netherlands,Wholesale,Manufacturing,2024-06-25,122170.42
URUSX,Mathis-Scott,Lisa Baker,Accounting Manager,South Danielchester,USA,Retail,Agriculture,2025-03-22,184757.16
SWBMS,Morales Ltd,Santiago Sanchez,Sales Representative,Rawson,Argentina,Government,Construction,2018-11-29,1682904.31
WJHMG,浦华众城网络有限公司,庞彬,Supply Chain Manager,北京县,China,Corporate,Education,2019-02-01,176903.67
PUEHV,Morvan et Fils,Isaac Ramos de la Ribeiro,Operations Manager,Sainte Michelle,France,Retail,Agriculture,2023-12-06,235938.74
EUIRA,Rocha,Carolina Dias,VP of Purchasing,da Costa,Brazil,Retail,Retail,2021-01-20,34919.21
HPKCV,Powers PLC,Lisa Young,Operations Manager,Port Monicaville,USA,Small Business,Education,2025-01-27,201051.35
OVAJS,Heuser,Aleksej Scheibe,Procurement Specialist,Eckernförde,Germany,Small Business,Retail,2024-04-03,244235.12
EUGIG,Mentzel,Riza Schaaf,Logistics Coordinator,Stendal,Germany,Wholesale,Food & Beverage,2023-04-03,565891.0
DJJFI,Industrias Soliz-Ramos,Araceli Israel Villareal Hinojosa,VP of Purchasing,Vieja Ghana,Mexico,Corporate,Education,2022-10-07,430295.84
VMTCV,Zimmerman-Hoover,Jeffery Newman,Sales Representative,Sanchezchester,USA,Small Business,Agriculture,2022-09-08,181251.18
AFCVB,Nguyen,Robert-Arthur Perez,Order Administrator,Sainte Daniel,France,Corporate,Healthcare,2025-02-19,683683.57
FDHOE,Rosemann KGaA,Nicolaus Mosemann-Finke,Order Administrator,Erfurt,Germany,Corporate,Technology,2018-02-22,600186.1
OXMLB,Hughes-Stephenson,Connor Adams,Order Administrator,Haleland,UK,Retail,Construction,2018-02-01,57859.1
RRCBJ,주식회사 모두금고,안은주,Accounting Manager,안양시,South Korea,Small Business,Retail,2023-05-14,86045.13
XFLHR,Lee Inc,Jordan White DDS,Marketing Manager,Port Ryan,USA,Retail,Technology,2018-08-18,25199.25
QQYKN,"Hughes, Martin and Miller",Sylvia Lawrence,Logistics Coordinator,Jessicaberg,USA,Wholesale,Agriculture,2020-11-09,237613.03
MIIKL,"Baeza, Valenzuela y Peralta",Lic. Blanca Brito,Sales Representative,Vieja Afganistán,Mexico,Corporate,Construction,2023-01-18,467605.25
YAJQC,"Ahmed, Tangen og Myklebust",May Rønning,VP of Purchasing,Johannessen,Norway,Corporate,Agriculture,2024-09-24,348042.67
KIWHK,Nyström AB,Jan Skoglund,Supply Chain Manager,Borås,Sweden,Corporate,Hospitality,2024-02-13,777563.32
ITSIZ,"Wong, Reed and Myers",Maria Snyder,Sales Representative,Port Jenniferstad,USA,Small Business,Retail,2018-02-24,29349.15
SRAGZ,"Johnson, Johnson and Decker",Lee Kelley,Marketing Manager,South Connieburgh,USA,Corporate,Education,2020-09-14,752718.2
WDRLJ,Ferreira Ltda.,Laís das Neves,Purchasing Manager,Pacheco,Brazil,Corporate,Food & Beverage,2022-04-20,844693.68
GQYCR,Hampton-Richard,Jason Long,Procurement Specialist,Alexanderburgh,Australia,Corporate,Education,2022-06-20,955571.37
WAMHI,"Morrison, Thomas and Matthews",Darren Carter,VP of Purchasing,Lake Dylanside,UK,Wholesale,Transportation,2019-07-31,560112.94
HQHKV,Barbe,Thibault-Aimé Gomez,Order Administrator,Morin,France,Retail,Agriculture,2021-05-16,56441.99
FEJWY,Rose Textor AG,Ramon Müller,Marketing Manager,Mayen,Germany,Wholesale,Healthcare,2020-06-29,53824.47
JRVKB,Jacquot et Fils,Guillaume Roche,Owner,Maillot-sur-Mer,France,Corporate,Education,2023-07-13,72066.83
JLYOR,Cook Group,Todd Heath,Owner,Lake Brian,Australia,Small Business,Education,2022-01-13,179399.93
YKQJW,Kreusel,Traugott Gumprich,Logistics Coordinator,Fulda,Germany,Corporate,Technology,2021-03-07,775081.73
HCSBR,Peters-Ramos,James Lynn,Owner,Port Laura,USA,Government,Manufacturing,2025-01-23,471439.31
HVIUK,Hering Heser OHG mbH,Ing. Damaris Scheuermann B.A.,Owner,Aachen,Germany,Corporate,Hospitality,2021-11-19,574564.91
ANCQN,株式会社山田水産,田中 英樹,Procurement Specialist,白井市,Japan,Corporate,Healthcare,2024-06-01,725378.19
QMONO,Smith Ltd,Sean Shaw,Marketing Manager,West Rebecca,Canada,Small Business,Hospitality,2024-02-03,238629.58
WDKAW,Albuquerque,Amanda Oliveira,Purchasing Manager,Ferreira de Mendonça,Brazil,Small Business,Education,2023-04-12,116866.98
CANSR,"Pandya, Comar and Rattan",Frado Badami,Order Administrator,Tenali,India,Wholesale,Retail,2019-12-15,323335.26
UIRPE,Wheeler-Parker,Naomi Barber,Purchasing Manager,Edwardschester,UK,Retail,Technology,2025-03-08,218714.29
TMMCC,Harvey and Sons,Leigh Gray,Supply Chain Manager,Danielsville,UK,Wholesale,Transportation,2018-02-21,678131.3
DISUM,Vasconcelos,Ana Carolina Cavalcante,Sales Associate,Almeida da Serra,Brazil,Wholesale,Education,2021-12-03,273447.9
MRBWW,York-Gutierrez,Lauren Orr,Order Administrator,Patrickhaven,USA,Small Business,Technology,2024-01-22,158380.23
JPLMT,Wong-Johnson,Alison King,Accounting Manager,Robinsonstad,UK,Small Business,Healthcare,2019-06-05,106284.97
WZFDU,Nascimento S/A,Igor Nogueira,Owner,Novais dos Dourados,Brazil,Corporate,Manufacturing,2021-01-28,432138.93
IPVYL,"Torres, Scott and Dennis",Mckenzie Tate,Operations Manager,Port Kellie,Australia,Small Business,Manufacturing,2022-11-03,109834.09
SOCWW,"Morgan, Long and Mills",Ms Joan Gibbs,Operations Manager,Gilbertborough,UK,Corporate,Agriculture,2018-10-14,676547.75
DIIOM,"Robinson, Scott and Page",Christopher Randolph,Operations Manager,Lake Tony,USA,Corporate,Food & Beverage,2025-01-08,904872.6
FBBIR,Fraser-Howell,Mrs Katherine Rees,Order Administrator,North Rachel,UK,Corporate,Technology,2021-09-08,357055.76
OLTOU,Adolph,Frau Annita Bärer,Accounting Manager,Main-Höchst,Germany,Small Business,Transportation,2024-07-19,24162.1
ETQNS,"Young, Williams and Davies",Dean Clarke-Charlton,VP of Purchasing,Evansberg,UK,Corporate,Hospitality,2023-08-30,74235.71
LXPSZ,Roht GmbH,Meike Schweitzer,Operations Manager,Sebnitz,Germany,Small Business,Technology,2022-12-09,94837.69
YUWVQ,"Menon, Nayar and Badami",Mohini Hari,Marketing Manager,Nizamabad,India,Retail,Healthcare,2020-10-28,57430.38
WMGWA,Schleich Wende AG,Filippo Hornig,Logistics Coordinator,Bad Liebenwerda,Germany,Retail,Agriculture,2019-01-12,66722.1
XTTNZ,"Sullivan, Rivera and Perez",Michelle Walker,Owner,West Elizabethborough,Canada,Retail,Healthcare,2018-03-02,169460.49
ATITE,巨奥科技有限公司,方瑜,Logistics Coordinator,军市,China,Government,Transportation,2020-09-09,476384.91
DYBCA,"Page, Walsh and Perez",Tara Ramirez,Sales Associate,Chadhaven,Australia,Small Business,Technology,2019-02-12,177069.33
YYMUM,"Manning, Reed and Molina",Christina Crawford,VP of Purchasing,West Debraport,USA,Small Business,Agriculture,2019-02-01,139531.34
JNSMT,Amaral,Helena Domingues,Order Administrator,Anadia,Portugal,Small Business,Construction,2024-02-25,121886.95
WCXPH,"Kelly, Nunez and Santos",Jessica Patterson,Purchasing Manager,Camachomouth,USA,Small Business,Construction,2018-01-02,18269.41
SYUQO,Grein Groth Weiß GmbH,Univ.Prof. Magdalena Kraus B.Sc.,Order Administrator,Kötzting,Germany,Corporate,Agriculture,2024-06-08,867288.2
STFDM,Järvi Kovanen Oy,Tuulikki Lehtinen,Procurement Specialist,Oulainen,Finland,Retail,Technology,2023-09-24,132454.99
ZZOHA,Lübs Stiftung & Co. KGaA,Dr. Leopold Jopich MBA.,Marketing Manager,Waldmünchen,Germany,Corporate,Technology,2018-06-26,942353.61
QZWXG,Buckley-Hilton,Mr Bruce Pritchard,Purchasing Manager,South Josh,UK,Corporate,Retail,2022-02-02,87369.97
KVZFI,Hebert S.A.S.,Maurice Bazin,Supply Chain Manager,Vallet,France,Corporate,Education,2021-09-18,502567.44
SQOWB,Brown Group,Seth Myers,Owner,South Elizabethland,USA,Small Business,Construction,2022-06-18,45323.78
MHINL,Johnson-Swanson,Nicholas Moore,Operations Manager,Rhodesborough,Australia,Small Business,Retail,2024-10-12,175214.7
KJCQW,Peixoto,Mariane Cardoso,Order Administrator,Moreira de da Cruz,Brazil,Small Business,Education,2022-09-10,103986.52
HFWIF,"Wells, Mendoza and Murphy",Danny Mcmillan,VP of Purchasing,Gillport,USA,Retail,Healthcare,2020-08-01,172569.09
VQWSJ,Price Ltd,Samantha Hill,Purchasing Manager,South Susan,UK,Corporate,Food & Beverage,2023-12-24,80291.72
PBBUW,"Sankar, Oommen and Golla",Krisha Srinivas,Accounting Manager,Munger,India,Corporate,Transportation,2019-05-05,80411.79
GWUSF,Wesack Hermann GmbH,Agnes Heintze,Marketing Manager,Rothenburg ob der Tauber,Germany,Corporate,Retail,2022-10-01,345755.3
QDNXW,"Davey, Morgan and Smith",Jeremy Bibi,Sales Associate,Frankfurt,UK,Corporate,Hospitality,2022-12-03,771661.34
MWRTY,"Donarelli, Fabrizi e Bembo Group",Amanda Montanariello,Logistics Coordinator,Montenero Sabino,Italy,Corporate,Construction,2024-08-20,218772.6
CDXOD,Glenn-Howard,Melissa Bishop,Logistics Coordinator,North Shirleymouth,USA,Small Business,Hospitality,2020-11-19,226215.11
ZTMOG,"Gala, Sehgal and Bhatia",Wriddhish Vaidya,Marketing Manager,Siliguri,India,Corporate,Food & Beverage,2024-06-28,679315.6
HKCXS,"Hayes, York and Gomez",Cynthia Curtis,VP of Purchasing,Jeffreyberg,Australia,Small Business,Construction,2024-03-02,102116.73
CJBLY,"Norris, Owens and Love",Emily Salas,Procurement Specialist,Port Juan,USA,Retail,Technology,2019-03-03,195822.63
VYFNS,Reising Wieloch AG,Maya Löffler,Operations Manager,Viersen,Germany,Small Business,Transportation,2023-06-05,35129.65
PZWRP,"Harvey, Rosario and Fields",Michael Morales,Purchasing Manager,Sharonburgh,USA,Small Business,Transportation,2021-08-27,5255.08
ZQAEL,Johansson Johansson AB,Joel Johansson,Sales Associate,Landskrona,Sweden,Wholesale,Manufacturing,2018-08-21,246910.99
NWYAZ,Martinez-Ware,Patrick Lewis,Marketing Manager,Kirkbury,USA,Small Business,Transportation,2023-07-24,127674.36
KUHXI,"Tandon, Hora and Bhatnagar",Anmol Kale,Supply Chain Manager,Jehanabad,India,Small Business,Construction,2023-03-06,26481.46
OOTVP,Rao Group,Jai Samra,Procurement Specialist,Bijapur,India,Small Business,Manufacturing,2023-08-06,152543.78
EFPEO,"Sanders, Ramsey and Mills",Morgan Mendoza,Sales Associate,Jacksonland,USA,Small Business,Food & Beverage,2021-10-06,163802.22
JZTMJ,Collins PLC,Lorraine Martinez,Accounting Manager,Sullivanside,USA,Small Business,Technology,2021-03-05,222272.09
PGYHA,Hatfield Group,Ryan Davis,Procurement Specialist,Aprilshire,USA,Corporate,Retail,2020-09-10,192591.14
LABEK,"Dale, Murphy and Middleton",Alison Andrews,Marketing Manager,New Stephanie,UK,Government,Education,2018-05-31,1488749.08
HXJTQ,Glover and Sons,Benjamin Waters,Marketing Manager,West Matthew,USA,Corporate,Construction,2018-12-18,193157.35
KDRML,Lehto Simonen ry,Tuuli Kolehmainen,Marketing Manager,Taipalsaari,Finland,Retail,Retail,2025-06-07,202338.7
BZBDI,Bucher KG,Samuel Pieber,Logistics Coordinator,Bruck an der Leitha,Austria,Small Business,Technology,2021-05-01,71844.72
RGPKM,Raya y Asociados,Manuel Reyes Rodríquez,Marketing Manager,San Yeni los altos,Mexico,Government,Healthcare,2019-06-25,1536121.91
FNSNV,Clark Group,Elizabeth Sanchez,Procurement Specialist,East Ricardo,Canada,Small Business,Agriculture,2020-03-21,181331.69
PNIDL,Junitz Anders GbR,Eleni Henk,Procurement Specialist,Wismar,Germany,Retail,Technology,2018-08-31,241857.24
ZJTGA,Martin LLC,Joanne Hammond,VP of Purchasing,West Bethstad,USA,Small Business,Construction,2024-05-12,62728.45
MTJCP,Melo,Igor Brito,Owner,Abreu de Fonseca,Brazil,Small Business,Agriculture,2021-03-19,67634.63
KRYYE,中建创业网络有限公司,王玲,Supply Chain Manager,北镇县,China,Wholesale,Food & Beverage,2020-10-12,417357.38
ZERLN,Delaunay Georges S.A.S.,Henriette du Charrier,Owner,Huetnec,France,Small Business,Transportation,2022-09-28,116942.44
UNKLS,Willems-Devos CV,Kim Coenen,Logistics Coordinator,Zingem,Belgium,Small Business,Hospitality,2021-01-10,135529.73
PJOGL,Walton Group,Pam Cunningham,Supply Chain Manager,South Loritown,USA,Retail,Healthcare,2020-01-23,58215.99
RHREG,Hornig,Leopold Schmidt-Etzold,Sales Associate,Brandenburg,Germany,Corporate,Healthcare,2022-08-09,279531.91
OMEJN,Phillips LLC,Sian Carter,Accounting Manager,Adamchester,UK,Wholesale,Hospitality,2022-07-06,470230.7
TCDHK,Camila Doménech Barreda S.Coop.,José Tenorio,Order Administrator,Baleares,Spain,Retail,Retail,2018-09-16,69780.13
FOMDK,Hande GmbH & Co. OHG,Otfried Scheel-Schmiedecke,Logistics Coordinator,Rottweil,Germany,Small Business,Food & Beverage,2023-09-03,7755.09
YSVNS,"Beard, Rangel and Garcia",Priscilla Sampson,Order Administrator,Christyport,USA,Small Business,Food & Beverage,2021-09-03,11619.0
PNLRS,Miller-Hansen,Miranda Rowland,Sales Representative,East Benjamintown,Canada,Wholesale,Manufacturing,2018-01-17,492532.81
IAIWQ,Royal Sarneel,Lieke Bekbergen,Accounting Manager,Buitenpost,Netherlands,Small Business,Transportation,2024-01-10,188171.66
PJFHU,Iqbal LLC,Alice Sanderson,Marketing Manager,Valerieview,UK,Retail,Manufacturing,2019-06-21,156562.43
SMSOQ,Wähner AG,Uli Kaul,Operations Manager,Rockenhausen,Germany,Corporate,Retail,2020-06-28,184316.37
WJRTI,Warmer,Kilian Butte-Werner,Marketing Manager,Sangerhausen,Germany,Corporate,Food & Beverage,2023-07-06,59953.89
DUTWM,Godard S.A.R.L.,Anaïs Marion de Huet,Sales Associate,KleinBourg,France,Wholesale,Construction,2021-09-03,366018.4
LOWRX,(유) 하나제나랩스,홍성호,Purchasing Manager,아산시,South Korea,Corporate,Healthcare,2020-04-08,877297.45
PAYNW,Haase,Alida Roskoth-Bauer,Sales Representative,Lüdinghausen,Germany,Wholesale,Food & Beverage,2024-03-06,386020.31
BKWXR,Haengreve BV,Stella Mol,Order Administrator,Ried,Netherlands,Small Business,Education,2018-02-19,232345.77
PRWWG,Carter-Franklin,Ryan Gonzalez,Order Administrator,Patriciafort,USA,Retail,Education,2019-07-23,49770.65
CTNPH,Smith PLC,Tracy Watson,Purchasing Manager,Jamestown,USA,Corporate,Construction,2020-09-09,595863.32
XKPFB,Proyectos Montañez-Preciado,Homero Zoé Valentín,Procurement Specialist,Vieja Rwanda,Mexico,Corporate,Technology,2021-09-18,604609.04
BATRL,Jenkins-Arnold,Erica Jarvis,Order Administrator,Lake Richardborough,Canada,Wholesale,Food & Beverage,2019-03-23,633622.2
FXQBD,Banco Méndez y asociados S.L.,Aureliano Apolinar Fuentes Peiró,Operations Manager,Ourense,Spain,Corporate,Agriculture,2018-09-26,665721.14
VZRPP,Young Ltd,Angel Sanders,Procurement Specialist,Jimeneztown,USA,Corporate,Manufacturing,2022-09-06,348271.44
XUPTX,Cassiano,Thiago Farias,Sales Associate,Moura do Norte,Brazil,Corporate,Construction,2019-12-16,963683.37
UEHJB,Obrien and Sons,Amanda Mcguire,Order Administrator,West Kim,USA,Corporate,Technology,2023-11-27,871148.12
ECCQB,Mendes,Gabriela Pereira,Logistics Coordinator,Correia,Brazil,Wholesale,Education,2021-08-01,564612.68
KGYBZ,Machado Melo S.A.,Eduardo Aragão,Accounting Manager,Novaes da Prata,Brazil,Retail,Construction,2021-01-25,219102.87
YLZLQ,Moreira,Sr. Bento Marques,Sales Representative,Moreira dos Dourados,Brazil,Retail,Food & Beverage,2025-02-05,173396.6
NHMIJ,Graf GbR,Otfried Scheel,Marketing Manager,Tübingen,Germany,Corporate,Food & Beverage,2022-11-25,841999.69
AQIQW,Austermühle Juncken AG,Karl-Ernst Ditschlerin,Order Administrator,Wanzleben,Germany,Corporate,Hospitality,2024-04-30,181601.96
UUFIK,(주) 월드가온개발,이준서,VP of Purchasing,용인시,South Korea,Small Business,Technology,2023-06-16,111027.5
ZJZQV,Cummings Ltd,Corey King,Order Administrator,North Nancyshire,USA,Small Business,Transportation,2020-02-18,109908.75
XFUOZ,Gaillard,Marguerite Menard,Supply Chain Manager,Collin-sur-Rodrigues,France,Corporate,Construction,2020-06-03,342963.6
MWVBE,Williams-Dixon,Ann Adams,Sales Representative,Longton,UK,Corporate,Construction,2022-08-03,745330.67
VADDK,Burri GmbH,Laurence Häfliger,Accounting Manager,Stäfa,Switzerland,Small Business,Manufacturing,2024-01-16,50886.51
FCBQB,株式会社鈴木食品,高橋 康弘,Sales Associate,西多摩郡奥多摩町,Japan,Small Business,Retail,2018-04-14,62465.71
ZYCFW,Bouvet,Christiane Labbé,Marketing Manager,Garnier-les-Bains,France,Corporate,Agriculture,2018-12-04,281198.39
JEMXU,Lordan-Shanahan,Zach Colleneler,Marketing Manager,Connor Ville,Ireland,Small Business,Healthcare,2019-03-27,201049.86
ELQUK,Robinson Ltd,Jason Riley,Sales Associate,Rogersstad,Australia,Retail,Agriculture,2022-09-09,101208.08
ARIOA,Shetty-Korpal,Timothy Handa,Logistics Coordinator,Dibrugarh,India,Small Business,Agriculture,2020-04-21,146063.18
WTOIV,Smith-White,Angela Roberts,Owner,Lake Hollyview,UK,Retail,Education,2022-12-19,71041.91
ZTZLC,有限会社岡本情報,中村 学,VP of Purchasing,目黒区,Japan,Corporate,Transportation,2018-01-21,481389.57
SHYXU,Hochleitner & Frühwirth KG,Antonia Lehner-Paier,Procurement Specialist,Marchtrenk,Austria,Retail,Hospitality,2019-02-22,90150.5
QUCHL,Swamy-Gola,Atharv Thaker,Purchasing Manager,Udaipur,India,Retail,Construction,2021-07-01,88575.64
CAVXK,Ashley LLC,Sydney Gentry,Sales Representative,Steinshire,USA,Retail,Technology,2021-10-24,109908.01
